client_id,outflow_intensity,competitor_share,competitor_intensity,net_flow_ratio,recent_outflow_share,contributions_stopped,perf_spread_excess,fee_rate,fee_excess,tenure_years,sold_heavily,portfolio_value,age,churned,severity
C-00000,0.0419,0.0,0.0,0.1047,1.0,0,-0.0376,0.01068,0.00148,2.3,0,286500,32,0,0.067
C-00001,0.1102,0.0,0.0,-0.0456,0.5496,0,0.0499,0.00955,0.00035,4,0,594500,26,0,0.061
C-00002,0.1423,0.4609,0.0656,-0.1423,0.2957,1,-0.0215,0.01005,0.00085,2.8,1,404000,56,0,0.068
C-00003,0.1125,0.0,0.0,-0.1011,0.4296,0,-0.0013,0.00789,-0.00131,16.4,1,1893500,47,0,0.024
C-00004,0.017,0.0,0.0,-0.0099,0.5302,0,0.0439,0.00663,-0.00257,6.2,0,4380500,54,0,0.017
C-00005,0.1077,0.0,0.0,-0.0673,0.5729,0,0.0123,0.0099,0.0007,5.9,1,445500,63,0,0.0
C-00006,0.1656,0.56,0.0927,-0.1656,0.24,1,0.0117,0.011,0.0018,13.2,1,75500,50,1,0.476
C-00007,0.1304,0.0,0.0,-0.1304,0.1667,1,0.0293,0.011,0.0018,0.3,1,69000,75,1,0.065
C-00008,0.0722,0.0,0.0,-0.0722,0.0,1,0.0072,0.00969,0.00049,7.7,0,526500,35,0,0.05
C-00009,0.1543,0.0,0.0,-0.1277,0.2515,0,0.0481,0.00966,0.00046,2.3,0,541000,46,1,0.219
C-00010,0.07,0.0,0.0,0.014,0.9286,0,0.0331,0.011,0.0018,5,0,100000,27,0,0.059
C-00011,0.1009,0.0,0.0,-0.0667,0.2879,0,-0.0257,0.00914,-6e-05,0.3,0,981000,62,0,0.077
C-00012,0.0714,0.0,0.0,-0.0125,0.4688,0,-0.0034,0.011,0.0018,9.6,0,224000,33,0,0.056
C-00013,0.2303,0.4737,0.1091,-0.1067,0.3158,0,0.0406,0.00976,0.00056,7.3,0,495000,48,0,0.069
C-00014,0.2605,0.2688,0.07,-0.0992,0.6129,0,-0.0089,0.011,0.0018,0.7,1,178500,61,0,0.062
C-00015,0.1377,0.0,0.0,0.2164,0.7857,0,0.0134,0.011,0.0018,1.1,0,152500,60,0,0.091
C-00016,0.1656,0.6667,0.1104,-0.0773,0.0741,0,0.0178,0.011,0.0018,3.5,0,81500,30,1,0.629
C-00017,0.1183,0.0,0.0,-0.1183,0.6364,1,-0.0081,0.011,0.0018,0.8,0,46500,29,0,0.097
C-00018,0.0879,0.0,0.0,-0.061,0.0,0,-0.0178,0.00924,4e-05,4.8,0,848000,64,0,0.005
C-00019,0.1406,0.3879,0.0545,-0.0621,0.2931,0,-0.01,0.01002,0.00082,1.6,0,412500,31,0,0.104
C-00020,0.1053,0.0,0.0,-0.1053,0.6154,1,-0.0098,0.011,0.0018,3.9,1,123500,53,0,0.011
C-00021,0.3063,0.5862,0.1796,-0.2387,0.3218,0,0.0374,0.011,0.0018,0.3,1,142000,40,1,0.584
C-00022,0.1101,0.0,0.0,-0.1017,0.0,0,-0.0132,0.00804,-0.00116,7.7,1,1707000,72,0,0.049
C-00023,0.1769,0.1154,0.0204,0.019,0.3846,0,-0.0008,0.011,0.0018,2.2,0,73500,30,0,0.053
C-00024,0.1729,0.2004,0.0347,-0.1684,0.4528,0,-0.0057,0.00739,-0.00181,0.3,1,2943500,39,0,0.017
C-00025,0.1352,0.2593,0.0351,-0.0711,0.3704,0,0.0068,0.01059,0.00139,5.1,0,299500,63,0,0.003
C-00026,0.106,0.0,0.0,-0.106,0.3585,1,0.0057,0.011,0.0018,30,1,250000,70,1,0.338
C-00027,0.1053,0.0,0.0,0.0211,0.1429,0,-0.0069,0.011,0.0018,0.5,1,66500,47,0,0.083
C-00028,0.0594,0.0,0.0,-0.0031,0.0789,0,0.0043,0.01045,0.00125,11.8,0,320000,62,0,0.068
C-00029,0.087,0.375,0.0326,0.0174,0.125,0,-0.0042,0.011,0.0018,7.3,0,46000,33,0,0.017
C-00030,0.0373,0.0,0.0,-0.0373,0.0,1,0.051,0.01083,0.00163,13.9,1,268000,63,0,0.023
C-00031,0.0615,0.0,0.0,0.1046,0.75,0,0.005,0.011,0.0018,0.7,0,65000,35,0,0.036
C-00032,0.2879,0.8421,0.2424,-0.2061,0.2895,0,0.0413,0.011,0.0018,2.2,0,66000,56,1,0.58
C-00033,0.1698,0.0,0.0,-0.1698,0.7778,1,-0.0115,0.011,0.0018,5.4,0,79500,57,0,0.027
C-00034,0.1304,0.0,0.0,-0.097,0.3183,0,-0.0125,0.00813,-0.00107,11.6,0,1614000,42,0,0.082
C-00035,0.1531,0.0,0.0,-0.1163,0.2667,0,-0.0048,0.011,0.0018,8.3,0,196000,65,0,0.0
C-00036,0.0875,0.0,0.0,-0.0875,0.5769,1,-0.0067,0.011,0.0018,7.5,0,148500,60,0,0.008
C-00037,0.1266,0.0,0.0,-0.0476,0.1,0,-0.007,0.011,0.0018,5.9,0,197500,57,0,0.027
C-00038,0.1357,0.0,0.0,-0.1169,0.2469,0,0.0076,0.00738,-0.00182,6.4,1,2998500,44,0,0.027
C-00039,0.128,0.0,0.0,-0.0773,0.3301,0,-0.0106,0.01005,0.00085,4.2,0,402500,36,0,0.024
C-00040,0.0769,0.0,0.0,-0.0769,0.625,1,0.0395,0.011,0.0018,5.8,0,156000,33,0,0.063
C-00041,0.0762,0.0,0.0,-0.0663,0.0,0,0.0351,0.00744,-0.00176,1.3,1,2802500,54,0,0.0
C-00042,0.0993,0.4643,0.0461,0.0113,0.5714,0,0.0037,0.01072,0.00152,0.5,1,282000,29,0,0.06
C-00043,0.2632,0.8,0.2105,-0.2632,0.88,1,0.0519,0.011,0.0018,9.2,0,47500,70,0,0.072
C-00044,0.1196,0.0,0.0,-0.1196,0.0,1,0.0365,0.011,0.0018,8.6,0,92000,58,0,0.039
C-00045,0.4662,0.8627,0.4022,-0.4662,0.9098,1,0.0533,0.01079,0.00159,6.8,0,273500,68,1,0.58
C-00046,0.1207,0.0,0.0,-0.0278,0.1132,0,0.0183,0.011,0.0018,1.7,0,219500,57,0,0.079
C-00047,0.2775,0.3537,0.0981,-0.2085,0.3537,0,0.0053,0.01062,0.00142,1.8,1,295500,43,1,0.362
C-00048,0.1708,0.0,0.0,-0.1288,0.6838,0,-0.0013,0.01032,0.00112,4.8,0,342500,74,0,0.022
C-00049,0.1123,0.0,0.0,-0.11,0.3174,0,0.0383,0.00751,-0.00169,1.8,1,2609500,72,0,0.0
C-00050,0.0735,0.0,0.0,-0.0057,0.0,0,0.0034,0.00968,0.00048,4.0,0,530500,59,0,0.002
C-00051,0.0862,0.0,0.0,-0.0237,0.1887,0,-0.0153,0.01053,0.00133,6.0,0,307500,61,1,0.206
C-00052,0.0834,0.0,0.0,-0.0675,0.516,0,-0.0097,0.00883,-0.00037,0.8,0,1126500,40,0,0.032
C-00053,0.1762,0.2295,0.0404,-0.1623,0.3836,0,-0.0137,0.00922,2e-05,5.9,1,865500,60,0,0.005
C-00054,0.1486,0.4127,0.0613,-0.1486,0.1905,1,0.0386,0.011,0.0018,0.8,0,212000,48,0,0.079
C-00055,0.0574,0.0,0.0,-0.0574,0.4257,1,-0.0077,0.00921,1e-05,1.9,1,879500,52,0,0.004
C-00056,0.2587,0.2134,0.0552,-0.2322,0.5305,0,0.0114,0.01047,0.00127,0.3,0,317000,68,0,0.013
C-00057,0.0293,0.0,0.0,0.2197,1.0,0,-0.0133,0.011,0.0018,10.2,0,188000,49,0,0.029
C-00058,0.1667,0.0,0.0,-0.1667,0.6831,1,-0.0031,0.00837,-0.00083,1.8,0,1400500,35,0,0.033
C-00059,0.0287,0.0,0.0,0.1056,0.8,0,0.0039,0.01029,0.00109,7.4,0,348500,45,0,0.007
C-00060,0.1695,0.3816,0.0647,-0.1695,0.4737,1,0.0254,0.00989,0.00069,1.0,1,448500,47,1,0.521
C-00061,0.0705,0.0,0.0,-0.0441,0.375,0,-0.0031,0.011,0.0018,0.6,0,227000,69,0,0.064
C-00062,0.1789,0.6741,0.1206,-0.1365,0.6741,0,0.0407,0.00882,-0.00038,5.3,0,1132000,52,0,0.009
C-00063,0.1432,0.0,0.0,-0.1432,0.2222,1,0.0142,0.01016,0.00096,6.7,0,377000,70,0,0.01
C-00064,0.0617,0.0,0.0,-0.0149,0.4737,0,0.0062,0.011,0.0018,4.2,0,154000,29,0,0.024
C-00065,0.102,0.0,0.0,-0.102,0.2264,1,0.0059,0.0097,0.0005,2.8,1,519500,35,0,0.082
C-00066,0.0673,0.0,0.0,-0.0673,0.2222,1,0.0488,0.00807,-0.00113,0.6,1,1671500,69,0,0.027
C-00067,0.1067,0.5,0.0533,0.1813,0.0,0,-0.0199,0.011,0.0018,2.6,0,75000,44,0,0.076
C-00068,0.0615,0.0,0.0,-0.0171,0.1075,0,-0.005,0.00933,0.00013,1.4,0,756500,39,0,0.02
C-00069,0.2091,0.2727,0.057,-0.1817,0.5818,0,-0.0002,0.011,0.0018,7.8,1,131500,66,0,0.012
C-00070,0.0653,0.0,0.0,0.0131,0.2857,0,0.0151,0.011,0.0018,0.3,0,214500,71,0,0.032
C-00071,0.1118,0.0,0.0,-0.0755,0.0,0,0.0063,0.01039,0.00119,9.5,1,331000,45,0,0.116
C-00072,0.1058,0.0,0.0,0.5635,0.4091,0,0.0068,0.011,0.0018,1.1,0,104000,41,0,0.022
C-00073,0.1042,0.0,0.0,-0.1042,0.4122,1,0.0013,0.00835,-0.00085,4.3,0,1421000,33,0,0.061
C-00074,0.1489,0.5,0.0745,-0.0979,0.5,0,0.001,0.011,0.0018,15.8,0,47000,75,0,0.017
C-00075,0.0373,0.0,0.0,-0.028,0.1379,0,-0.0089,0.01011,0.00091,13.0,1,389000,75,0,0.08
C-00076,0.1329,0.0,0.0,-0.1329,0.375,1,0.0129,0.011,0.0018,4.1,0,150500,65,1,0.559
C-00077,0.1232,0.0,0.0,-0.0942,0.5948,0,0.0083,0.00951,0.00031,9.6,0,621000,65,0,0.06
C-00078,0.273,0.4382,0.1196,-0.273,0.5169,1,0.0454,0.011,0.0018,10.4,0,163000,70,0,0.065
C-00079,0.0465,0.0,0.0,-0.0279,0.5,0,-0.0097,0.011,0.0018,0.3,0,129000,73,0,0.018
C-00080,0.0702,0.0,0.0,0.0018,0.0,0,0.009,0.00842,-0.00078,0.3,1,1367000,43,0,0.02
C-00081,0.0897,0.0,0.0,-0.002,0.0,0,0.0013,0.011,0.0018,12,0,150500,34,0,0.026
C-00082,0.0596,0.0,0.0,0.0,0.0,0,0.0171,0.011,0.0018,0.3,0,201500,33,0,0.067
C-00083,0.0753,0.0,0.0,-0.0753,0.2857,1,0.0083,0.011,0.0018,0.6,0,46500,71,0,0.014
C-00084,0.2607,0.3818,0.0995,-0.2607,0.4545,1,0.0437,0.011,0.0018,11.0,0,105500,37,1,0.474
C-00085,0.1833,0.6444,0.1181,-0.1833,0.6444,1,-0.0062,0.011,0.0018,0.8,1,245500,69,0,0.033
C-00086,0.1273,0.0,0.0,-0.1136,0.0,0,0.0141,0.00992,0.00072,5.1,0,440000,65,0,0.001
C-00087,0.0953,0.0,0.0,-0.0489,0.4493,0,0.0083,0.01023,0.00103,3.1,1,362000,34,0,0.055
C-00088,0.0969,0.0,0.0,-0.0969,0.5094,1,0.032,0.01079,0.00159,7.1,1,273500,42,0,0.065
C-00089,0.1073,0.0,0.0,-0.0531,0.6316,0,0.005,0.011,0.0018,22.2,0,88500,57,0,0.08
C-00090,0.0486,0.0,0.0,0.1091,0.5882,0,0.0066,0.011,0.0018,5.8,1,175000,42,0,0.0
C-00091,0.0748,0.0,0.0,-0.0075,0.4375,0,-0.001,0.011,0.0018,5.1,0,107000,51,0,0.017
C-00092,0.1093,0.0,0.0,-0.0801,0.7222,0,0.0084,0.00958,0.00038,4.0,0,576500,36,0,0.072
C-00093,0.09,0.0,0.0,-0.0856,0.0,0,-0.0096,0.00927,7e-05,7.8,0,811000,35,0,0.013
C-00094,0.199,0.0,0.0,-0.0677,0.1,0,0.0011,0.011,0.0018,4.0,1,100500,32,0,0.079
C-00095,0.3646,0.8,0.2917,-0.3646,0.9143,1,0.0419,0.011,0.0018,3.5,0,48000,31,1,0.8
C-00096,0.0519,0.0,0.0,-0.003,0.0,0,-0.0005,0.01081,0.00161,5.8,0,270000,38,0,0.06
C-00097,0.176,0.0,0.0,-0.1612,0.5944,0,0.0239,0.00927,7e-05,0.8,1,812500,32,0,0.081
C-00098,0.0149,0.0,0.0,0.0291,0.3667,0,0.0449,0.0091,-0.0001,6.4,0,1009500,62,0,0.001
C-00099,0.3333,0.7551,0.2517,-0.3333,0.1633,1,0.049,0.011,0.0018,4.1,0,73500,37,1,0.52
C-00100,0.2682,0.5857,0.1571,-0.2682,0.5857,1,0.054,0.011,0.0018,11.5,0,130500,42,0,0.049
C-00101,0.1402,0.2609,0.0366,-0.0378,0.4348,0,0.005,0.011,0.0018,0.3,0,82000,32,0,0.002
C-00102,0.0471,0.0,0.0,0.0306,0.0,0,0.0018,0.011,0.0018,3.0,1,170000,47,0,0.005
C-00103,0.0806,0.0,0.0,-0.0681,1.0,0,-0.0012,0.00666,-0.00254,25.3,0,4297000,51,0,0.026
C-00104,0.0995,0.0,0.0,-0.0483,0.0,0,0.0349,0.01072,0.00152,12.8,1,281500,65,0,0.027
C-00105,0.2054,0.0,0.0,-0.2054,0.1887,1,0.0089,0.011,0.0018,3.5,0,129000,56,0,0.033
C-00106,0.21,0.0,0.0,-0.21,0.3651,1,0.0083,0.01058,0.00138,4.6,1,300000,71,0,0.089
C-00107,0.1562,0.0,0.0,-0.1455,0.3496,0,-0.0146,0.00779,-0.00141,4.8,0,2033000,69,0,0.053
C-00108,0.099,0.0,0.0,-0.099,0.7079,1,0.0115,0.00815,-0.00105,9.1,1,1591000,73,0,0.046
C-00109,0.1176,0.0,0.0,0.1849,0.4286,0,0.0016,0.011,0.0018,4.2,0,59500,68,0,0.045
C-00110,0.1633,0.0,0.0,-0.102,0.5,0,0.0101,0.011,0.0018,11,0,98000,33,0,0.008
C-00111,0.0685,0.0,0.0,-0.0432,0.6,0,0.0108,0.00982,0.00062,13.5,0,474500,67,0,0.032
C-00112,0.2032,0.3281,0.0667,-0.2032,0.3125,1,0.0482,0.011,0.0018,0.8,0,157500,54,0,0.052
C-00113,0.0385,0.0,0.0,0.1462,0.1667,0,-0.0082,0.011,0.0018,6.8,0,78000,75,0,0.085
C-00114,0.1543,0.0,0.0,-0.0529,0.0,0,0.0393,0.011,0.0018,3.2,0,181500,48,1,0.079
C-00115,0.1145,0.0,0.0,-0.1145,0.6,1,-0.0186,0.011,0.0018,6.0,0,65500,31,0,0.077
C-00116,0.0926,0.0,0.0,-0.0897,0.6189,0,-0.0013,0.00757,-0.00163,3.3,0,2450500,65,0,0.033
C-00117,0.0421,0.0,0.0,0.2863,0.0,0,0.0131,0.011,0.0018,3,0,47500,25,0,0.058
C-00118,0.2016,0.0,0.0,0.1147,0.3846,0,-0.0035,0.011,0.0018,4.1,0,64500,52,0,0.079
C-00119,0.2693,0.0,0.0,-0.2693,0.1915,1,-0.0165,0.011,0.0018,9,1,174500,31,0,0.026
C-00120,0.2565,0.2881,0.0739,-0.1626,0.9153,0,-0.0083,0.011,0.0018,3.8,0,115000,46,0,0.019
C-00121,0.0962,0.3421,0.0329,-0.0962,0.5789,1,0.0002,0.011,0.0018,5.4,1,197500,72,0,0.008
C-00122,0.0356,0.0,0.0,-0.0261,0.4074,0,-0.0008,0.00933,0.00013,12.3,0,757500,70,0,0.076
C-00123,0.072,0.0,0.0,0.0177,0.2885,0,-0.007,0.01023,0.00103,0.6,1,361000,44,0,0.066
C-00124,0.0511,0.0,0.0,-0.0084,0.6087,0,0.0165,0.011,0.0018,2.5,0,225000,59,0,0.084
C-00125,0.1161,0.0,0.0,-0.0232,0.6667,0,-0.0166,0.011,0.0018,3.2,0,168000,48,0,0.069
C-00126,0.2636,0.4904,0.1293,-0.2636,0.6309,1,0.0346,0.00941,0.00021,0.7,0,688500,46,0,0.096
C-00127,0.1181,0.0,0.0,-0.1181,0.5882,1,0.0046,0.011,0.0018,0.3,1,144000,66,0,0.058
C-00128,0.0422,0.0,0.0,-0.0322,0.0,0,0.0189,0.00936,0.00016,2.9,0,723000,66,0,0.007
C-00129,0.1932,0.0,0.0,-0.1728,0.7033,0,-0.0068,0.011,0.0018,0.3,0,235500,67,0,0.047
C-00130,0.0854,0.2418,0.0206,-0.0741,0.6703,0,-0.0013,0.00967,0.00047,4.8,0,533000,34,0,0.045
C-00131,0.07,0.0,0.0,-0.04,0.0,0,-0.0047,0.00893,-0.00027,0.3,0,1078500,41,0,0.061
C-00132,0.2836,0.5895,0.1672,-0.2119,0.7368,0,0.0486,0.011,0.0018,1.5,0,167500,67,1,0.641
C-00133,0.1217,0.4592,0.0559,-0.1066,0.8884,0,0.0335,0.00915,-5e-05,5.9,0,957500,52,0,0.017
C-00134,0.0521,0.0,0.0,0.1479,0.2,0,-0.0079,0.011,0.0018,2.9,1,48000,34,0,0.011
C-00135,0.0659,0.0,0.0,0.1714,0.5,0,-0.0155,0.011,0.0018,20.2,0,45500,66,0,0.0
C-00136,0.1299,0.3631,0.0472,-0.1229,0.0,0,0.0203,0.00941,0.00021,8.9,0,689000,73,0,0.04
C-00137,0.0611,0.0,0.0,-0.02,0.0,0,-0.0178,0.011,0.0018,0.9,1,204500,40,0,0.069
C-00138,0.0437,0.0,0.0,0.0192,0.2667,0,-0.0122,0.011,0.0018,16.8,0,171500,67,0,0.017
C-00139,0.1562,0.25,0.0391,-0.1562,0.65,1,0.0507,0.011,0.0018,2.7,0,64000,28,0,0.065
C-00140,0.2,0.3333,0.0667,-0.1657,0.2143,0,-0.0099,0.011,0.0018,2.7,0,105000,74,0,0.027
C-00141,0.0973,0.0,0.0,-0.0571,0.1328,0,-0.0136,0.00945,0.00025,7.3,0,658000,48,0,0.109
C-00142,0.0526,0.0,0.0,0.0774,0.0,0,-0.002,0.01043,0.00123,5.4,0,323000,37,0,0.041
C-00143,0.1339,0.0,0.0,-0.1155,0.2095,0,-0.0102,0.00817,-0.00103,13.2,0,1568500,60,0,0.068
C-00144,0.2147,0.5263,0.113,-0.0384,0.5263,0,-0.0099,0.011,0.0018,2.4,1,177000,62,1,0.485
C-00145,0.0758,0.0,0.0,-0.0354,0.1333,0,0.0048,0.0106,0.0014,1.4,0,297000,64,1,0.3
C-00146,0.1466,0.0,0.0,-0.1466,0.7023,1,-0.0099,0.00907,-0.00013,2.9,0,1019500,49,0,0.0
C-00147,0.2251,0.314,0.0707,-0.2251,0.2805,1,0.0332,0.00936,0.00016,22.9,0,728500,71,0,0.078
C-00148,0.1285,0.0,0.0,-0.1285,0.4839,1,0.0102,0.01023,0.00103,9.0,1,362000,65,0,0.055
C-00149,0.471,0.6979,0.3287,-0.471,0.4811,1,0.0547,0.00932,0.00012,15.8,1,759000,74,1,0.742
C-00150,0.2646,0.2752,0.0728,-0.2209,0.7339,0,0.0031,0.01002,0.00082,5.6,0,412000,74,0,0.004
C-00151,0.1813,0.0,0.0,-0.1669,0.6093,0,-0.0156,0.01,0.0008,6.2,1,416500,67,0,0.037
C-00152,0.1626,0.0,0.0,-0.1626,0.0,1,0.0409,0.00686,-0.00234,9.0,0,3838500,32,0,0.061
C-00153,0.0842,0.0,0.0,-0.0798,0.4565,0,-0.0131,0.00964,0.00044,4.9,0,546500,74,0,0.0
C-00154,0.2554,0.0,0.0,0.0967,0.5106,0,-0.0011,0.011,0.0018,3.5,1,92000,50,0,0.038
C-00155,0.2406,0.0,0.0,-0.0738,0.8889,0,-0.0274,0.011,0.0018,8,0,93500,30,0,0.103
C-00156,0.1585,0.4961,0.0786,-0.0287,0.6047,0,0.0277,0.01004,0.00084,12.1,0,407000,42,0,0.0
C-00157,0.1208,0.0,0.0,-0.1208,0.5556,1,-0.0053,0.011,0.0018,8.9,1,74500,58,0,0.071
C-00158,0.0929,0.0,0.0,-0.0647,0.0,0,-0.013,0.01014,0.00094,0.3,0,382000,35,0,0.065
C-00159,0.1187,0.0,0.0,-0.1187,0.05,1,0.0437,0.011,0.0018,4.7,0,168500,68,0,0.098
C-00160,0.1551,0.0,0.0,-0.1134,0.2727,0,0.0159,0.00986,0.00066,0.7,0,461000,46,1,0.223
C-00161,0.1746,0.3288,0.0574,-0.1172,0.4384,0,-0.01,0.011,0.0018,17.7,0,209000,48,0,0.002
C-00162,0.1221,0.0,0.0,0.0035,0.6667,0,0.0006,0.011,0.0018,2.7,0,86000,46,0,0.039
C-00163,0.1016,0.284,0.0289,-0.1016,0.5926,1,0.037,0.01007,0.00087,1.4,1,398500,35,1,0.416
C-00164,0.157,0.2386,0.0375,-0.1206,0.0,0,-0.0032,0.00962,0.00042,1.3,0,560500,42,0,0.014
C-00165,0.0445,0.0,0.0,-0.0445,0.208,1,0.0542,0.00753,-0.00167,17.5,0,2536500,61,0,0.08
C-00166,0.0446,0.0,0.0,0.0275,0.2692,0,0.0069,0.00957,0.00037,1.7,1,582500,26,0,0.089
C-00167,0.2036,0.2647,0.0539,-0.2036,0.1706,1,0.0361,0.01,0.0008,0.8,0,417500,48,0,0.012
C-00168,0.2529,0.3409,0.0862,-0.2529,0.5909,1,0.0183,0.011,0.0018,15.7,0,87000,72,0,0.059
C-00169,0.1469,0.0,0.0,-0.049,0.5556,0,-0.0027,0.011,0.0018,6.8,0,122500,30,0,0.059
C-00170,0.0461,0.0,0.0,0.0329,0.0,0,0.0108,0.011,0.0018,4.9,0,152000,46,0,0.029
C-00171,0.0591,0.0,0.0,0.0726,0.2143,0,-0.0051,0.011,0.0018,0.4,0,118500,38,0,0.056
C-00172,0.1909,0.2851,0.0544,-0.1909,0.2237,1,0.0032,0.0067,-0.0025,4.3,0,4180500,69,0,0.041
C-00173,0.1129,0.2857,0.0323,0.1426,0.3429,0,-0.0147,0.011,0.0018,1.9,0,155000,38,0,0.059
C-00174,0.1621,0.0,0.0,-0.1621,0.7037,1,0.037,0.00933,0.00013,4.9,0,749500,64,0,0.009
C-00175,0.0401,0.0,0.0,-0.0157,0.0,0,0.0115,0.00921,1e-05,5.6,0,885500,67,0,0.0
C-00176,0.1656,0.0,0.0,-0.1531,0.1811,0,0.0186,0.01013,0.00093,30,0,383500,70,0,0.045
C-00177,0.0947,0.0,0.0,-0.0947,0.437,1,0.039,0.00938,0.00018,0.3,0,712500,49,0,0.041
C-00178,0.1158,0.3636,0.0421,-0.1158,0.2727,1,0.0039,0.011,0.0018,2.7,1,47500,34,0,0.067
C-00179,0.1897,0.0,0.0,-0.1789,0.4343,0,-0.0045,0.0093,0.0001,4.0,0,783000,67,0,0.046
C-00180,0.1053,0.0,0.0,-0.0991,0.3644,0,0.0413,0.00773,-0.00147,0.5,0,2136500,45,0,0.043
C-00181,0.1754,0.6,0.1053,-0.1754,0.6333,1,0.0015,0.011,0.0018,2.6,1,85500,40,1,0.67
C-00182,0.0302,0.0,0.0,-0.0135,0.0,0,-0.0139,0.011,0.0018,5.1,0,215000,37,0,0.049
C-00183,0.1587,0.3253,0.0516,-0.122,0.3253,0,0.002,0.01089,0.00169,5.0,0,261500,60,1,0.185
C-00184,0.2686,0.1925,0.0517,-0.2585,0.3552,0,0.0536,0.00755,-0.00165,6.6,1,2494000,58,0,0.062
C-00185,0.0696,0.0,0.0,-0.0539,0.6118,0,0.0062,0.00952,0.00032,1.2,1,610500,64,0,0.038
C-00186,0.157,0.0,0.0,-0.1242,0.3261,0,-0.0157,0.011,0.0018,3.1,1,146500,68,0,0.057
C-00187,0.3498,0.7965,0.2786,-0.3498,0.0973,1,0.0501,0.011,0.0018,1.9,0,161500,60,1,0.84
C-00188,0.1273,0.0,0.0,-0.1273,0.2222,1,0.0038,0.01027,0.00107,0.3,0,353500,63,0,0.073
C-00189,0.0906,0.0,0.0,-0.0578,0.8302,0,0.0176,0.01064,0.00144,6.7,0,292500,67,0,0.068
C-00190,0.1924,0.2849,0.0548,-0.1895,0.246,0,0.0093,0.00573,-0.00347,2.0,0,9823500,59,1,0.574
C-00191,0.1493,0.6593,0.0985,-0.1148,0.6593,0,0.0075,0.00988,0.00068,8,1,452000,30,1,0.814
C-00192,0.2252,0.0,0.0,-0.2076,0.0,0,-0.007,0.0092,0.0,0.3,0,890500,34,0,0.096
C-00193,0.1047,0.0,0.0,-0.1047,0.4835,1,-0.0102,0.00649,-0.00271,1.6,0,4772500,53,0,0.011
C-00194,0.1451,0.0,0.0,-0.1008,0.0,0,0.0148,0.011,0.0018,7.0,0,189500,75,0,0.041
C-00195,0.1426,0.0,0.0,-0.1225,0.6209,0,-0.0023,0.00966,0.00046,2.2,1,536500,63,0,0.034
C-00196,0.0755,0.326,0.0246,-0.0755,0.0,1,0.0109,0.00825,-0.00095,9.5,0,1503500,41,0,0.035
C-00197,0.1321,0.4,0.0528,-0.0596,0.4,0,0.011,0.011,0.0018,1.6,0,132500,28,1,0.584
C-00198,0.224,0.3815,0.0855,-0.224,0.7005,1,0.0297,0.00771,-0.00149,2.2,0,2176500,56,1,0.05
C-00199,0.1068,0.0,0.0,-0.1041,0.8726,0,0.0,0.00748,-0.00172,2.2,0,2683500,67,0,0.068
C-00200,0.2528,0.4298,0.1086,-0.2528,0.7281,1,0.0149,0.011,0.0018,2.2,0,225500,62,0,0.025
C-00201,0.0581,0.0,0.0,-0.0201,0.0727,0,0.0133,0.00982,0.00062,1.9,0,473500,62,0,0.005
C-00202,0.0638,0.0,0.0,-0.0638,0.9167,1,0.0019,0.011,0.0018,1.4,0,94000,72,1,0.355
C-00203,0.1873,0.0,0.0,0.157,0.4043,0,-0.0074,0.011,0.0018,3.8,0,125500,42,0,0.048
C-00204,0.1018,0.0,0.0,-0.1018,1.0,1,0.0342,0.011,0.0018,2.6,0,137500,69,0,0.0
C-00205,0.2119,0.4219,0.0894,-0.1722,0.5625,0,0.0397,0.011,0.0018,4.2,0,151000,32,0,0.056
C-00206,0.3855,0.2708,0.1044,-0.3855,0.1875,1,0.0513,0.011,0.0018,2.9,1,124500,56,1,0.298
C-00207,0.2452,0.165,0.0405,-0.1595,0.7282,0,0.0125,0.011,0.0018,5.2,0,210000,33,0,0.034
C-00208,0.0539,0.0,0.0,-0.0463,0.0,0,-0.0055,0.00777,-0.00143,6.6,1,2060500,46,0,0.044
C-00209,0.047,0.0,0.0,0.0306,0.2857,0,-0.0012,0.00926,6e-05,5.2,1,820000,45,0,0.1
C-00210,0.0345,0.0,0.0,-0.0345,0.0,1,-0.0015,0.00948,0.00028,2.7,0,637500,36,0,0.061
C-00211,0.0455,0.0,0.0,0.1618,0.0,0,-0.0075,0.011,0.0018,2.1,0,110000,29,0,0.085
C-00212,0.086,0.0,0.0,0.1075,0.5,0,-0.0231,0.011,0.0018,8.5,0,93000,43,0,0.029
C-00213,0.1517,0.0,0.0,-0.1141,0.6387,0,-0.0067,0.00972,0.00052,8.6,0,511000,61,0,0.052
C-00214,0.0639,0.0,0.0,-0.0639,0.0,1,0.0077,0.00954,0.00034,4.6,1,602500,59,0,0.078
C-00215,0.1023,0.0,0.0,-0.0848,0.9167,0,-0.0071,0.01002,0.00082,2.3,0,410500,27,0,0.052
C-00216,0.0882,0.614,0.0542,-0.0548,0.0877,0,0.0017,0.01043,0.00123,9.8,0,323000,62,0,0.027
C-00217,0.0763,0.0,0.0,-0.0763,0.0,1,0.0049,0.01053,0.00133,8.6,0,308000,34,0,0.044
C-00218,0.1458,0.0,0.0,0.0292,0.3571,0,0.0154,0.011,0.0018,7.6,0,48000,32,0,0.036
C-00219,0.157,0.0,0.0,-0.1472,0.776,0,-0.0025,0.00952,0.00032,0.3,0,611500,31,0,0.02
C-00220,0.1592,0.0,0.0,-0.1053,0.0,0,0.0058,0.00857,-0.00063,4.3,0,1269000,58,0,0.011
C-00221,0.4208,0.6494,0.2732,-0.4208,0.5455,1,0.0055,0.011,0.0018,5.2,1,91500,40,1,0.44
C-00222,0.2447,0.3043,0.0745,-0.2447,0.4348,1,-0.0078,0.011,0.0018,5,1,47000,27,1,0.403
C-00223,0.1587,0.2448,0.0388,-0.117,0.3021,0,-0.0164,0.00953,0.00033,0.4,0,605000,37,0,0.019
C-00224,0.0773,0.0,0.0,-0.0645,0.1437,0,-0.0045,0.00904,-0.00016,0.3,0,1035500,49,0,0.05
C-00225,0.1007,0.0,0.0,-0.1007,0.56,1,0.0017,0.01018,0.00098,0.3,1,372500,66,1,0.342
C-00226,0.1284,0.0,0.0,-0.1181,0.4719,0,-0.0011,0.00729,-0.00191,8.2,0,3118000,48,0,0.021
C-00227,0.2371,0.1745,0.0414,-0.2371,0.7709,1,-0.0016,0.00958,0.00038,30,0,580000,55,0,0.082
C-00228,0.1307,0.0,0.0,-0.0969,0.4118,0,0.0178,0.0093,0.0001,5.6,0,780500,75,0,0.072
C-00229,0.2297,0.1615,0.0371,-0.1576,0.2231,0,-0.0179,0.01071,0.00151,2.9,1,283000,30,0,0.069
C-00230,0.0526,0.0,0.0,0.0989,0.2,0,0.0046,0.011,0.0018,3,1,47500,25,0,0.045
C-00231,0.0744,0.0,0.0,-0.0674,0.1016,0,0.0035,0.00778,-0.00142,4.1,1,2049000,62,0,0.054
C-00232,0.0911,0.0,0.0,-0.0599,0.6735,0,-0.0032,0.01082,0.00162,3.3,0,269000,58,0,0.0
C-00233,0.0629,0.0,0.0,0.0825,0.6296,0,-0.001,0.011,0.0018,1.2,1,214500,62,0,0.04
C-00234,0.0475,0.0,0.0,-0.0264,0.0,0,0.0092,0.00941,0.00021,2.3,0,684500,67,0,0.078
C-00235,0.2286,0.3958,0.0905,-0.1143,0.1458,0,-0.002,0.011,0.0018,3.1,0,105000,45,0,0.007
C-00236,0.1278,0.0,0.0,-0.1278,0.7059,1,0.0284,0.011,0.0018,5.5,0,133000,42,0,0.053
C-00237,0.1582,0.2844,0.045,-0.1373,0.2844,0,-0.0067,0.01031,0.00111,0.3,0,344500,70,0,0.0
C-00238,0.0435,0.0,0.0,-0.0317,0.2264,0,0.0035,0.00953,0.00033,19.0,0,608500,75,0,0.035
C-00239,0.2205,0.7857,0.1732,0.1732,0.4643,0,0.0434,0.011,0.0018,0.3,0,63500,28,1,0.667
C-00240,0.1327,0.0,0.0,-0.1327,0.4971,1,0.007,0.00946,0.00026,5.5,0,652000,65,0,0.07
C-00241,0.0247,0.0,0.0,0.1214,0.8,0,-0.0094,0.01056,0.00136,1.4,1,304000,39,0,0.029
C-00242,0.2367,0.2769,0.0655,-0.2367,0.524,1,-0.0029,0.00918,-2e-05,3.7,1,923000,72,1,0.294
C-00243,0.1076,0.0,0.0,-0.0841,0.5795,0,-0.0019,0.01003,0.00083,5.5,0,409000,48,0,0.032
C-00244,0.1127,0.2609,0.0294,-0.0422,0.4783,0,-0.0203,0.011,0.0018,20,0,102000,42,0,0.021
C-00245,0.1492,0.0,0.0,-0.1492,0.196,1,-0.0127,0.0091,-0.0001,11.6,0,1008500,48,0,0.066
C-00246,0.0938,0.0,0.0,-0.0938,0.2222,1,0.0048,0.011,0.0018,6.2,0,48000,38,0,0.024
C-00247,0.283,0.2667,0.0755,-0.2377,0.6167,0,0.0157,0.011,0.0018,11.3,0,106000,70,0,0.018
C-00248,0.043,0.0,0.0,-0.0134,0.3861,0,-0.0036,0.00873,-0.00047,0.7,0,1175000,42,0,0.063
C-00249,0.198,0.0,0.0,-0.198,0.3037,1,0.0302,0.00812,-0.00108,1.9,0,1621500,68,1,0.066
C-00250,0.1032,0.0,0.0,-0.0178,0.0,0,-0.0147,0.01072,0.00152,17.8,0,281000,40,0,0.068
C-00251,0.1694,0.0,0.0,-0.1613,0.6742,0,0.0073,0.00873,-0.00047,1.1,1,1177500,65,0,0.032
C-00252,0.0945,0.0,0.0,-0.0154,0.8605,0,-0.0123,0.011,0.0018,3.5,0,227500,65,0,0.049
C-00253,0.2139,0.3701,0.0792,-0.1781,0.3565,0,0.0278,0.00841,-0.00079,8.2,0,1377000,63,0,0.067
C-00254,0.1877,0.7431,0.1395,-0.1636,0.0,0,0.0492,0.00922,2e-05,1.1,0,871000,43,1,0.61
C-00255,0.29,0.7323,0.2123,-0.29,0.5276,1,0.0329,0.011,0.0018,7.8,0,219000,32,1,0.773
C-00256,0.1215,0.0,0.0,-0.0901,0.6462,0,-0.004,0.00967,0.00047,13.1,1,535000,49,0,0.05
C-00257,0.014,0.0,0.0,0.0017,0.0,0,-0.0116,0.00807,-0.00113,1.3,0,1673000,64,0,0.072
C-00258,0.4719,0.5121,0.2417,-0.4719,0.2086,1,0.0502,0.0096,0.0004,3.8,0,569000,67,0,0.055
C-00259,0.0974,0.0,0.0,-0.0974,0.2105,1,0.0046,0.011,0.0018,8.3,0,97500,57,0,0.068
C-00260,0.0916,0.0,0.0,-0.0733,0.1458,0,-0.0022,0.01089,0.00169,7,1,262000,29,0,0.0
C-00261,0.0601,0.0,0.0,0.1146,0.2632,0,-0.013,0.011,0.0018,1.7,0,158000,25,0,0.02
C-00262,0.1351,0.2589,0.035,-0.1235,0.3929,0,0.0051,0.01001,0.00081,9.6,1,414500,73,0,0.083
C-00263,0.163,0.0,0.0,-0.1109,0.0,0,-0.0005,0.011,0.0018,2.1,1,46000,67,0,0.105
C-00264,0.1047,0.0,0.0,-0.0748,0.5952,0,-0.0035,0.011,0.0018,3.7,0,200500,72,1,0.512
C-00265,0.1026,0.5814,0.0597,-0.0511,0.3023,0,0.002,0.011,0.0018,12.0,0,209500,55,0,0.065
C-00266,0.1702,0.0,0.0,-0.077,0.3689,0,-0.0013,0.00953,0.00033,6.0,1,605000,60,0,0.038
C-00267,0.1481,0.0,0.0,-0.1375,0.5584,0,0.0277,0.0097,0.0005,0.3,1,520000,36,0,0.081
C-00268,0.1435,0.0,0.0,-0.1302,0.4491,0,-0.0118,0.00913,-7e-05,5.5,0,993000,72,1,0.05
C-00269,0.0939,0.0,0.0,-0.0505,1.0,0,-0.0045,0.00958,0.00038,2.1,0,580500,61,0,0.036
C-00270,0.065,0.0,0.0,0.0228,1.0,0,-0.0012,0.011,0.0018,0.5,0,123000,32,0,0.086
C-00271,0.0891,0.0,0.0,-0.0698,0.9097,0,0.0122,0.00927,7e-05,15.6,0,808000,50,0,0.046
C-00272,0.0963,0.0,0.0,-0.0862,1.0,0,-0.0043,0.00746,-0.00174,14.9,1,2731500,75,0,0.007
C-00273,0.1146,0.0,0.0,-0.1046,0.0,0,-0.0025,0.00895,-0.00025,0.9,1,1073000,74,0,0.084
C-00274,0.3275,0.3951,0.1294,-0.3252,0.2445,0,0.054,0.00581,-0.00339,0.8,1,8785000,61,1,0.605
C-00275,0.0331,0.0,0.0,0.0066,0.0,0,0.0233,0.011,0.0018,7.2,0,181500,75,0,0.045
C-00276,0.0858,0.0,0.0,-0.0387,0.0571,0,0.0044,0.011,0.0018,4,0,204000,26,0,0.016
C-00277,0.058,0.0,0.0,-0.058,0.0,1,-0.0035,0.011,0.0018,10.3,0,112000,66,0,0.0
C-00278,0.0776,0.0,0.0,-0.0209,0.0,0,0.0106,0.00884,-0.00036,7.8,0,1121000,54,0,0.0
C-00279,0.3175,0.76,0.2413,-0.1727,0.67,0,0.0398,0.011,0.0018,5,0,157500,27,1,0.85
C-00280,0.1915,0.0,0.0,-0.1404,0.3889,0,0.0025,0.011,0.0018,19.7,0,47000,72,0,0.034
C-00281,0.0405,0.0,0.0,-0.0405,0.5303,1,0.0436,0.00927,7e-05,0.6,0,814000,71,0,0.036
C-00282,0.1467,0.0,0.0,-0.1202,0.2581,0,0.0146,0.01047,0.00127,4.6,0,317000,40,0,0.038
C-00283,0.0823,0.0,0.0,-0.0638,0.4062,0,0.0077,0.011,0.0018,2.2,1,194500,74,0,0.042
C-00284,0.1158,0.0,0.0,-0.0822,0.6694,0,0.0051,0.00967,0.00047,14.3,1,535500,44,0,0.0
C-00285,0.2673,0.346,0.0925,-0.2306,0.7492,0,0.0335,0.00873,-0.00047,3.2,0,1178500,56,1,0.278
C-00286,0.0976,0.0,0.0,0.1205,0.4483,0,-0.0075,0.011,0.0018,2.3,0,148500,39,0,0.045
C-00287,0.0877,0.0,0.0,-0.0712,0.2316,0,0.0398,0.00656,-0.00264,5.3,1,4576000,63,0,0.034
C-00288,0.1156,0.0,0.0,-0.074,0.0,0,-0.0075,0.011,0.0018,1.2,0,86500,67,0,0.099
C-00289,0.1026,0.2,0.0205,-0.0133,0.0,0,0.0043,0.0101,0.0009,1.9,1,390000,36,0,0.005
C-00290,0.1256,0.0,0.0,-0.0635,0.0686,0,-0.0066,0.01004,0.00084,4.2,0,406000,40,1,0.05
C-00291,0.0225,0.0,0.0,0.0235,0.0,0,-0.008,0.00954,0.00034,26.4,1,601000,50,0,0.032
C-00292,0.56,0.881,0.4933,-0.56,0.4603,1,0.0514,0.011,0.0018,1.6,1,112500,37,1,0.513
C-00293,0.0958,0.0,0.0,-0.024,0.5625,0,0.0002,0.011,0.0018,1.2,0,83500,45,0,0.007
C-00294,0.101,0.0,0.0,-0.101,0.1765,1,0.0196,0.00858,-0.00062,0.9,1,1263000,51,0,0.032
C-00295,0.086,0.0,0.0,0.3011,0.125,0,0.0103,0.011,0.0018,1.0,0,46500,44,0,0.067
C-00296,0.0094,0.0,0.0,0.0131,1.0,0,-0.0,0.011,0.0018,2.5,0,213000,35,0,0.067
C-00297,0.2282,0.0,0.0,-0.2025,0.5195,0,0.0088,0.00961,0.00041,1.5,1,561000,59,0,0.0
C-00298,0.1111,0.0,0.0,-0.1111,0.1667,1,0.0074,0.011,0.0018,0.5,1,54000,74,0,0.061
C-00299,0.071,0.0,0.0,-0.0613,1.0,0,0.0464,0.00863,-0.00057,3,0,1232500,25,0,0.038
C-00300,0.0417,0.0,0.0,-0.0186,0.1538,0,0.0159,0.011,0.0018,5.2,1,156000,75,0,0.043
C-00301,0.1328,0.0,0.0,-0.0723,0.5754,0,-0.0163,0.00943,0.00023,10.1,0,674000,60,0,0.057
C-00302,0.2007,0.1552,0.0311,-0.1841,0.6466,0,-0.0157,0.01066,0.00146,7.8,1,289000,69,0,0.026
C-00303,0.1105,0.0,0.0,-0.0991,0.262,0,0.0098,0.00805,-0.00115,6.1,0,1693000,65,0,0.0
C-00304,0.1777,0.2074,0.0368,-0.156,0.1129,0,0.0011,0.00865,-0.00055,20.9,0,1221500,61,0,0.016
C-00305,0.1279,0.0,0.0,0.0379,0.0,0,-0.0149,0.011,0.0018,5.4,1,195500,48,0,0.062
C-00306,0.0833,0.0,0.0,-0.0833,0.0,1,-0.0084,0.011,0.0018,1.4,0,78000,47,0,0.035
C-00307,0.0421,0.0,0.0,-0.0421,0.0,1,0.03,0.011,0.0018,14.7,0,47500,70,0,0.088
C-00308,0.0488,0.0,0.0,-0.0115,0.2273,0,-0.006,0.00989,0.00069,7.0,0,451000,55,0,0.005
C-00309,0.1754,0.0,0.0,-0.1403,0.0,0,-0.0142,0.011,0.0018,0.3,1,239500,40,0,0.004
C-00310,0.1773,0.0,0.0,0.0828,0.0833,0,-0.0072,0.011,0.0018,1.3,0,101500,58,0,0.0
C-00311,0.2283,0.3032,0.0692,-0.1859,0.2065,0,-0.0172,0.01034,0.00114,2.1,1,339500,42,0,0.067
C-00312,0.2115,0.3788,0.0801,-0.2013,0.7626,0,0.0097,0.00984,0.00064,5.7,0,468000,43,0,0.009
C-00313,0.2041,0.8,0.1633,-0.1224,0.95,0,0.0513,0.011,0.0018,1.4,0,49000,31,1,0.511
C-00314,0.2015,0.0,0.0,-0.1481,0.5221,0,-0.0183,0.01035,0.00115,11.6,1,337500,61,0,0.05
C-00315,0.1278,0.0,0.0,-0.1219,0.2051,0,0.0065,0.00757,-0.00163,4.9,0,2461500,61,0,0.078
C-00316,0.0992,0.4746,0.0471,-0.0992,0.4746,1,0.0258,0.0106,0.0014,8.0,0,297500,71,0,0.0
C-00317,0.1474,0.0,0.0,-0.0828,0.9327,0,-0.015,0.00939,0.00019,11.2,0,705500,45,0,0.0
C-00318,0.0357,0.0,0.0,0.0214,1.0,0,0.0308,0.011,0.0018,10.8,0,210000,71,0,0.0
C-00319,0.0337,0.0,0.0,-0.0067,0.6944,0,0.036,0.00967,0.00047,0.5,0,534500,51,0,0.037
C-00320,0.1791,0.6557,0.1175,-0.1791,0.3033,1,0.0004,0.01034,0.00114,10.0,1,340500,61,1,0.327
C-00321,0.1248,0.0,0.0,-0.1248,0.4082,1,0.0113,0.0093,0.0001,3.2,0,785000,59,0,0.047
C-00322,0.1433,0.1591,0.0228,-0.1433,0.4091,1,0.0102,0.011,0.0018,5.4,0,153500,47,0,0.021
C-00323,0.1846,0.0,0.0,-0.1821,0.8041,0,0.0025,0.00831,-0.00089,4.2,1,1452000,74,0,0.008
C-00324,0.2096,0.3429,0.0719,-0.0946,0.2857,0,0.0093,0.011,0.0018,0.5,0,83500,26,0,0.045
C-00325,0.3026,0.592,0.1791,-0.2706,0.3448,0,0.0389,0.01067,0.00147,7.4,1,287500,58,1,0.552
C-00326,0.1365,0.0,0.0,-0.0809,0.6792,0,0.0011,0.00957,0.00037,6.6,0,582500,63,0,0.056
C-00327,0.1194,0.0,0.0,-0.0836,0.6667,0,0.0058,0.011,0.0018,0.3,0,201000,47,0,0.042
C-00328,0.1942,0.0,0.0,-0.1424,0.2222,0,-0.0139,0.011,0.0018,0.9,0,139000,50,0,0.049
C-00329,0.0807,0.0,0.0,0.042,1.0,0,0.0069,0.00962,0.00042,7.7,0,557500,49,0,0.033
C-00330,0.0673,0.0,0.0,-0.0135,0.0667,0,-0.0089,0.011,0.0018,4.5,1,111500,30,0,0.0
C-00331,0.1288,0.0,0.0,-0.1288,0.0,1,-0.0075,0.00968,0.00048,0.9,1,528000,63,0,0.024
C-00332,0.1959,0.0,0.0,-0.0474,0.6842,0,0.0369,0.011,0.0018,27.6,1,48500,67,1,0.221
C-00333,0.0704,0.0,0.0,-0.0296,0.7586,0,0.0078,0.01002,0.00082,2.3,0,412000,70,1,0.086
C-00334,0.097,0.0,0.0,-0.0853,0.4,0,0.0185,0.00937,0.00017,8.1,0,722000,73,0,0.012
C-00335,0.1462,0.0,0.0,-0.0824,0.6591,0,0.0004,0.011,0.0018,7.2,0,150500,66,0,0.014
C-00336,0.1879,0.6071,0.1141,-0.1879,0.1429,1,0.026,0.011,0.0018,0.4,0,74500,33,1,0.346
C-00337,0.0862,0.0,0.0,0.0212,0.0,0,0.005,0.01057,0.00137,3.9,0,301500,40,0,0.028
C-00338,0.0265,0.0,0.0,0.0025,0.0,0,-0.0043,0.00894,-0.00026,0.7,0,1074500,49,0,0.071
C-00339,0.1235,0.0,0.0,-0.0468,0.4706,0,0.0041,0.01032,0.00112,9.4,1,344000,62,0,0.044
C-00340,0.213,0.4787,0.102,-0.2066,0.8936,0,0.0401,0.00848,-0.00072,2.1,0,1324000,68,0,0.055
C-00341,0.3214,0.9167,0.2946,-0.3214,0.0556,1,0.0439,0.011,0.0018,9,0,168000,31,1,0.866
C-00342,0.0272,0.0,0.0,0.0511,0.7,0,-0.0165,0.011,0.0018,2.5,0,184000,26,0,0.0
C-00343,0.2316,0.1573,0.0364,-0.2316,0.08,1,0.0076,0.00927,7e-05,3.2,0,809500,74,0,0.056
C-00344,0.2633,0.0,0.0,-0.2539,0.6812,0,-0.0003,0.00771,-0.00149,1.8,1,2174500,27,0,0.031
C-00345,0.1315,0.0,0.0,-0.0966,0.7103,0,0.0003,0.00963,0.00043,0.3,0,551500,39,1,0.311
C-00346,0.1967,0.6596,0.1297,0.1247,0.8085,0,-0.0006,0.011,0.0018,5.2,1,119500,30,0,0.031
C-00347,0.1589,0.0,0.0,0.3497,0.7083,0,-0.037,0.011,0.0018,1.2,0,75500,55,0,0.086
C-00348,0.1545,0.0,0.0,-0.1545,0.4737,1,0.0025,0.011,0.0018,2.2,1,61500,45,0,0.059
C-00349,0.0962,0.0,0.0,-0.0822,0.5265,0,-0.0097,0.00841,-0.00079,2.1,1,1372500,49,0,0.078
C-00350,0.2687,0.1302,0.035,-0.2477,0.1814,0,0.008,0.01006,0.00086,4.8,0,400000,65,0,0.04
C-00351,0.075,0.0,0.0,-0.0724,0.4326,0,0.0381,0.00574,-0.00346,20.8,0,9691500,56,0,0.073
C-00352,0.066,0.0,0.0,-0.0185,1.0,0,0.0008,0.01056,0.00136,3.6,0,303000,52,0,0.039
C-00353,0.1641,0.2027,0.0333,-0.0834,0.2027,0,0.0422,0.011,0.0018,3.8,0,225500,38,0,0.029
C-00354,0.1066,0.0,0.0,-0.0767,0.2611,0,0.0065,0.00924,4e-05,1.8,0,844500,61,0,0.0
C-00355,0.0941,0.0,0.0,-0.0941,0.6512,1,-0.0113,0.011,0.0018,4.7,1,228500,42,0,0.048
C-00356,0.1157,0.0,0.0,-0.0997,0.0,0,0.0032,0.00785,-0.00135,1.4,1,1944500,61,0,0.058
C-00357,0.0891,0.0,0.0,-0.0891,1.0,1,0.0003,0.00761,-0.00159,8.3,0,2357000,49,0,0.06
C-00358,0.1002,0.0,0.0,-0.1002,0.5612,1,-0.0048,0.00978,0.00058,11.6,0,489000,69,0,0.084
C-00359,0.1485,0.0,0.0,0.3022,0.2647,0,-0.0006,0.011,0.0018,2.7,0,114500,36,0,0.075
C-00360,0.0571,0.0,0.0,0.0886,0.0,0,0.004,0.01073,0.00153,2.6,1,280000,47,0,0.042
C-00361,0.0753,0.0,0.0,0.1806,1.0,0,0.0445,0.011,0.0018,4.0,1,46500,56,0,0.104
C-00362,0.1059,0.0,0.0,-0.0964,0.4232,0,-0.0005,0.0084,-0.0008,5.6,0,1383000,46,0,0.047
C-00363,0.131,0.0,0.0,-0.1191,0.7862,0,0.0379,0.00953,0.00033,23.1,0,607000,46,0,0.056
C-00364,0.0768,0.0,0.0,-0.0491,0.4,0,-0.0019,0.0109,0.0017,7.8,0,260500,33,1,0.336
C-00365,0.198,0.0,0.0,-0.198,0.5353,1,0.0029,0.00953,0.00033,11.1,1,608500,57,0,0.108
C-00366,0.1436,0.0,0.0,-0.1436,0.2857,1,-0.0112,0.011,0.0018,5.6,1,97500,75,1,0.286
C-00367,0.0548,0.0,0.0,-0.0548,0.6761,1,0.0081,0.00647,-0.00273,8.5,0,4842000,73,0,0.038
C-00368,0.0245,0.0,0.0,-0.0194,1.0,0,-0.0112,0.00752,-0.00168,2.8,0,2569500,44,0,0.062
C-00369,0.0482,0.0,0.0,-0.0482,0.0,1,0.0272,0.00971,0.00051,5.6,0,518500,64,0,0.0
C-00370,0.1228,0.1613,0.0198,-0.061,0.5,0,-0.0025,0.01098,0.00178,8,0,252500,30,0,0.146
C-00371,0.086,0.0,0.0,-0.0401,0.3333,0,0.0095,0.011,0.0018,15.5,0,157000,73,0,0.007
C-00372,0.1505,0.0,0.0,-0.0473,0.2857,0,0.0449,0.011,0.0018,13.8,0,46500,58,0,0.072
C-00373,0.1442,0.0,0.0,-0.138,0.1556,0,-0.023,0.00843,-0.00077,25.3,1,1359500,69,0,0.042
C-00374,0.1915,0.0,0.0,-0.1915,0.2778,1,0.0121,0.011,0.0018,5.5,0,47000,39,0,0.049
C-00375,0.0593,0.0,0.0,0.1542,0.4091,0,-0.0058,0.011,0.0018,6.6,0,185500,64,0,0.047
C-00376,0.111,0.0,0.0,-0.0735,0.3906,0,0.0014,0.00958,0.00038,0.8,0,576500,57,0,0.038
C-00377,0.0694,0.0,0.0,-0.0464,0.0884,0,0.0061,0.00851,-0.00069,8.7,0,1303500,54,0,0.063
C-00378,0.377,0.8522,0.3213,-0.377,1.0,1,0.0541,0.011,0.0018,5.1,1,152500,68,1,0.81
C-00379,0.0722,0.0,0.0,0.0278,0.7692,0,-0.0016,0.011,0.0018,2.0,0,180000,36,0,0.0
C-00380,0.0882,0.0,0.0,-0.0882,0.1111,1,0.0131,0.011,0.0018,3.1,0,51000,27,0,0.071
C-00381,0.1238,0.0,0.0,-0.1124,0.3558,0,-0.0075,0.00999,0.00079,7.6,0,420000,33,0,0.0
C-00382,0.1141,0.0,0.0,-0.0466,0.2877,0,-0.0113,0.01045,0.00125,5.4,0,320000,44,0,0.0
C-00383,0.0438,0.0,0.0,-0.0254,0.0,0,-0.0121,0.00987,0.00067,0.3,0,456500,35,0,0.108
C-00384,0.382,0.632,0.2414,-0.382,0.3328,1,0.0358,0.00797,-0.00123,12.4,1,1785500,57,0,0.043
C-00385,0.0585,0.0,0.0,-0.0318,0.619,0,0.0123,0.011,0.0018,2.2,0,179500,68,0,0.064
C-00386,0.0997,0.0,0.0,0.0017,0.3051,0,-0.0196,0.01061,0.00141,15.7,0,296000,48,0,0.017
C-00387,0.0924,0.0,0.0,-0.0924,0.5758,1,-0.005,0.011,0.0018,15.7,1,178500,52,0,0.058
C-00388,0.1675,0.8421,0.141,-0.1614,0.1316,0,0.0477,0.0086,-0.0006,0.7,1,1248000,55,1,0.966
C-00389,0.0723,0.0,0.0,-0.0525,0.2,0,-0.0059,0.011,0.0018,13.3,0,242000,44,0,0.078
C-00390,0.2268,0.2727,0.0619,-0.0289,0.5909,0,0.0117,0.011,0.0018,4.5,1,48500,30,0,0.043
C-00391,0.1389,0.0,0.0,-0.0635,0.2774,0,-0.0077,0.00977,0.00057,0.4,0,493000,63,0,0.06
C-00392,0.2694,0.625,0.1684,-0.2694,0.0,1,0.05,0.011,0.0018,8,0,193000,30,1,0.397
C-00393,0.0441,0.0,0.0,-0.0147,0.0,0,0.0031,0.011,0.0018,2.0,0,204000,34,0,0.033
C-00394,0.1368,0.0,0.0,-0.1368,0.2308,1,0.0274,0.011,0.0018,2.0,0,47500,31,1,0.267
C-00395,0.0686,0.0,0.0,-0.021,0.0,0,0.0005,0.01041,0.00121,29,1,328000,51,0,0.025
C-00396,0.0691,0.0,0.0,-0.0691,0.4348,1,0.0049,0.01038,0.00118,9.0,0,333000,65,0,0.047
C-00397,0.134,0.0,0.0,-0.134,0.1538,1,0.0257,0.011,0.0018,3,1,48500,25,0,0.065
C-00398,0.1014,0.0,0.0,-0.0925,0.4404,0,0.0009,0.00966,0.00046,15.4,0,537500,70,0,0.04
C-00399,0.0625,0.0,0.0,-0.0256,0.6557,0,0.0112,0.00978,0.00058,8.4,1,488000,45,0,0.047
C-00400,0.251,0.4621,0.116,-0.251,0.4242,1,0.038,0.01088,0.00168,2.3,0,263000,42,1,0.456
C-00401,0.1243,0.0,0.0,-0.0901,0.4759,0,0.026,0.00944,0.00024,2.7,0,668000,39,1,0.093
C-00402,0.0343,0.0,0.0,-0.0275,0.0,0,0.0297,0.00798,-0.00122,0.4,1,1779500,66,0,0.0
C-00403,0.0524,0.0,0.0,-0.041,0.6364,0,0.0001,0.00999,0.00079,4.4,0,420000,39,0,0.024
C-00404,0.0959,0.0,0.0,0.0087,0.1212,0,0.0067,0.011,0.0018,11.3,0,172000,53,0,0.082
C-00405,0.1543,0.18,0.0278,-0.1198,0.7867,0,0.0174,0.00979,0.00059,9.6,1,486000,38,0,0.035
C-00406,0.0854,0.0,0.0,-0.0854,0.2941,1,-0.008,0.01059,0.00139,0.9,0,298500,69,0,0.061
C-00407,0.1525,0.0,0.0,-0.146,0.7766,0,-0.0003,0.00759,-0.00161,30,0,2407000,65,0,0.027
C-00408,0.144,0.0,0.0,0.144,0.3333,0,-0.0178,0.011,0.0018,1.5,0,62500,25,0,0.092
C-00409,0.0858,0.0,0.0,0.1022,0.6087,0,0.0032,0.011,0.0018,4.9,0,134000,29,0,0.017
C-00410,0.1052,0.0,0.0,-0.1052,0.7344,1,0.0153,0.008,-0.0012,2.7,0,1754500,53,0,0.0
C-00411,0.1144,0.0,0.0,-0.1144,0.8934,1,-0.0096,0.00967,0.00047,1.8,0,533000,42,1,0.05
C-00412,0.0462,0.0,0.0,-0.0285,0.299,0,0.0045,0.00775,-0.00145,0.9,0,2099500,58,0,0.078
C-00413,0.1345,0.0,0.0,-0.0161,0.7667,0,-0.0042,0.011,0.0018,0.9,0,111500,28,0,0.004
C-00414,0.0969,0.3419,0.0331,-0.0492,0.0,0,0.0039,0.00953,0.00033,4.6,0,604000,64,0,0.028
C-00415,0.0453,0.0,0.0,-0.0453,0.0,1,-0.0283,0.00988,0.00068,2.3,1,453000,55,0,0.023
C-00416,0.222,0.3398,0.0755,-0.2158,0.2031,0,0.0075,0.00958,0.00038,10.1,0,576500,67,0,0.055
C-00417,0.1198,0.0,0.0,-0.1151,0.7443,0,-0.0018,0.00575,-0.00345,22.0,0,9446000,57,0,0.071
C-00418,0.0672,0.0,0.0,-0.0577,0.0,0,0.0086,0.00933,0.00013,5.4,0,751000,71,0,0.041
C-00419,0.2211,0.5714,0.1263,-0.2211,0.9048,1,0.0251,0.011,0.0018,4,0,47500,26,0,0.04
C-00420,0.1226,0.0,0.0,-0.0447,0.4412,0,-0.0191,0.00963,0.00043,3.1,0,554500,41,0,0.048
C-00421,0.2199,0.2289,0.0503,-0.1333,0.6716,0,0.0168,0.00987,0.00067,14.0,1,457000,61,1,0.578
C-00422,0.155,0.0,0.0,-0.143,0.5359,0,0.0513,0.00575,-0.00345,6.7,0,9474500,54,0,0.0
C-00423,0.0543,0.0,0.0,0.5457,0.2,0,-0.0124,0.011,0.0018,8.9,0,46000,43,0,0.031
C-00424,0.1239,0.0,0.0,-0.0933,0.0629,0,0.0051,0.00939,0.00019,17.2,0,706000,62,0,0.045
C-00425,0.163,0.0,0.0,-0.1333,0.4848,0,0.0167,0.01004,0.00084,0.5,0,405000,36,0,0.122
C-00426,0.1546,0.0,0.0,0.0193,0.6875,0,-0.0051,0.011,0.0018,1.8,0,103500,56,1,0.27
C-00427,0.2062,0.4,0.0825,-0.2062,0.75,1,0.0271,0.011,0.0018,2.0,1,48500,26,1,0.184
C-00428,0.191,0.0,0.0,-0.1868,0.5877,0,0.0291,0.00831,-0.00089,4.7,1,1448000,72,0,0.012
C-00429,0.113,0.0,0.0,-0.0113,1.0,0,0.013,0.011,0.0018,0.3,1,88500,32,0,0.071
C-00430,0.1594,0.0,0.0,-0.1594,0.697,1,0.0312,0.011,0.0018,3.8,0,103500,35,1,0.281
C-00431,0.1883,0.2024,0.0381,-0.0592,0.5714,0,-0.0072,0.011,0.0018,7.0,1,223000,39,0,0.092
C-00432,0.1397,0.0,0.0,-0.1397,0.3643,1,0.0346,0.00918,-2e-05,7.2,0,923500,52,0,0.071
C-00433,0.1215,0.0,0.0,0.1028,0.0385,0,-0.0076,0.011,0.0018,1.2,0,214000,34,0,0.065
C-00434,0.1684,0.2371,0.0399,-0.1684,0.4021,1,0.017,0.01067,0.00147,3.6,1,288000,41,1,0.091
C-00435,0.1308,0.3393,0.0444,-0.1308,0.2679,1,0.0012,0.011,0.0018,6,0,214000,28,0,0.056
C-00436,0.064,0.0,0.0,-0.064,0.4118,1,0.0488,0.01085,0.00165,3,0,265500,25,0,0.097
C-00437,0.11,0.1818,0.02,-0.11,0.4545,1,0.0391,0.011,0.0018,7,0,50000,29,0,0.015
C-00438,0.0704,0.0,0.0,-0.0672,0.1946,0,0.0547,0.00708,-0.00212,7.5,0,3432500,36,0,0.037
C-00439,0.1083,0.0,0.0,-0.1083,0.5,1,-0.0067,0.011,0.0018,1.8,0,138500,43,0,0.074
C-00440,0.1537,0.0,0.0,-0.1451,0.0,0,0.0253,0.00705,-0.00215,0.5,0,3477000,25,0,0.016
C-00441,0.0847,0.0,0.0,-0.0678,0.3514,0,0.0493,0.00792,-0.00128,16.0,0,1847500,57,1,0.3
C-00442,0.2065,0.3507,0.0724,-0.1145,0.7246,0,0.009,0.00925,5e-05,8.4,0,835500,42,0,0.063
C-00443,0.1427,0.0,0.0,-0.1427,0.0465,1,0.0079,0.00988,0.00068,3.9,0,452000,72,0,0.017
C-00444,0.0357,0.0,0.0,0.0286,0.8333,0,-0.0115,0.011,0.0018,2.9,0,168000,40,0,0.048
C-00445,0.1551,0.3448,0.0535,-0.1551,0.6207,1,-0.0059,0.011,0.0018,4.4,0,93500,63,0,0.048
C-00446,0.0972,0.5952,0.0579,0.0194,0.0,0,0.0011,0.011,0.0018,10.4,1,216000,37,0,0.043
C-00447,0.1751,0.0,0.0,-0.1369,0.3884,0,-0.0208,0.01031,0.00111,4.5,1,345500,74,0,0.046
C-00448,0.0776,0.0,0.0,-0.0776,0.5489,1,0.0452,0.00767,-0.00153,9.6,0,2243000,58,0,0.089
C-00449,0.4,0.6988,0.2795,-0.3821,0.0839,0,0.0376,0.01005,0.00085,1.4,0,402500,75,1,0.239
C-00450,0.0819,0.0,0.0,-0.0654,0.5385,0,-0.0084,0.00922,2e-05,8.4,0,872500,41,0,0.018
C-00451,0.0799,0.0,0.0,-0.0799,0.2045,1,0.007,0.01077,0.00157,0.3,0,275500,39,0,0.046
C-00452,0.3011,0.5315,0.16,-0.2758,0.5315,0,0.0266,0.011,0.0018,2.8,1,237500,29,1,0.518
C-00453,0.1558,0.0,0.0,-0.1558,0.1392,1,-0.0048,0.01097,0.00177,3.0,0,253500,70,0,0.037
C-00454,0.0541,0.0,0.0,-0.0398,0.1776,0,-0.0104,0.00657,-0.00263,2.7,0,4531000,61,0,0.055
C-00455,0.0945,0.0,0.0,-0.0252,0.0,0,0.004,0.01014,0.00094,6.3,1,381000,41,0,0.102
C-00456,0.1417,0.0,0.0,-0.0661,0.7222,0,0.0292,0.011,0.0018,0.5,1,63500,67,0,0.072
C-00457,0.1136,0.439,0.0499,-0.1136,0.439,1,-0.0063,0.011,0.0018,0.6,1,180500,73,0,0.039
C-00458,0.1119,0.4125,0.0462,0.0492,0.9625,0,0.0024,0.01025,0.00105,1.0,0,357500,42,0,0.043
C-00459,0.2175,0.1429,0.0311,-0.1761,0.3333,0,-0.0087,0.00994,0.00074,1.3,0,434500,30,0,0.008
C-00460,0.4,0.7456,0.2982,-0.3804,0.1053,0,0.0286,0.011,0.0018,2.6,1,142500,45,1,0.675
C-00461,0.2751,0.381,0.1048,-0.2227,0.2063,0,0.0379,0.011,0.0018,10.5,0,229000,68,0,0.0
C-00462,0.132,0.0,0.0,-0.1183,0.0962,0,-0.0058,0.00929,9e-05,9.6,0,788000,37,0,0.038
C-00463,0.0735,0.0,0.0,-0.0735,0.0,1,0.0066,0.01064,0.00144,3.6,0,292500,33,0,0.062
C-00464,0.1912,0.281,0.0537,-0.1153,0.2975,0,-0.021,0.01047,0.00127,2.4,1,316500,69,0,0.016
C-00465,0.2786,0.3693,0.1029,-0.2314,0.5145,0,0.0425,0.00995,0.00075,3.9,0,432500,42,0,0.058
C-00466,0.171,0.0,0.0,-0.171,0.586,1,-0.0121,0.00867,-0.00053,3.3,0,1207500,53,0,0.0
C-00467,0.1086,0.0,0.0,-0.1062,0.5629,0,0.001,0.00705,-0.00215,8.5,0,3477000,48,0,0.014
C-00468,0.0737,0.0,0.0,0.1453,0.5714,0,0.0542,0.011,0.0018,8,0,47500,30,0,0.0
C-00469,0.1267,0.0,0.0,-0.0147,0.5789,0,0.0161,0.011,0.0018,0.9,0,75000,67,0,0.074
C-00470,0.0817,0.0,0.0,-0.0287,0.1892,0,0.0058,0.011,0.0018,8.8,0,226500,70,0,0.065
C-00471,0.1772,0.6571,0.1165,-0.1225,0.8857,0,0.0257,0.011,0.0018,2.3,0,197500,69,0,0.021
C-00472,0.1628,0.6229,0.1014,-0.1628,0.72,1,0.0329,0.00966,0.00046,2.1,1,537500,60,1,0.404
C-00473,0.2487,0.5714,0.1421,-0.2297,0.0,0,0.0393,0.01014,0.00094,3.4,0,380000,62,1,0.619
C-00474,0.1866,0.0,0.0,-0.1756,0.3916,0,0.0113,0.00932,0.00012,7.9,1,766500,40,0,0.041
C-00475,0.1604,0.0,0.0,-0.1092,0.3404,0,0.047,0.011,0.0018,16.8,0,146500,44,0,0.046
C-00476,0.0637,0.0,0.0,-0.0637,0.7222,1,0.0521,0.01071,0.00151,5.2,0,282500,70,0,0.052
C-00477,0.1458,0.0,0.0,-0.128,0.2152,0,0.0074,0.01081,0.00161,1.5,0,271000,34,0,0.0
C-00478,0.1032,0.3215,0.0332,-0.0877,0.76,0,-0.0016,0.00674,-0.00246,2.1,1,4098500,52,0,0.064
C-00479,0.0646,0.0,0.0,-0.0646,1.0,1,0.0318,0.01088,0.00168,2.3,1,263000,49,0,0.074
C-00480,0.0626,0.0,0.0,-0.0363,0.45,0,0.0045,0.01046,0.00126,3.9,1,319500,72,0,0.052
C-00481,0.0548,0.0,0.0,-0.0378,0.0926,0,0.0019,0.00977,0.00057,0.3,0,492500,73,0,0.085
C-00482,0.1217,0.0,0.0,-0.0681,0.4082,0,0.0041,0.01005,0.00085,7.2,0,402500,45,0,0.081
C-00483,0.0351,0.0,0.0,-0.0351,0.8095,1,0.0503,0.01059,0.00139,15.2,0,299000,53,0,0.0
C-00484,0.1061,0.0,0.0,-0.0455,0.1905,0,0.0057,0.011,0.0018,0.4,0,99000,39,0,0.067
C-00485,0.0967,0.0,0.0,-0.0967,0.0,1,0.0159,0.011,0.0018,7.6,1,150000,71,0,0.062
C-00486,0.0929,0.4066,0.0378,-0.061,0.956,0,-0.0009,0.00978,0.00058,5.9,1,490000,62,0,0.043
C-00487,0.3161,0.7705,0.2435,-0.258,1.0,0,0.0458,0.011,0.0018,5.7,1,96500,30,0,0.087
C-00488,0.1122,0.0,0.0,-0.1122,0.7273,1,0.0127,0.011,0.0018,7.6,0,98000,69,1,0.391
C-00489,0.148,0.0,0.0,-0.1096,0.1622,0,0.0326,0.0095,0.0003,10.5,0,625000,38,0,0.044
C-00490,0.0948,0.0,0.0,-0.0926,0.082,0,0.0032,0.00813,-0.00107,5.0,0,1608000,73,0,0.055
C-00491,0.1114,0.0,0.0,0.1445,0.6383,0,-0.0095,0.011,0.0018,1.4,0,211000,62,0,0.025
C-00492,0.2054,0.4857,0.0998,-0.2054,0.2059,1,0.0522,0.0075,-0.0017,7.2,0,2636000,74,0,0.059
C-00493,0.3151,0.8824,0.2781,-0.2929,0.0,0,0.0399,0.0083,-0.0009,0.6,1,1456500,64,1,0.348
C-00494,0.1075,0.0,0.0,-0.0043,0.1,0,0.0113,0.011,0.0018,0.6,0,46500,28,0,0.059
C-00495,0.1533,0.0,0.0,-0.0832,0.7381,0,-0.0023,0.011,0.0018,1.2,1,137000,59,0,0.009
C-00496,0.1055,0.0,0.0,-0.024,0.0,0,-0.0102,0.01074,0.00154,3.3,0,279500,56,0,0.024
C-00497,0.0686,0.0,0.0,-0.0466,0.1833,0,-0.0189,0.00993,0.00073,4,1,437500,26,0,0.066
C-00498,0.138,0.0,0.0,-0.138,0.4656,1,0.0512,0.00941,0.00021,5.4,0,685000,57,0,0.061
C-00499,0.1319,0.0,0.0,0.0774,0.8065,0,-0.0014,0.011,0.0018,3.8,0,235000,59,0,0.03
C-00500,0.0711,0.0,0.0,-0.0223,0.1429,0,-0.0143,0.01062,0.00142,3.3,0,295500,32,0,0.06
C-00501,0.1618,0.0,0.0,-0.1618,0.7566,1,0.0056,0.00899,-0.00021,2.4,1,1054000,57,0,0.056
C-00502,0.1066,0.0,0.0,-0.1066,0.0,1,0.0317,0.011,0.0018,3.4,1,136000,38,0,0.033
C-00503,0.1103,0.0,0.0,-0.0576,0.0,0,-0.0136,0.00922,2e-05,0.3,0,866000,57,0,0.047
C-00504,0.0959,0.0,0.0,-0.067,0.8148,0,-0.0063,0.00939,0.00019,3.0,0,703500,48,0,0.063
C-00505,0.1606,0.622,0.0999,-0.1606,0.748,1,0.0259,0.01008,0.00088,0.9,0,395500,49,0,0.021
C-00506,0.0931,0.5,0.0466,-0.0931,0.0,1,0.0539,0.011,0.0018,0.7,1,225500,43,0,0.017
C-00507,0.1124,0.0,0.0,-0.1109,0.1667,0,0.0415,0.00896,-0.00024,18.2,1,1067500,70,0,0.072
C-00508,0.0987,0.0,0.0,-0.0987,1.0,1,0.05,0.00941,0.00021,1.5,1,689000,49,0,0.069
C-00509,0.08,0.0,0.0,-0.08,0.9231,1,0.0323,0.011,0.0018,2.0,1,162500,35,0,0.052
C-00510,0.0205,0.0,0.0,-0.0205,0.625,1,0.0084,0.00957,0.00037,0.8,1,586000,68,0,0.068
C-00511,0.1566,0.0,0.0,-0.117,0.5614,0,-0.0095,0.011,0.0018,13.8,1,182000,72,0,0.073
C-00512,0.0548,0.0,0.0,-0.0548,0.2332,1,0.0045,0.00635,-0.00285,4.4,1,5284000,43,0,0.008
C-00513,0.1068,0.0,0.0,-0.0979,0.4138,0,0.0327,0.00916,-4e-05,2.7,0,950500,68,0,0.046
C-00514,0.1789,0.5178,0.0926,-0.1789,0.0914,1,0.0527,0.00964,0.00044,21,0,550500,43,0,0.035
C-00515,0.1946,0.5473,0.1065,-0.1699,0.72,0,0.0121,0.00836,-0.00084,1.4,1,1413500,36,0,0.046
C-00516,0.0649,0.0,0.0,-0.0551,0.6289,0,0.0064,0.00723,-0.00197,5.4,0,3199500,73,0,0.065
C-00517,0.2177,0.2862,0.0623,-0.2177,0.0389,1,0.011,0.00946,0.00026,4.1,0,650000,44,0,0.06
C-00518,0.0503,0.0,0.0,-0.0284,0.2636,0,0.0078,0.0089,-0.0003,2.9,0,1093000,48,0,0.029
C-00519,0.0862,0.0,0.0,-0.0862,0.3462,1,0.0454,0.00919,-1e-05,6.7,0,905000,50,0,0.04
C-00520,0.0993,0.0,0.0,-0.0199,0.3763,0,0.0051,0.00983,0.00063,17.0,1,468500,64,0,0.021
C-00521,0.0692,0.0,0.0,-0.0531,0.5161,0,-0.0121,0.011,0.0018,2.5,0,224000,69,0,0.004
C-00522,0.0448,0.0,0.0,0.0269,0.2222,0,0.0008,0.011,0.0018,0.9,0,100500,32,0,0.098
C-00523,0.0839,0.0,0.0,-0.0604,0.0,0,0.0486,0.011,0.0018,4.0,0,149000,65,1,0.179
C-00524,0.1223,0.0,0.0,-0.1138,0.2284,0,0.0271,0.00916,-4e-05,0.3,1,948500,75,0,0.06
C-00525,0.0893,0.0,0.0,0.05,0.35,0,0.0112,0.011,0.0018,6.2,0,112000,33,0,0.029
C-00526,0.336,0.5132,0.1724,-0.336,0.8095,1,0.0489,0.00961,0.00041,4.2,0,562500,65,1,0.619
C-00527,0.1498,0.0,0.0,-0.1247,0.2791,0,-0.0104,0.01068,0.00148,4,0,287000,26,0,0.053
C-00528,0.0812,0.0,0.0,-0.0507,0.6687,0,-0.0093,0.00913,-7e-05,1.3,1,985500,72,0,0.075
C-00529,0.1047,0.0,0.0,-0.1047,0.7222,1,0.0459,0.011,0.0018,0.9,0,86000,75,0,0.059
C-00530,0.1469,0.0,0.0,-0.1243,0.2774,0,0.0382,0.0076,-0.0016,6.4,0,2392500,42,0,0.002
C-00531,0.1227,0.0,0.0,-0.1227,0.7785,1,0.0463,0.00681,-0.00239,0.9,0,3938000,47,0,0.02
C-00532,0.0926,0.0,0.0,-0.0032,1.0,0,0.0549,0.00983,0.00063,4.8,0,470000,39,0,0.036
C-00533,0.0811,0.0,0.0,-0.0811,0.25,1,0.0029,0.011,0.0018,15.2,0,246500,74,0,0.076
C-00534,0.1297,0.0,0.0,-0.0415,0.075,0,0.0445,0.01053,0.00133,4.8,0,308500,45,1,0.163
C-00535,0.0566,0.0,0.0,-0.0566,1.0,1,-0.0047,0.011,0.0018,2.0,1,53000,25,0,0.035
C-00536,0.1598,0.3289,0.0525,-0.1598,0.3859,1,0.0171,0.00917,-3e-05,7.7,0,932500,66,0,0.021
C-00537,0.1416,0.0,0.0,0.0283,0.875,0,0.01,0.011,0.0018,6.2,0,56500,65,0,0.056
C-00538,0.2452,0.7652,0.1876,-0.2452,0.1652,1,0.0394,0.011,0.0018,4.5,1,234500,49,0,0.0
C-00539,0.1164,0.0,0.0,0.0233,0.3438,0,0.0159,0.011,0.0018,4.6,0,137500,41,1,0.334
C-00540,0.2243,0.0,0.0,-0.1876,0.3839,0,0.0053,0.00937,0.00017,5.1,0,720000,60,0,0.034
C-00541,0.1215,0.0,0.0,-0.1215,0.4,1,0.0086,0.011,0.0018,8.8,1,144000,50,0,0.103
C-00542,0.1773,0.0,0.0,-0.1773,0.3443,1,0.0028,0.011,0.0018,1.5,0,172000,26,0,0.0
C-00543,0.1351,0.0,0.0,-0.1351,0.3269,1,-0.0069,0.011,0.0018,1.0,0,192500,64,0,0.0
C-00544,0.0845,0.0,0.0,-0.0556,0.6286,0,0.0349,0.011,0.0018,5.5,0,207000,48,0,0.032
C-00545,0.1081,0.2,0.0216,-0.0562,0.55,0,-0.0091,0.011,0.0018,2.2,0,92500,47,0,0.0
C-00546,0.1835,0.0,0.0,-0.1835,0.75,1,-0.0185,0.011,0.0018,5.5,0,218000,36,0,0.081
C-00547,0.1412,0.6848,0.0967,-0.0639,0.7663,0,0.0204,0.00946,0.00026,0.3,0,651500,30,0,0.096
C-00548,0.0636,0.0,0.0,-0.0636,0.7191,1,-0.0072,0.00939,0.00019,9.3,0,699500,65,1,0.368
C-00549,0.1742,0.5217,0.0909,-0.0742,0.5217,0,-0.0087,0.011,0.0018,0.7,1,132000,30,0,0.084
C-00550,0.0783,0.0,0.0,-0.017,0.4783,0,-0.0131,0.00956,0.00036,2.5,0,587500,48,0,0.019
C-00551,0.1476,0.0,0.0,-0.1289,0.2368,0,0.0431,0.01093,0.00173,3.7,0,257500,69,0,0.042
C-00552,0.0504,0.0,0.0,-0.0504,0.0,1,0.0104,0.011,0.0018,3.9,0,69500,30,0,0.056
C-00553,0.107,0.0,0.0,-0.0795,0.369,0,-0.0009,0.01009,0.00089,0.3,0,392500,39,0,0.038
C-00554,0.2035,0.4468,0.0909,-0.0476,0.1702,0,-0.0112,0.011,0.0018,11,1,115500,33,0,0.065
C-00555,0.0904,0.0,0.0,-0.019,0.6579,0,0.0042,0.00999,0.00079,4.9,0,420500,54,0,0.061
C-00556,0.2314,0.2368,0.0548,-0.1915,0.4123,0,0.0126,0.00907,-0.00013,1.3,0,1022000,46,1,0.237
C-00557,0.1221,0.3643,0.0445,-0.1021,0.3594,0,0.0052,0.00807,-0.00113,0.3,0,1674500,58,0,0.095
C-00558,0.13,0.0,0.0,-0.1117,0.5882,0,0.0136,0.01089,0.00169,3.5,1,261500,62,0,0.024
C-00559,0.1522,0.0,0.0,-0.1375,0.1786,0,0.0401,0.00828,-0.00092,6.9,0,1472000,74,0,0.016
C-00560,0.1275,0.0,0.0,-0.1031,0.4348,0,-0.0271,0.00966,0.00046,10,0,541000,32,0,0.053
C-00561,0.0391,0.0,0.0,-0.0391,0.2143,1,-0.002,0.01024,0.00104,4,0,358500,26,0,0.025
C-00562,0.165,0.0,0.0,0.068,0.9412,0,0.003,0.011,0.0018,9.0,0,51500,53,0,0.053
C-00563,0.1,0.0,0.0,-0.0333,0.4444,0,-0.0043,0.011,0.0018,0.4,0,90000,67,0,0.05
C-00564,0.035,0.0,0.0,-0.035,0.0,1,-0.0107,0.011,0.0018,3,0,143000,25,0,0.069
C-00565,0.1471,0.3878,0.0571,0.0835,0.3469,0,0.0079,0.011,0.0018,8.3,0,166500,43,0,0.043
C-00566,0.1018,0.7079,0.0721,-0.0908,0.7978,0,-0.0056,0.00993,0.00073,3.4,1,437000,29,0,0.07
C-00567,0.0722,0.3077,0.0222,-0.0389,0.2308,0,-0.0007,0.011,0.0018,25.2,0,180000,75,0,0.031
C-00568,0.0319,0.0,0.0,0.3766,1.0,0,-0.0158,0.011,0.0018,10.7,0,47000,42,0,0.034
C-00569,0.0905,0.0,0.0,-0.0905,0.6154,1,0.0001,0.00995,0.00075,14.8,1,431000,40,0,0.047
C-00570,0.1489,0.0,0.0,-0.1424,0.3505,0,-0.0089,0.00851,-0.00069,10.3,0,1303000,33,0,0.073
C-00571,0.0964,0.0,0.0,-0.0543,0.6515,0,0.0078,0.01032,0.00112,4.5,0,342500,49,0,0.052
C-00572,0.1868,0.0,0.0,-0.1307,0.1875,0,0.0014,0.011,0.0018,1.1,0,128500,53,0,0.012
C-00573,0.2452,0.3947,0.0968,-0.0129,0.6316,0,0.0313,0.011,0.0018,0.3,0,77500,46,1,0.605
C-00574,0.0479,0.0,0.0,-0.0351,0.4722,0,-0.0101,0.00933,0.00013,7,0,752000,29,0,0.011
C-00575,0.2149,0.3533,0.0759,-0.1868,0.1721,0,-0.0059,0.00854,-0.00066,5.3,1,1284500,54,1,0.366
C-00576,0.1142,0.0,0.0,-0.1073,0.3711,0,0.0023,0.0094,0.0002,0.3,0,696000,70,0,0.011
C-00577,0.1478,0.2113,0.0312,-0.1258,0.7526,0,-0.0005,0.00945,0.00025,5.8,0,656500,48,0,0.056
C-00578,0.0508,0.0,0.0,-0.0394,0.0,0,-0.0029,0.00949,0.00029,2.6,0,630000,51,0,0.037
C-00579,0.061,0.0,0.0,0.0017,0.0,0,0.0118,0.011,0.0018,6.6,0,172000,65,0,0.014
C-00580,0.0345,0.0,0.0,-0.0345,0.2857,1,0.0463,0.011,0.0018,2.9,0,101500,27,0,0.0
C-00581,0.1265,0.2581,0.0327,-0.1265,0.5806,1,-0.006,0.011,0.0018,7.8,0,122500,38,0,0.08
C-00582,0.1105,0.0,0.0,-0.094,0.3438,0,0.0109,0.01066,0.00146,3.1,0,289500,67,0,0.096
C-00583,0.0937,0.0,0.0,-0.0937,0.475,1,0.0284,0.011,0.0018,0.8,0,213500,41,0,0.035
C-00584,0.1338,0.0,0.0,-0.1338,0.0,1,0.0357,0.00572,-0.00348,2.2,1,9842000,54,0,0.046
C-00585,0.0753,0.0,0.0,0.3634,0.2857,0,0.001,0.011,0.0018,6.3,0,46500,70,0,0.067
C-00586,0.1788,0.0,0.0,-0.1788,0.1235,1,0.0525,0.011,0.0018,3.2,0,226500,52,1,0.339
C-00587,0.033,0.0,0.0,0.0326,0.0,0,-0.0199,0.00968,0.00048,1.1,0,530500,46,0,0.018
C-00588,0.0844,0.0,0.0,-0.0619,0.0,0,0.0002,0.01085,0.00165,2.6,1,266500,33,0,0.064
C-00589,0.1972,0.2807,0.0554,-0.0561,0.4912,0,-0.0121,0.011,0.0018,4.3,1,144500,49,0,0.053
C-00590,0.1551,0.0,0.0,-0.1041,0.2866,0,-0.0131,0.00909,-0.00011,0.3,0,1012500,50,0,0.053
C-00591,0.1851,0.3353,0.0621,-0.1745,0.5449,0,0.0091,0.00989,0.00069,5.2,0,451000,72,0,0.057
C-00592,0.2737,0.3462,0.0947,-0.0716,0.8462,0,0.0438,0.011,0.0018,6,0,47500,28,1,0.54
C-00593,0.2168,0.4563,0.0989,-0.1512,0.2718,0,0.0016,0.011,0.0018,4.1,1,237500,39,1,0.406
C-00594,0.0485,0.0,0.0,-0.0246,0.0,0,-0.0103,0.01005,0.00085,2.7,0,402000,60,0,0.0
C-00595,0.1797,0.5455,0.098,-0.1797,0.7636,1,0.0026,0.011,0.0018,5.4,1,153000,69,1,0.48
C-00596,0.083,0.0,0.0,-0.083,0.0606,1,0.001,0.00955,0.00035,4.5,1,596500,49,1,0.262
C-00597,0.2936,0.6682,0.1962,-0.2551,0.0935,0,0.0507,0.01021,0.00101,0.3,0,364500,30,1,0.415
C-00598,0.1266,0.0,0.0,-0.1266,0.3146,1,0.0428,0.00789,-0.00131,3.0,0,1895000,44,0,0.046
C-00599,0.0807,0.0,0.0,-0.0484,0.0,0,0.0011,0.01037,0.00117,1.8,1,334500,54,0,0.078
C-00600,0.133,0.0,0.0,-0.1235,0.2246,0,0.0048,0.00798,-0.00122,12.0,0,1775000,43,0,0.074
C-00601,0.0657,0.0,0.0,-0.0318,0.1076,0,0.0151,0.00868,-0.00052,6.2,1,1202000,60,0,0.016
C-00602,0.0793,0.0,0.0,-0.0676,0.1077,0,0.0033,0.01002,0.00082,1.4,0,410000,35,1,0.34
C-00603,0.3282,0.8972,0.2945,-0.2914,0.6168,0,0.0532,0.011,0.0018,5.4,1,163000,49,1,0.94
C-00604,0.1162,0.0,0.0,-0.1007,0.6345,0,0.0285,0.00828,-0.00092,2.0,1,1471000,66,0,0.0
C-00605,0.1603,0.25,0.0401,-0.1184,0.5513,0,0.0105,0.00978,0.00058,9.3,0,486500,46,1,0.589
C-00606,0.1681,0.0,0.0,-0.1429,0.2313,0,0.0107,0.00981,0.00061,12.0,0,476000,42,0,0.067
C-00607,0.0959,0.0,0.0,-0.072,0.5246,0,-0.0063,0.00915,-5e-05,0.8,0,954500,36,0,0.011
C-00608,0.0814,0.0,0.0,-0.0358,0.5833,0,-0.0146,0.0102,0.001,8.2,1,368500,42,0,0.031
C-00609,0.2423,0.3006,0.0728,-0.2255,0.1561,0,-0.0007,0.01025,0.00105,9.3,1,357000,47,0,0.049
C-00610,0.0686,0.0,0.0,-0.0371,0.4043,0,-0.0091,0.01032,0.00112,6.8,0,342500,71,0,0.068
C-00611,0.0779,0.0,0.0,-0.0629,0.0,0,-0.017,0.01045,0.00125,1.2,1,321000,70,0,0.03
C-00612,0.3294,0.7857,0.2588,-0.3294,0.0714,1,0.049,0.011,0.0018,5.6,0,127500,37,1,0.571
C-00613,0.147,0.542,0.0796,-0.1106,0.5881,0,0.0057,0.00859,-0.00061,4.3,1,1255500,41,1,0.417
C-00614,0.1187,0.0,0.0,0.095,0.5,0,-0.0055,0.011,0.0018,3.0,1,168500,70,0,0.043
C-00615,0.2306,0.1702,0.0393,-0.2236,0.5447,0,0.0004,0.00973,0.00053,3.5,0,509500,61,0,0.02
C-00616,0.0653,0.0,0.0,-0.0653,0.1579,1,-0.0131,0.011,0.0018,14.2,0,145500,42,0,0.069
C-00617,0.0991,0.0,0.0,0.0043,0.3478,0,0.0393,0.011,0.0018,1.5,0,116000,57,0,0.126
C-00618,0.1641,0.3618,0.0594,-0.1641,0.6217,1,-0.0099,0.00917,-3e-05,9.4,0,926000,63,1,0.184
C-00619,0.2283,0.619,0.1413,-0.0717,0.1905,0,0.0544,0.011,0.0018,1.7,0,46000,49,0,0.065
C-00620,0.0846,0.0,0.0,-0.0696,0.2491,0,0.0055,0.00707,-0.00213,0.8,0,3441000,56,0,0.017
C-00621,0.0588,0.0,0.0,-0.0588,0.2444,1,-0.0056,0.01013,0.00093,21.1,1,382500,48,0,0.047
C-00622,0.143,0.5597,0.08,-0.136,0.0,0,-0.0,0.00924,4e-05,0.4,1,849500,66,0,0.01
C-00623,0.0289,0.0,0.0,-0.0034,0.8265,0,0.0398,0.00805,-0.00115,1.0,0,1697000,63,0,0.008
C-00624,0.2679,0.3,0.0804,-0.2036,0.8667,0,-0.0107,0.011,0.0018,2.9,1,56000,29,1,0.389
C-00625,0.1133,0.2353,0.0267,0.3027,0.4118,0,-0.002,0.011,0.0018,0.3,0,75000,67,1,0.299
C-00626,0.1684,0.375,0.0632,-0.1684,0.25,1,-0.0009,0.011,0.0018,2.6,0,47500,25,0,0.022
C-00627,0.0327,0.0,0.0,0.0457,0.625,0,0.0389,0.011,0.0018,7.6,1,122500,65,0,0.032
C-00628,0.1102,0.0,0.0,-0.0478,0.6226,0,-0.0023,0.0098,0.0006,8.1,0,481000,65,0,0.04
C-00629,0.2391,0.3663,0.0876,-0.218,0.7216,0,0.0126,0.00959,0.00039,4.0,0,571000,37,0,0.066
C-00630,0.1085,0.0,0.0,0.245,0.0,0,0.0054,0.011,0.0018,13.5,0,64500,45,0,0.013
C-00631,0.0935,0.0,0.0,-0.0914,0.2222,0,0.0126,0.00764,-0.00156,3.0,0,2310000,72,0,0.019
C-00632,0.1362,0.0,0.0,-0.0562,0.4149,0,0.0288,0.01031,0.00111,5.4,1,345000,62,1,0.05
C-00633,0.2212,0.4348,0.0962,0.6327,0.6087,0,0.0069,0.011,0.0018,0.5,0,52000,38,1,0.422
C-00634,0.1196,0.0,0.0,-0.0768,0.3947,0,-0.0079,0.00981,0.00061,9.1,0,476500,65,0,0.065
C-00635,0.1182,0.0,0.0,-0.0975,0.0728,0,-0.0103,0.00855,-0.00065,2.7,0,1277500,33,0,0.014
C-00636,0.2312,0.0,0.0,-0.1408,0.1288,0,-0.002,0.00959,0.00039,1.6,0,571000,43,0,0.034
C-00637,0.1364,0.0,0.0,-0.1335,0.791,0,-0.0144,0.00864,-0.00056,1.6,0,1228000,63,0,0.061
C-00638,0.1889,0.0,0.0,-0.1808,0.4814,0,0.0139,0.0063,-0.0029,5.3,0,5465000,70,0,0.056
C-00639,0.1318,0.0,0.0,-0.0986,0.3566,0,-0.0263,0.00965,0.00045,7.7,0,542500,54,0,0.02
C-00640,0.1364,0.359,0.049,-0.0524,0.5641,0,-0.0191,0.011,0.0018,0.4,0,143000,63,0,0.026
C-00641,0.0579,0.0,0.0,0.1736,1.0,0,-0.0104,0.011,0.0018,3.1,1,155500,41,0,0.056
C-00642,0.0776,0.0,0.0,-0.0776,0.5789,1,0.0321,0.011,0.0018,2.5,1,122500,38,1,0.205
C-00643,0.0435,0.0,0.0,0.1391,0.0,0,0.0266,0.011,0.0018,4.2,0,46000,51,0,0.025
C-00644,0.0557,0.0,0.0,-0.0557,0.6071,1,0.0069,0.01099,0.00179,5.8,0,251500,40,0,0.078
C-00645,0.1623,0.1314,0.0213,-0.1604,0.2029,0,-0.0085,0.00669,-0.00251,0.5,0,4219500,68,0,0.028
C-00646,0.1286,0.0,0.0,-0.1286,0.7375,1,-0.0266,0.01051,0.00131,5.0,0,311000,38,0,0.003
C-00647,0.1075,0.0,0.0,0.3312,0.8,0,0.008,0.011,0.0018,0.7,0,46500,32,0,0.082
C-00648,0.0924,0.0,0.0,-0.0722,0.4938,0,-0.0019,0.00851,-0.00069,3.0,1,1304000,55,0,0.044
C-00649,0.0826,0.0,0.0,-0.0043,0.3613,0,-0.0225,0.00937,0.00017,1.9,1,720000,62,0,0.031
C-00650,0.1007,0.0,0.0,0.1583,0.2857,0,-0.009,0.011,0.0018,3,0,69500,25,0,0.041
C-00651,0.1474,0.0,0.0,0.1811,0.2143,0,-0.0113,0.011,0.0018,4.5,1,47500,30,0,0.052
C-00652,0.0474,0.0,0.0,-0.0122,0.7619,0,-0.0005,0.00991,0.00071,1.8,1,443500,42,0,0.014
C-00653,0.0801,0.0,0.0,-0.062,0.0,0,-0.004,0.00723,-0.00197,3.0,0,3190500,30,0,0.031
C-00654,0.1251,0.0,0.0,-0.1108,0.5,0,0.0034,0.00974,0.00054,6.5,0,503500,73,0,0.082
C-00655,0.2863,0.2609,0.0747,-0.2863,0.2609,1,0.0043,0.011,0.0018,2.7,1,120500,27,1,0.414
C-00656,0.1231,0.2047,0.0252,-0.1015,0.0,0,0.0369,0.0094,0.0002,3.4,1,694500,55,0,0.026
C-00657,0.1044,0.0,0.0,0.0095,0.4545,0,-0.0064,0.011,0.0018,2.2,0,158000,48,0,0.062
C-00658,0.0639,0.0,0.0,-0.0639,1.0,1,0.0146,0.011,0.0018,3.6,1,250500,60,0,0.023
C-00659,0.1337,0.0,0.0,-0.1017,0.4294,0,0.0544,0.00844,-0.00076,4.5,0,1350000,49,0,0.067
C-00660,0.2518,0.2168,0.0546,-0.2188,0.3594,0,0.0428,0.00758,-0.00162,9.4,0,2436500,35,0,0.022
C-00661,0.0617,0.0,0.0,-0.0617,0.0,1,0.0034,0.00841,-0.00079,4.9,0,1377000,55,0,0.018
C-00662,0.1,0.0,0.0,-0.0576,0.2941,0,-0.0072,0.011,0.0018,5.1,1,85000,67,0,0.005
C-00663,0.1449,0.3,0.0435,-0.0638,0.6,0,0.0448,0.011,0.0018,13.8,0,103500,65,0,0.028
C-00664,0.0497,0.0,0.0,-0.0381,0.7317,0,-0.0085,0.01002,0.00082,1.3,0,412500,46,0,0.086
C-00665,0.1957,0.5,0.0978,0.2739,1.0,0,0.0139,0.011,0.0018,4,0,46000,26,0,0.038
C-00666,0.3515,0.7887,0.2772,-0.3239,0.1416,0,0.0522,0.00946,0.00026,0.4,1,653000,47,1,0.899
C-00667,0.0609,0.0,0.0,0.0547,0.0597,0,0.0038,0.00964,0.00044,0.3,0,550500,37,0,0.008
C-00668,0.1526,0.0,0.0,-0.1526,1.0,1,0.0471,0.011,0.0018,0.3,1,190000,25,1,0.357
C-00669,0.0326,0.0,0.0,-0.0326,1.0,1,0.0047,0.00888,-0.00032,5.7,0,1103500,61,0,0.022
C-00670,0.1612,0.0,0.0,-0.0722,0.554,0,0.0034,0.00884,-0.00036,4.3,0,1120000,47,0,0.003
C-00671,0.019,0.0,0.0,0.0925,1.0,0,-0.0047,0.00968,0.00048,0.7,1,527500,47,0,0.063
C-00672,0.1839,0.5552,0.1021,-0.1839,0.8517,1,0.0086,0.00929,9e-05,10.8,1,788500,71,0,0.015
C-00673,0.0418,0.0,0.0,0.0385,1.0,0,-0.0061,0.011,0.0018,9,0,119500,31,0,0.004
C-00674,0.1614,0.0,0.0,-0.1504,0.3371,0,-0.0005,0.00811,-0.00109,30,0,1635500,53,0,0.034
C-00675,0.2602,0.0,0.0,-0.2585,0.1066,0,-0.0108,0.00746,-0.00174,22.2,1,2722500,69,0,0.035
C-00676,0.0949,0.0,0.0,-0.0949,0.719,1,0.0176,0.00948,0.00028,13.0,0,637500,43,0,0.052
C-00677,0.0726,0.0,0.0,-0.0647,0.5703,0,0.0451,0.00921,1e-05,4.2,1,881500,48,0,0.037
C-00678,0.0929,0.0,0.0,-0.0929,0.8594,1,0.0454,0.01031,0.00111,0.7,0,344500,63,0,0.087
C-00679,0.0997,0.0,0.0,-0.0556,0.4211,0,-0.007,0.011,0.0018,25.2,0,190500,51,0,0.051
C-00680,0.1949,0.0,0.0,-0.189,0.9275,0,0.0056,0.00743,-0.00177,0.4,0,2829500,74,0,0.058
C-00681,0.1581,0.175,0.0277,-0.1012,0.2,0,-0.014,0.011,0.0018,8.3,1,126500,68,0,0.017
C-00682,0.1013,0.0,0.0,0.0795,0.359,0,0.015,0.011,0.0018,10.1,0,192500,56,0,0.026
C-00683,0.0952,0.0,0.0,-0.0136,0.6429,0,-0.0085,0.01063,0.00143,0.3,0,294000,40,0,0.054
C-00684,0.1512,0.0,0.0,-0.1015,0.4643,0,-0.0133,0.00963,0.00043,0.6,0,555500,62,0,0.0
C-00685,0.1697,0.0,0.0,-0.017,0.3571,0,0.0529,0.011,0.0018,10,0,82500,32,0,0.032
C-00686,0.1881,0.6928,0.1303,-0.1881,0.0444,1,0.0321,0.0093,0.0001,8.5,1,779000,58,0,0.0
C-00687,0.0602,0.0,0.0,0.2105,0.125,0,0.0133,0.011,0.0018,3.8,0,66500,30,0,0.015
C-00688,0.086,0.0,0.0,-0.086,0.0,1,-0.0012,0.00966,0.00046,8.4,0,541000,39,0,0.025
C-00689,0.152,0.2802,0.0426,-0.1455,0.0581,0,0.0016,0.00573,-0.00347,3.5,1,9791000,62,0,0.048
C-00690,0.1179,0.0,0.0,0.0099,0.0,0,-0.0036,0.011,0.0018,4.2,1,131500,37,0,0.065
C-00691,0.2083,0.7,0.1458,-0.0208,0.0,0,0.0507,0.011,0.0018,8.2,1,48000,33,1,0.161
C-00692,0.0718,0.0,0.0,-0.067,0.0,0,0.0014,0.00636,-0.00284,4.0,0,5227000,71,0,0.038
C-00693,0.1009,0.0,0.0,-0.0167,0.3913,0,0.0028,0.011,0.0018,1.1,1,114000,46,0,0.02
C-00694,0.235,0.3984,0.0936,-0.1874,0.2216,0,0.0151,0.00927,7e-05,0.8,0,806500,51,0,0.028
C-00695,0.0892,0.0,0.0,-0.0892,0.3448,1,0.0344,0.011,0.0018,4.9,0,162500,45,1,0.526
C-00696,0.1474,0.0,0.0,-0.1293,0.4659,0,0.0364,0.01059,0.00139,9.7,0,298500,51,0,0.051
C-00697,0.0398,0.0,0.0,-0.0184,0.1429,0,-0.0106,0.00952,0.00032,3.3,0,615000,65,0,0.041
C-00698,0.1508,0.0,0.0,-0.0937,0.5921,0,0.0025,0.01098,0.00178,7.7,1,252000,30,1,0.14
C-00699,0.1426,0.0,0.0,-0.1337,0.4764,0,-0.0128,0.00943,0.00023,5.3,1,669500,75,0,0.0
C-00700,0.1009,0.0,0.0,-0.1009,0.1607,1,0.0045,0.00657,-0.00263,2.7,0,4533500,75,0,0.047
C-00701,0.0458,0.0,0.0,-0.0304,0.84,0,-0.0036,0.00964,0.00044,5.9,1,546000,39,0,0.026
C-00702,0.1503,0.4111,0.0618,-0.0821,0.6333,0,0.0133,0.01059,0.00139,1.4,0,299500,51,0,0.052
C-00703,0.0684,0.0,0.0,-0.0684,0.375,1,0.0084,0.011,0.0018,3.2,0,58500,36,1,0.127
C-00704,0.1758,0.125,0.022,0.0879,0.0,0,-0.0019,0.011,0.0018,2.7,1,45500,72,0,0.046
C-00705,0.1733,0.4571,0.0792,-0.1198,0.8286,0,-0.0007,0.011,0.0018,0.3,0,202000,69,0,0.077
C-00706,0.0615,0.0,0.0,-0.0246,0.0,0,0.0129,0.011,0.0018,5.4,0,227500,37,0,0.023
C-00707,0.1115,0.0,0.0,-0.1115,0.7385,1,0.0503,0.01064,0.00144,1.9,1,291500,70,1,0.05
C-00708,0.1557,0.0,0.0,-0.1413,0.1538,0,0.0366,0.011,0.0018,2.9,0,167000,75,0,0.028
C-00709,0.1318,0.0,0.0,-0.1216,0.5253,0,0.0116,0.00926,6e-05,6.2,1,823000,71,1,0.152
C-00710,0.1136,0.5522,0.0627,-0.1136,0.5522,1,0.0222,0.01062,0.00142,4.0,0,295000,64,0,0.015
C-00711,0.3114,0.6706,0.2088,-0.1795,0.7294,0,0.0341,0.011,0.0018,19.6,1,136500,75,1,0.722
C-00712,0.1273,0.4164,0.053,-0.1273,0.7257,1,0.002,0.00663,-0.00257,0.3,0,4368500,63,0,0.11
C-00713,0.0477,0.0,0.0,-0.0277,0.25,0,0.0387,0.00999,0.00079,1.7,1,419500,55,0,0.039
C-00714,0.2084,0.3866,0.0806,-0.2084,0.3866,1,0.0295,0.00959,0.00039,9.8,1,571000,37,0,0.03
C-00715,0.1252,0.6569,0.0822,-0.1104,0.8039,0,-0.0012,0.01003,0.00083,2.4,1,407500,66,0,0.063
C-00716,0.3154,0.8182,0.2581,-0.2724,0.7386,0,0.048,0.011,0.0018,5.0,0,139500,70,0,0.039
C-00717,0.226,0.7037,0.159,-0.226,0.7464,1,0.0444,0.0093,0.0001,0.3,0,776500,42,1,0.595
C-00718,0.3568,0.6279,0.2241,-0.3162,0.8488,0,0.046,0.011,0.0018,1.5,0,120500,34,1,0.401
C-00719,0.1475,0.0,0.0,-0.1475,0.1099,1,0.0087,0.01053,0.00133,19.2,0,308500,69,0,0.036
C-00720,0.1479,0.6316,0.0934,0.0949,0.0789,0,-0.0074,0.011,0.0018,1.7,1,128500,37,0,0.056
C-00721,0.3136,0.639,0.2004,-0.3136,0.8453,1,0.0368,0.00938,0.00018,5.1,0,711000,56,1,0.66
C-00722,0.0966,0.0,0.0,-0.0966,0.1228,1,0.0047,0.01062,0.00142,2.1,0,295000,35,0,0.005
C-00723,0.1636,0.0,0.0,-0.1636,0.3548,1,0.0305,0.011,0.0018,13.1,0,189500,62,0,0.053
C-00724,0.1368,0.2143,0.0293,-0.1368,0.0952,1,0.0257,0.011,0.0018,4.7,1,153500,46,0,0.058
C-00725,0.0791,0.0,0.0,0.4633,0.3571,0,0.0045,0.011,0.0018,7.2,0,88500,53,0,0.064
C-00726,0.0304,0.0,0.0,-0.0096,1.0,0,0.005,0.00959,0.00039,5.7,0,575000,61,0,0.031
C-00727,0.062,0.0,0.0,-0.062,0.84,1,-0.0021,0.0091,-0.0001,1.0,1,1008000,67,0,0.067
C-00728,0.1641,0.0,0.0,-0.1641,0.2075,1,0.0273,0.011,0.0018,11.6,0,161500,48,0,0.055
C-00729,0.1064,0.0,0.0,-0.1064,0.4,1,-0.0007,0.011,0.0018,13.6,0,70500,64,0,0.097
C-00730,0.0421,0.0,0.0,-0.0421,0.5556,1,-0.0192,0.01045,0.00125,3,0,320500,25,0,0.029
C-00731,0.1489,0.0,0.0,-0.0213,0.2857,0,-0.0064,0.011,0.0018,1.8,0,47000,27,0,0.0
C-00732,0.0194,0.0,0.0,0.2284,0.3333,0,0.0257,0.011,0.0018,7.3,0,77500,43,0,0.015
C-00733,0.2659,0.5093,0.1354,-0.2659,0.6926,1,0.0528,0.00803,-0.00117,1.8,0,1713000,36,1,0.758
C-00734,0.0617,0.0,0.0,-0.0617,0.0,1,0.0105,0.011,0.0018,3.2,0,113500,53,0,0.025
C-00735,0.0696,0.0,0.0,-0.0696,0.0,1,0.0303,0.00872,-0.00048,3.8,0,1185000,46,0,0.036
C-00736,0.1699,0.1475,0.0251,-0.1432,0.377,0,0.0149,0.011,0.0018,2.6,0,179500,43,0,0.026
C-00737,0.1605,0.0,0.0,-0.1605,0.35,1,0.0512,0.01051,0.00131,1.7,0,311500,33,1,0.201
C-00738,0.1273,0.0,0.0,-0.1229,0.5217,0,-0.0097,0.00788,-0.00132,2.5,1,1897000,54,0,0.066
C-00739,0.1051,0.0,0.0,-0.1051,0.0,1,-0.0029,0.011,0.0018,3.6,0,214000,48,0,0.055
C-00740,0.0816,0.0,0.0,0.0898,0.5,0,0.0077,0.011,0.0018,5.3,1,49000,36,0,0.079
C-00741,0.1698,0.4573,0.0776,-0.1534,0.7588,0,0.0202,0.00874,-0.00046,4.7,0,1172000,45,0,0.076
C-00742,0.2881,0.5882,0.1695,-0.2881,0.6078,1,0.0254,0.011,0.0018,4.4,0,88500,66,1,0.403
C-00743,0.0928,0.0,0.0,-0.0928,0.1111,1,0.0456,0.011,0.0018,5.6,0,48500,39,1,0.349
C-00744,0.2189,0.401,0.0878,-0.2059,0.5693,0,0.0002,0.00985,0.00065,3.9,1,461500,75,0,0.061
C-00745,0.1179,0.0,0.0,-0.0872,0.6988,0,0.0264,0.01028,0.00108,17.4,0,352000,68,0,0.058
C-00746,0.2812,0.5444,0.1531,-0.2137,0.2556,0,0.04,0.011,0.0018,7.0,0,160000,70,1,0.344
C-00747,0.0833,0.0,0.0,0.1167,0.5,0,-0.0012,0.011,0.0018,1.9,0,48000,57,0,0.057
C-00748,0.0461,0.6122,0.0282,-0.0213,0.6122,0,-0.0151,0.00968,0.00048,3.5,0,531500,69,0,0.098
C-00749,0.0912,0.0,0.0,-0.0834,0.5435,0,0.0019,0.0071,-0.0021,12.6,0,3399000,47,0,0.026
C-00750,0.2548,0.3832,0.0976,0.0995,0.0467,0,0.0046,0.011,0.0018,1.5,0,210000,59,0,0.092
C-00751,0.0833,0.0,0.0,0.3917,0.625,0,-0.0076,0.011,0.0018,1.0,0,48000,45,0,0.0
C-00752,0.1369,0.0,0.0,-0.1302,0.2823,0,-0.0047,0.00919,-1e-05,1.1,0,906000,52,0,0.092
C-00753,0.0211,0.0,0.0,0.4084,0.5,0,-0.0033,0.011,0.0018,9,0,47500,31,0,0.047
C-00754,0.2152,0.6647,0.143,-0.2152,0.1794,1,0.0331,0.00929,9e-05,10.5,0,790000,62,0,0.055
C-00755,0.0656,0.0,0.0,0.0075,1.0,0,0.0086,0.011,0.0018,17.7,0,213500,69,0,0.0
C-00756,0.0528,0.0,0.0,-0.0067,0.1591,0,0.0367,0.01,0.0008,3,0,417000,25,0,0.023
C-00757,0.3667,0.6364,0.2333,-0.18,0.303,0,0.0519,0.011,0.0018,3.5,0,45000,47,1,0.619
C-00758,0.075,0.0,0.0,-0.075,0.1667,1,0.0005,0.011,0.0018,7.3,0,80000,32,0,0.089
C-00759,0.0495,0.0,0.0,-0.0469,0.6231,0,-0.0143,0.0072,-0.002,17.9,1,3240000,71,0,0.026
C-00760,0.0866,0.0,0.0,-0.038,0.1039,0,-0.012,0.00991,0.00071,23.4,0,444500,55,0,0.015
C-00761,0.0626,0.0,0.0,-0.0626,0.0,1,-0.0083,0.00974,0.00054,1.3,0,503000,27,0,0.018
C-00762,0.1327,0.0,0.0,-0.1327,0.7923,1,-0.0019,0.00777,-0.00143,7.3,0,2068500,41,0,0.0
C-00763,0.0568,0.0,0.0,-0.0367,0.0,0,0.0419,0.00966,0.00046,4.2,1,537000,40,0,0.09
C-00764,0.0276,0.0,0.0,0.1049,0.4615,0,-0.0055,0.011,0.0018,6.5,0,235500,40,0,0.015
C-00765,0.1062,0.0,0.0,-0.1062,0.1667,1,-0.0359,0.011,0.0018,0.9,0,56500,42,0,0.017
C-00766,0.0938,0.0,0.0,-0.0708,1.0,0,-0.0042,0.00983,0.00063,4.2,0,469000,35,0,0.046
C-00767,0.0616,0.0,0.0,-0.042,0.7547,0,-0.0002,0.00995,0.00075,3.9,1,430500,64,0,0.055
C-00768,0.1671,0.2647,0.0442,-0.1671,0.5294,1,-0.0125,0.011,0.0018,9.6,0,203500,55,0,0.053
C-00769,0.0711,0.0,0.0,-0.0634,0.5962,0,-0.0017,0.00614,-0.00306,0.3,1,6249500,56,0,0.055
C-00770,0.125,0.0,0.0,-0.125,0.0833,1,0.0262,0.011,0.0018,4.5,0,48000,36,0,0.023
C-00771,0.0678,0.0,0.0,-0.044,0.1951,0,-0.0134,0.00919,-1e-05,7.3,0,907000,73,0,0.03
C-00772,0.1758,0.0,0.0,-0.1666,0.3245,0,-0.0148,0.00873,-0.00047,1.7,0,1174500,71,0,0.0
C-00773,0.1264,0.0,0.0,-0.0855,0.618,0,-0.0194,0.01028,0.00108,1.3,0,352000,73,0,0.051
C-00774,0.1963,0.4161,0.0817,-0.1846,0.5652,0,0.0028,0.01002,0.00082,3.6,0,410000,45,1,0.297
C-00775,0.1205,0.0,0.0,-0.0337,0.3,0,0.0027,0.011,0.0018,2.2,0,83000,27,0,0.047
C-00776,0.0652,0.0,0.0,-0.0429,0.4762,0,0.0073,0.011,0.0018,3,0,161000,25,0,0.047
C-00777,0.1871,0.1379,0.0258,0.2,0.3448,0,-0.0071,0.011,0.0018,4.6,0,77500,57,1,0.379
C-00778,0.1308,0.2857,0.0374,0.2729,1.0,0,-0.0014,0.011,0.0018,0.5,0,53500,36,0,0.013
C-00779,0.1566,0.0,0.0,0.0743,0.3143,0,0.0083,0.011,0.0018,3.7,1,223500,36,0,0.004
C-00780,0.3303,0.4312,0.1424,-0.3048,0.1376,0,0.0159,0.01039,0.00119,1.9,1,330000,29,0,0.018
C-00781,0.1095,0.0,0.0,-0.0942,0.6214,0,0.0528,0.00983,0.00063,0.6,1,470500,73,0,0.047
C-00782,0.1492,0.2474,0.0369,-0.1295,0.5292,0,-0.0104,0.00914,-6e-05,7.1,1,975500,41,0,0.017
C-00783,0.1434,0.0,0.0,-0.0709,0.5,0,0.0479,0.011,0.0018,5.2,0,132500,38,0,0.048
C-00784,0.074,0.0,0.0,-0.0659,0.6998,0,0.0059,0.00702,-0.00218,3.5,0,3533000,57,0,0.081
C-00785,0.1019,0.0,0.0,0.2093,0.4545,0,-0.0054,0.011,0.0018,8,0,54000,30,0,0.033
C-00786,0.0859,0.0,0.0,-0.0859,0.4815,1,0.01,0.00916,-4e-05,7.0,0,943000,37,0,0.053
C-00787,0.3114,0.5962,0.1856,-0.3114,0.5962,1,0.0538,0.01037,0.00117,11.5,0,334000,70,0,0.085
C-00788,0.1096,0.0,0.0,-0.1096,0.3678,1,0.0058,0.00815,-0.00105,10.4,0,1588000,45,0,0.044
C-00789,0.1735,0.0,0.0,-0.1516,0.5,0,0.0335,0.011,0.0018,2.5,0,109500,73,0,0.044
C-00790,0.1093,0.0,0.0,-0.1093,1.0,1,-0.0179,0.01035,0.00115,1.1,0,338500,68,0,0.039
C-00791,0.1204,0.0,0.0,-0.0984,0.913,0,0.0154,0.01014,0.00094,13.9,0,382000,62,0,0.017
C-00792,0.0672,0.0,0.0,-0.0331,0.4487,0,-0.0188,0.00876,-0.00044,1.0,0,1161500,69,0,0.062
C-00793,0.1579,0.8,0.1263,-0.1579,0.0667,1,0.0403,0.011,0.0018,5.0,0,47500,33,1,0.9
C-00794,0.0451,0.0,0.0,-0.0045,0.5417,0,-0.0056,0.01085,0.00165,4.7,0,266000,55,0,0.035
C-00795,0.1277,0.0,0.0,0.0,1.0,0,-0.0079,0.011,0.0018,0.3,1,47000,40,0,0.024
C-00796,0.0377,0.0,0.0,-0.0086,0.0,0,0.0446,0.00962,0.00042,0.8,0,556500,53,0,0.059
C-00797,0.0821,0.0,0.0,0.0036,0.4783,0,-0.0105,0.011,0.0018,3.0,0,140000,47,0,0.032
C-00798,0.0833,0.0,0.0,-0.0833,0.25,1,0.0317,0.011,0.0018,7.5,0,48000,64,0,0.035
C-00799,0.1441,0.0,0.0,-0.1249,0.4678,0,-0.0008,0.00871,-0.00049,1.5,0,1186500,51,0,0.08
C-00800,0.2326,0.4333,0.1008,-0.1581,0.3,0,0.0049,0.011,0.0018,3.6,1,64500,29,0,0.053
C-00801,0.0487,0.0,0.0,-0.0009,0.5909,0,0.0033,0.011,0.0018,1.2,0,226000,59,0,0.029
C-00802,0.2913,0.4737,0.138,-0.2055,0.8187,0,0.0255,0.01063,0.00143,11.1,0,293500,57,0,0.104
C-00803,0.1018,0.0,0.0,-0.0718,0.0526,0,0.0168,0.01073,0.00153,5.9,0,280000,30,0,0.05
C-00804,0.1622,0.1667,0.027,-0.1622,0.8056,1,0.0224,0.011,0.0018,10.2,0,111000,61,0,0.064
C-00805,0.3885,0.6095,0.2368,-0.3885,0.7929,1,0.0459,0.011,0.0018,9.7,0,217500,36,1,0.429
C-00806,0.1371,0.0,0.0,-0.081,0.5271,0,-0.0092,0.00983,0.00063,10.3,0,470500,69,0,0.033
C-00807,0.0636,0.0,0.0,-0.0029,0.3571,0,-0.0057,0.00931,0.00011,5.8,0,770500,58,0,0.015
C-00808,0.0931,0.0,0.0,-0.0623,0.4713,0,0.0006,0.00984,0.00064,1.7,1,467000,69,0,0.026
C-00809,0.0801,0.0,0.0,-0.0801,0.7241,1,0.0272,0.011,0.0018,11.0,0,181000,70,0,0.026
C-00810,0.2027,0.7333,0.1486,-0.2027,0.8,1,0.0292,0.011,0.0018,3.0,1,74000,32,1,0.449
C-00811,0.0638,0.0,0.0,-0.0638,1.0,1,-0.0142,0.011,0.0018,4,1,47000,26,1,0.05
C-00812,0.1667,0.0,0.0,0.2333,0.5625,0,0.0025,0.011,0.0018,8.8,0,48000,43,0,0.035
C-00813,0.1035,0.0,0.0,-0.0902,0.2218,0,-0.0044,0.00754,-0.00166,4.9,1,2526000,71,0,0.025
C-00814,0.204,0.0,0.0,-0.1938,0.4226,0,-0.0035,0.00926,6e-05,3.6,0,823500,57,0,0.065
C-00815,0.109,0.0,0.0,0.0372,0.1176,0,-0.004,0.011,0.0018,6.2,0,156000,60,0,0.058
C-00816,0.1729,0.0,0.0,-0.1446,0.25,0,0.0276,0.01096,0.00176,1.3,0,254500,40,0,0.034
C-00817,0.0439,0.0,0.0,0.0102,0.3243,0,0.01,0.00998,0.00078,4.7,0,421000,38,0,0.059
C-00818,0.0802,0.0,0.0,0.0995,0.3667,0,-0.0122,0.011,0.0018,0.3,1,187000,29,0,0.123
C-00819,0.1082,0.0,0.0,-0.1082,0.3419,1,-0.0022,0.00937,0.00017,11.7,0,716500,51,0,0.027
C-00820,0.0843,0.0,0.0,-0.0843,0.0612,1,-0.0093,0.01065,0.00145,0.8,0,290500,60,0,0.008
C-00821,0.0359,0.0,0.0,-0.0042,0.7895,0,-0.0044,0.01086,0.00166,2.2,0,264500,74,0,0.05
C-00822,0.0793,0.0,0.0,-0.0737,0.2857,0,0.0455,0.00898,-0.00022,9.0,0,1059000,68,0,0.016
C-00823,0.0376,0.0,0.0,-0.0376,0.75,1,-0.0009,0.01085,0.00165,1.1,0,266000,39,0,0.124
C-00824,0.1161,0.0,0.0,-0.1078,0.56,0,0.003,0.00923,3e-05,0.3,0,861000,67,0,0.02
C-00825,0.0485,0.0,0.0,0.0242,0.125,0,0.0024,0.011,0.0018,0.9,0,82500,63,0,0.075
C-00826,0.2583,0.5401,0.1395,-0.2454,0.7143,0,0.0393,0.00963,0.00043,8.5,0,555500,50,0,0.041
C-00827,0.1954,0.1186,0.0232,-0.1954,0.4746,1,0.011,0.011,0.0018,2.8,1,151000,55,0,0.019
C-00828,0.1217,0.0,0.0,0.071,0.78,0,0.0421,0.011,0.0018,3,1,205500,25,0,0.029
C-00829,0.0669,0.0,0.0,-0.0046,0.4694,0,0.0074,0.01021,0.00101,10.6,0,366000,54,0,0.035
C-00830,0.1353,0.0,0.0,-0.0707,0.6747,0,-0.0138,0.00952,0.00032,0.6,1,613500,47,0,0.002
C-00831,0.173,0.3051,0.0528,-0.173,0.6441,1,0.0136,0.011,0.0018,7.7,0,170500,49,0,0.0
C-00832,0.1255,0.0,0.0,-0.1217,0.6063,0,0.0004,0.00859,-0.00061,3.9,0,1255000,68,0,0.049
C-00833,0.1648,0.0,0.0,-0.1473,0.2556,0,-0.0033,0.00964,0.00044,0.3,0,546000,72,0,0.0
C-00834,0.1642,0.3636,0.0597,0.0149,0.5,0,0.0127,0.011,0.0018,0.7,0,67000,32,0,0.01
C-00835,0.167,0.0,0.0,-0.167,0.5625,1,0.0016,0.011,0.0018,0.8,1,239500,73,0,0.083
C-00836,0.1053,0.6,0.0632,0.0463,0.9,0,-0.0226,0.011,0.0018,3,1,47500,25,1,0.718
C-00837,0.059,0.0,0.0,-0.0492,0.1836,0,-0.0059,0.00709,-0.00211,16,1,3414000,38,0,0.016
C-00838,0.1419,0.0,0.0,-0.0901,0.3578,0,0.0048,0.00937,0.00017,9.9,0,719000,54,0,0.068
C-00839,0.2015,0.0,0.0,-0.1993,0.5958,0,0.0047,0.00894,-0.00026,11.6,0,1074500,75,0,0.076
C-00840,0.0911,0.2231,0.0203,-0.0867,0.6096,0,-0.0001,0.0084,-0.0008,6.7,1,1378000,63,0,0.004
C-00841,0.0502,0.0,0.0,-0.0351,0.1562,0,-0.0068,0.00948,0.00028,0.8,0,637500,37,0,0.01
C-00842,0.1347,0.0,0.0,-0.0914,0.5052,0,0.0143,0.01024,0.00104,1.3,0,360000,59,0,0.012
C-00843,0.4022,0.6393,0.2571,-0.3752,0.8447,0,0.0438,0.00965,0.00045,10.2,1,544500,64,1,0.58
C-00844,0.0221,0.0,0.0,-0.0221,0.0,1,0.027,0.01063,0.00143,13,1,294000,35,0,0.015
C-00845,0.086,0.0,0.0,-0.0057,0.1778,0,0.0369,0.01089,0.00169,6.2,1,261500,73,0,0.027
C-00846,0.1025,0.0,0.0,0.0254,0.4,0,0.011,0.011,0.0018,8.4,0,122000,45,0,0.037
C-00847,0.0882,0.4127,0.0364,0.1269,0.9048,0,0.0188,0.01025,0.00105,12.2,0,357000,50,1,0.733
C-00848,0.0906,0.6481,0.0587,-0.0745,0.6481,0,-0.0023,0.0106,0.0014,22.3,0,298000,67,0,0.024
C-00849,0.1059,0.0,0.0,-0.0353,0.9722,0,-0.015,0.011,0.0018,5.7,0,170000,49,0,0.036
C-00850,0.0529,0.0,0.0,-0.0306,1.0,0,0.0018,0.00872,-0.00048,5.3,0,1180500,48,0,0.019
C-00851,0.1125,0.0,0.0,-0.0713,0.0519,0,0.0102,0.00842,-0.00078,0.9,1,1368500,42,1,0.348
C-00852,0.0549,0.0,0.0,-0.0228,0.4872,0,0.0106,0.00938,0.00018,0.3,0,710500,44,0,0.07
C-00853,0.129,0.0,0.0,-0.129,0.3333,1,0.0041,0.011,0.0018,5.6,0,46500,54,0,0.053
C-00854,0.148,0.0,0.0,-0.1302,0.4843,0,-0.002,0.00966,0.00046,0.7,0,537000,32,0,0.03
C-00855,0.0562,0.0,0.0,-0.0562,0.36,1,-0.0005,0.00991,0.00071,0.4,0,444500,63,0,0.0
C-00856,0.1551,0.0,0.0,-0.1551,0.3231,1,-0.0188,0.011,0.0018,1.5,1,209500,62,0,0.021
C-00857,0.0776,0.0,0.0,-0.0776,0.6289,1,-0.0015,0.0095,0.0003,6.4,0,625000,56,0,0.0
C-00858,0.0507,0.0,0.0,-0.0427,0.7096,0,-0.0043,0.00682,-0.00238,0.3,1,3907500,50,0,0.026
C-00859,0.1545,0.0,0.0,0.1187,0.0,0,0.0016,0.011,0.0018,4,0,61500,26,0,0.035
C-00860,0.0814,0.2652,0.0216,-0.0576,1.0,0,0.0253,0.0078,-0.0014,2.7,0,2015000,51,0,0.025
C-00861,0.0625,0.0,0.0,-0.056,0.5451,0,0.0399,0.00779,-0.00141,3.4,0,2041500,60,0,0.016
C-00862,0.1115,0.0,0.0,-0.1115,0.1667,1,0.0479,0.011,0.0018,3.0,0,134500,68,0,0.042
C-00863,0.102,0.4571,0.0466,-0.102,0.35,1,0.0113,0.00941,0.00021,3.0,1,686500,37,0,0.038
C-00864,0.1354,0.0,0.0,-0.1354,0.3077,1,-0.0139,0.011,0.0018,5,1,48000,27,0,0.048
C-00865,0.0604,0.0,0.0,-0.0604,0.6471,1,0.0143,0.01072,0.00152,2.8,1,281500,60,0,0.085
C-00866,0.1745,0.0,0.0,-0.1534,0.6639,0,0.0044,0.01033,0.00113,4.9,0,341000,75,0,0.029
C-00867,0.0366,0.0,0.0,0.1463,0.0,0,0.0472,0.011,0.0018,3.1,1,82000,29,0,0.106
C-00868,0.1432,0.0,0.0,-0.1405,0.5357,0,0.0043,0.00842,-0.00078,26.8,0,1369000,60,0,0.041
C-00869,0.2018,0.8333,0.1682,-0.2018,0.3654,1,0.0478,0.01012,0.00092,4.8,1,386500,37,0,0.051
C-00870,0.1,0.0,0.0,-0.06,0.3667,0,-0.0118,0.011,0.0018,26.3,0,150000,57,0,0.043
C-00871,0.1712,0.2927,0.0501,-0.1712,0.378,1,-0.0054,0.011,0.0018,3.1,1,239500,71,0,0.025
C-00872,0.1196,0.0,0.0,-0.1196,0.0909,1,0.0398,0.011,0.0018,2.1,0,46000,27,0,0.008
C-00873,0.1812,0.5432,0.0984,-0.1812,0.0617,1,0.0392,0.011,0.0018,0.9,0,223500,34,1,0.257
C-00874,0.1104,0.0,0.0,0.01,0.2424,0,0.0267,0.011,0.0018,3,0,149500,25,0,0.059
C-00875,0.2273,0.68,0.1545,-0.2273,0.8,1,0.0362,0.011,0.0018,1.8,1,110000,42,1,0.4
C-00876,0.1444,0.3066,0.0443,-0.1444,0.4818,1,-0.0056,0.00982,0.00062,0.9,0,474500,74,0,0.039
C-00877,0.0445,0.0,0.0,-0.0445,0.2,1,0.0088,0.011,0.0018,11,1,224500,33,0,0.043
C-00878,0.1501,0.0,0.0,-0.1371,0.7169,0,0.0075,0.00963,0.00043,3.9,0,553000,35,0,0.075
C-00879,0.0925,0.0,0.0,-0.0512,0.3488,0,-0.0085,0.011,0.0018,2.1,0,232500,49,0,0.054
C-00880,0.0546,0.0,0.0,0.0765,0.5385,0,0.0,0.011,0.0018,5,0,119000,27,0,0.065
C-00881,0.0415,0.0,0.0,0.0063,0.7857,0,0.002,0.00872,-0.00048,4.2,1,1180000,58,0,0.0
C-00882,0.1412,0.0,0.0,-0.0592,0.2903,0,-0.0007,0.011,0.0018,6.6,0,219500,53,0,0.058
C-00883,0.0859,0.0,0.0,0.0006,0.2581,0,-0.0124,0.011,0.0018,1.5,0,180500,30,0,0.035
C-00884,0.2655,0.4805,0.1276,-0.2172,0.1299,0,0.0309,0.011,0.0018,1.8,0,145000,36,1,0.547
C-00885,0.1097,0.0,0.0,-0.0644,0.6148,0,0.0537,0.00962,0.00042,1.6,0,556000,41,0,0.029
C-00886,0.0769,0.0,0.0,-0.0769,0.4286,1,-0.0008,0.011,0.0018,6.8,0,45500,31,0,0.043
C-00887,0.0612,0.0,0.0,0.0306,0.3333,0,0.0036,0.011,0.0018,0.7,0,196000,60,0,0.03
C-00888,0.1725,0.0,0.0,-0.1188,0.4074,0,0.0271,0.011,0.0018,1.8,0,156500,70,0,0.025
C-00889,0.132,0.0,0.0,-0.1011,0.4146,0,0.0064,0.00984,0.00064,7.1,0,466000,59,0,0.037
C-00890,0.1163,0.0,0.0,0.1767,0.35,0,-0.0046,0.011,0.0018,1.9,0,86000,28,0,0.071
C-00891,0.2301,0.0,0.0,-0.2281,0.5216,0,-0.0054,0.00761,-0.00159,20.5,1,2366000,75,0,0.016
C-00892,0.0722,0.0,0.0,0.0133,0.5325,0,-0.0074,0.00967,0.00047,2.5,0,533500,45,0,0.052
C-00893,0.1807,0.0,0.0,-0.1807,0.2045,1,0.0431,0.00913,-7e-05,2.7,0,988000,53,1,0.05
C-00894,0.4162,0.7211,0.3002,-0.4102,0.0388,0,0.0549,0.00847,-0.00073,5.4,1,1331000,38,1,0.593
C-00895,0.1038,0.0,0.0,-0.075,0.3462,0,0.0019,0.011,0.0018,5.7,0,250500,70,0,0.012
C-00896,0.2026,0.2811,0.057,-0.1909,0.494,0,0.0052,0.00864,-0.00056,17.1,0,1229000,49,0,0.004
C-00897,0.2021,0.6842,0.1383,-0.2021,0.2632,1,0.0374,0.011,0.0018,4,0,47000,26,1,0.624
C-00898,0.2212,0.5263,0.1164,-0.1793,0.1842,0,0.0221,0.00996,0.00076,9.0,0,429500,60,0,0.005
C-00899,0.1091,0.0,0.0,-0.0944,0.2661,0,0.0274,0.00678,-0.00242,6.1,0,3995000,63,0,0.022
C-00900,0.2748,0.7229,0.1987,-0.1477,0.2169,0,0.0392,0.011,0.0018,0.3,1,151000,53,1,1.0
C-00901,0.0779,0.0,0.0,-0.0779,0.0556,1,0.0132,0.011,0.0018,5.9,0,115500,74,0,0.049
C-00902,0.1189,0.0,0.0,-0.1037,0.4489,0,0.0026,0.00916,-4e-05,2.6,1,946000,38,0,0.09
C-00903,0.1194,0.2222,0.0265,-0.0716,0.2222,0,0.0319,0.01057,0.00137,1.4,0,301500,67,0,0.065
C-00904,0.086,0.0,0.0,-0.086,0.0,1,-0.0007,0.011,0.0018,0.3,1,93000,30,0,0.067
C-00905,0.2875,0.1688,0.0485,-0.275,0.5836,0,-0.0026,0.00764,-0.00156,1.8,1,2297500,52,0,0.035
C-00906,0.1354,0.0,0.0,-0.1354,0.6923,1,0.0281,0.011,0.0018,12.7,1,48000,44,0,0.0
C-00907,0.077,0.0,0.0,-0.0534,0.7021,0,0.0404,0.00918,-2e-05,1.4,0,915000,52,0,0.069
C-00908,0.1064,0.0,0.0,0.0468,0.5,0,-0.0033,0.011,0.0018,6.9,1,47000,35,0,0.06
C-00909,0.0971,0.0,0.0,-0.0971,0.4118,1,0.0341,0.011,0.0018,2.0,0,87500,27,0,0.054
C-00910,0.1629,0.2453,0.04,-0.1629,0.2453,1,0.0184,0.00668,-0.00252,2.5,1,4228500,39,0,0.097
C-00911,0.0588,0.0,0.0,-0.0252,0.1429,0,0.0444,0.011,0.0018,2.0,1,59500,33,0,0.009
C-00912,0.2066,0.2689,0.0556,-0.1733,0.0,0,-0.0116,0.01067,0.00147,1.2,0,288000,75,0,0.049
C-00913,0.1258,0.6533,0.0822,-0.1127,0.0803,0,0.0152,0.00756,-0.00164,8.8,1,2476500,61,0,0.049
C-00914,0.4495,0.7523,0.3381,-0.4495,0.5,1,0.0543,0.011,0.0018,8.1,0,242500,39,1,0.566
C-00915,0.073,0.0,0.0,-0.073,0.7568,1,-0.0007,0.01097,0.00177,5.1,1,253500,67,0,0.065
C-00916,0.0977,0.0,0.0,-0.0977,0.0,1,-0.002,0.00756,-0.00164,2.8,0,2466000,50,0,0.0
C-00917,0.1325,0.3,0.0397,-0.053,0.75,0,-0.0005,0.011,0.0018,0.3,0,75500,49,0,0.025
C-00918,0.05,0.0,0.0,0.158,0.6667,0,0.0012,0.011,0.0018,0.8,1,150000,39,0,0.036
C-00919,0.0305,0.0,0.0,-0.0132,0.3421,0,0.0118,0.0095,0.0003,7.8,0,623000,51,0,0.044
C-00920,0.1798,0.5934,0.1067,-0.0992,0.5934,0,-0.0045,0.01097,0.00177,2.5,1,253000,57,0,0.08
C-00921,0.1325,0.0,0.0,-0.0568,0.119,0,-0.0001,0.011,0.0018,16.5,1,158500,55,0,0.09
C-00922,0.1804,0.4162,0.0751,-0.1804,0.4509,1,0.05,0.0098,0.0006,5.9,0,479500,72,1,0.675
C-00923,0.1806,0.2117,0.0382,-0.1768,0.3219,0,-0.0001,0.00688,-0.00232,5.1,1,3792000,52,0,0.055
C-00924,0.1701,0.3356,0.0571,-0.1016,0.3356,0,0.0002,0.00993,0.00073,11.8,0,438000,63,0,0.081
C-00925,0.1384,0.0,0.0,-0.1384,0.7347,1,0.0311,0.011,0.0018,3.3,0,177000,35,0,0.115
C-00926,0.2637,0.375,0.0989,-0.1319,0.5417,0,0.0051,0.011,0.0018,0.5,0,45500,73,0,0.061
C-00927,0.0412,0.0,0.0,-0.0152,0.5351,0,0.0013,0.0084,-0.0008,10.7,0,1384000,62,0,0.022
C-00928,0.097,0.0,0.0,0.063,0.5625,0,-0.0037,0.011,0.0018,11,0,165000,33,0,0.047
C-00929,0.1118,0.0,0.0,-0.1041,0.366,0,-0.0062,0.0063,-0.0029,4.6,0,5473500,45,0,0.028
C-00930,0.104,0.0,0.0,0.4336,0.6154,0,0.0091,0.011,0.0018,14,1,62500,36,0,0.03
C-00931,0.0872,0.0,0.0,-0.0383,1.0,0,-0.0055,0.00923,3e-05,21,1,860500,43,0,0.027
C-00932,0.073,0.0,0.0,-0.0472,0.2941,0,-0.0032,0.011,0.0018,0.5,0,233000,62,0,0.016
C-00933,0.1544,0.413,0.0638,-0.1383,0.6739,0,-0.0118,0.011,0.0018,1.2,0,149000,74,0,0.04
C-00934,0.1296,0.0,0.0,-0.1207,0.0571,0,0.0467,0.00866,-0.00054,0.3,0,1215500,66,0,0.053
C-00935,0.0866,0.0,0.0,-0.0519,0.3986,0,0.0053,0.00928,8e-05,15.8,0,797000,57,0,0.09
C-00936,0.1847,0.5012,0.0926,-0.1717,0.2317,0,0.0461,0.00768,-0.00152,3.5,0,2220000,58,0,0.039
C-00937,0.1267,0.0,0.0,-0.1267,0.419,1,0.0041,0.01001,0.00081,4.3,0,414500,37,0,0.0
C-00938,0.1082,0.0,0.0,-0.1082,0.0,1,-0.0093,0.00906,-0.00014,6.6,0,1026000,32,0,0.043
C-00939,0.2595,0.5274,0.1368,-0.2595,0.6135,1,0.0512,0.00723,-0.00197,0.4,0,3201000,45,0,0.092
C-00940,0.0635,0.0,0.0,-0.0635,0.4286,1,-0.0048,0.00963,0.00043,13.1,0,551000,74,0,0.016
C-00941,0.1074,0.0,0.0,-0.0992,0.8294,0,0.0087,0.00874,-0.00046,7.6,1,1173000,70,0,0.054
C-00942,0.1497,0.0,0.0,-0.1281,0.6,0,-0.0067,0.011,0.0018,1.2,1,167000,31,0,0.074
C-00943,0.0909,0.0,0.0,-0.0909,0.0,1,0.0544,0.011,0.0018,3,1,60500,25,0,0.056
C-00944,0.1373,0.0,0.0,-0.0824,0.6282,0,0.0149,0.0107,0.0015,9.1,0,284000,61,0,0.031
C-00945,0.1452,0.0,0.0,-0.0357,0.7714,0,-0.0037,0.011,0.0018,1.8,1,120500,30,0,0.051
C-00946,0.0478,0.0,0.0,-0.0478,0.7273,1,0.0192,0.00826,-0.00094,8.1,1,1495500,54,0,0.081
C-00947,0.0418,0.0,0.0,-0.0418,0.6515,1,0.0136,0.00816,-0.00104,6.4,0,1580500,67,0,0.009
C-00948,0.1099,0.0,0.0,1.1033,0.6,0,-0.0009,0.011,0.0018,11.2,0,45500,40,1,0.244
C-00949,0.293,0.6133,0.1797,-0.293,0.1867,1,0.0423,0.011,0.0018,2.3,0,128000,29,1,0.454
C-00950,0.1058,0.0,0.0,-0.0533,0.7816,0,0.0195,0.01002,0.00082,6.7,0,411000,46,0,0.103
C-00951,0.1705,0.0,0.0,0.0477,0.6,0,0.0005,0.011,0.0018,3.5,0,44000,31,0,0.0
C-00952,0.2239,0.2772,0.0621,-0.208,0.1188,0,0.0023,0.011,0.0018,1.5,0,225500,67,0,0.021
C-00953,0.0462,0.0,0.0,0.12,0.6667,0,-0.0053,0.011,0.0018,13.8,0,65000,63,0,0.054
C-00954,0.063,0.0,0.0,-0.0489,0.2791,0,0.0207,0.01033,0.00113,6.2,0,341500,57,0,0.046
C-00955,0.2607,0.7636,0.1991,-0.2455,0.0,0,0.055,0.011,0.0018,3.2,0,105500,50,1,0.636
C-00956,0.0748,0.0,0.0,-0.0522,0.3679,0,0.0454,0.00773,-0.00147,9.1,0,2126000,49,0,0.054
C-00957,0.163,0.0,0.0,-0.163,0.3403,1,0.0525,0.00921,1e-05,4.7,1,883500,60,0,0.082
C-00958,0.1277,0.1667,0.0213,0.0766,0.2222,0,0.0204,0.011,0.0018,2.8,0,70500,52,0,0.06
C-00959,0.1341,0.0,0.0,-0.0851,0.2754,0,-0.0134,0.00905,-0.00015,14,0,1029000,36,0,0.042
C-00960,0.1241,0.0,0.0,-0.0858,0.0878,0,-0.0072,0.00955,0.00035,0.3,0,596500,60,0,0.022
C-00961,0.0816,0.0,0.0,-0.0816,0.6875,1,-0.0033,0.011,0.0018,2.7,0,98000,74,0,0.056
C-00962,0.1492,0.0,0.0,-0.1304,0.614,0,-0.0017,0.011,0.0018,0.3,0,191000,66,0,0.03
C-00963,0.2518,0.5429,0.1367,-0.2518,0.7429,1,0.0296,0.011,0.0018,0.3,0,139000,41,0,0.028
C-00964,0.3636,0.925,0.3364,-0.3636,0.0125,1,0.0539,0.011,0.0018,1.0,0,110000,29,1,0.881
C-00965,0.0996,0.0,0.0,-0.0784,0.5476,0,-0.0111,0.00828,-0.00092,2.0,0,1476500,70,0,0.06
C-00966,0.1314,0.0,0.0,-0.0916,0.2737,0,0.0029,0.01023,0.00103,2.4,0,361500,30,0,0.031
C-00967,0.0603,0.0,0.0,-0.0495,0.5689,0,-0.0166,0.00616,-0.00304,6.2,0,6137500,61,0,0.089
C-00968,0.1318,0.0,0.0,0.1287,0.6471,0,-0.0022,0.011,0.0018,0.3,0,64500,25,0,0.076
C-00969,0.0858,0.0,0.0,-0.0489,0.7761,0,-0.0007,0.0101,0.0009,10.5,0,390500,60,0,0.063
C-00970,0.2737,0.5187,0.1419,-0.2737,0.2243,1,0.038,0.0101,0.0009,6,0,391000,28,0,0.057
C-00971,0.1516,0.2557,0.0388,-0.1466,0.6301,0,-0.0028,0.00937,0.00017,6.3,0,722500,74,0,0.053
C-00972,0.0839,0.0,0.0,-0.0554,0.1792,0,-0.0093,0.00949,0.00029,5.2,0,632000,47,0,0.0
C-00973,0.0382,0.0,0.0,0.1172,1.0,0,0.0023,0.00983,0.00063,1.1,0,471000,50,0,0.025
C-00974,0.3723,0.6857,0.2553,-0.3723,0.4857,1,0.044,0.011,0.0018,1.5,1,47000,34,1,0.304
C-00975,0.0742,0.0,0.0,-0.0163,0.0,0,-0.0063,0.01082,0.00162,5.6,0,269500,75,0,0.019
C-00976,0.2354,0.1503,0.0354,-0.2002,0.3886,0,-0.0036,0.01002,0.00082,0.5,0,410000,67,0,0.055
C-00977,0.2268,0.3636,0.0825,-0.2268,0.6364,1,-0.0099,0.011,0.0018,1.5,1,48500,26,0,0.07
C-00978,0.0988,0.0,0.0,-0.0088,0.5556,0,0.0417,0.00964,0.00044,6.9,1,546500,55,0,0.036
C-00979,0.1402,0.0,0.0,0.0354,0.2609,0,-0.0144,0.011,0.0018,7.1,0,82000,61,0,0.078
C-00980,0.4172,0.4127,0.1722,-0.2901,0.4921,0,0.0334,0.011,0.0018,4.1,1,75500,60,1,0.562
C-00981,0.0626,0.0,0.0,-0.0421,1.0,0,-0.0031,0.00969,0.00049,0.4,1,527000,69,0,0.039
C-00982,0.1656,0.0,0.0,-0.0773,0.1481,0,0.0289,0.011,0.0018,4.5,1,81500,66,0,0.034
C-00983,0.1832,0.0,0.0,-0.0199,0.2,0,-0.0082,0.011,0.0018,9.2,1,95500,46,0,0.005
C-00984,0.0965,0.0,0.0,-0.0371,0.4615,0,-0.0136,0.011,0.0018,5,0,202000,27,0,0.052
C-00985,0.1067,0.6275,0.0669,-0.1067,0.8431,1,-0.0047,0.011,0.0018,0.9,0,239000,65,0,0.03
C-00986,0.0842,0.0,0.0,-0.0842,0.2969,1,0.0106,0.01014,0.00094,4.9,0,380000,37,0,0.061
C-00987,0.078,0.0,0.0,0.0359,1.0,0,-0.0153,0.011,0.0018,3,0,147500,25,0,0.084
C-00988,0.1842,0.3214,0.0592,-0.1211,0.25,0,-0.0096,0.011,0.0018,0.3,0,152000,36,1,0.457
C-00989,0.0632,0.0,0.0,0.1389,0.5,0,-0.0046,0.011,0.0018,7.8,0,47500,40,0,0.075
C-00990,0.1331,0.0,0.0,-0.0903,0.4845,0,-0.0127,0.01021,0.00101,2.6,0,364500,53,0,0.0
C-00991,0.2679,0.6286,0.1684,-0.176,0.0,0,0.0431,0.011,0.0018,3.3,0,196000,44,0,0.037
C-00992,0.1618,0.0,0.0,-0.1618,0.1158,1,-0.0011,0.01063,0.00143,0.8,1,293500,37,0,0.061
C-00993,0.2262,0.0,0.0,-0.2262,0.46,1,0.0034,0.011,0.0018,7.0,1,221000,71,1,0.066
C-00994,0.0498,0.0,0.0,-0.0186,0.0,0,0.0144,0.00921,1e-05,14.1,1,883000,65,0,0.037
C-00995,0.1277,0.0,0.0,0.1787,0.4167,0,-0.01,0.011,0.0018,16.3,0,47000,69,0,0.074
C-00996,0.129,0.0,0.0,-0.1079,0.4713,0,-0.0053,0.00738,-0.00182,3.7,0,2970000,61,0,0.0
C-00997,0.1187,0.0,0.0,-0.0943,0.3333,0,0.0438,0.01048,0.00128,4.3,1,316000,59,1,0.14
C-00998,0.1609,0.0,0.0,-0.1609,0.1856,1,-0.0226,0.0097,0.0005,6.5,0,519000,62,0,0.051
C-00999,0.0914,0.0,0.0,-0.0762,0.4187,0,-0.0107,0.00816,-0.00104,9.5,1,1581500,35,0,0.0
C-01000,0.1312,0.0,0.0,-0.1233,0.373,0,-0.0004,0.00866,-0.00054,7.1,0,1215500,56,0,0.053
C-01001,0.0772,0.0,0.0,-0.0547,0.0,0,0.0043,0.00874,-0.00046,3.2,0,1172000,51,0,0.067
C-01002,0.1468,0.0,0.0,-0.1087,0.2973,0,0.0004,0.011,0.0018,5.1,0,126000,68,0,0.02
C-01003,0.0717,0.0,0.0,-0.0717,0.2703,1,0.0544,0.01092,0.00172,1.0,0,258000,34,0,0.029
C-01004,0.0478,0.0,0.0,-0.0048,0.375,0,-0.0052,0.01037,0.00117,2.8,1,334500,38,0,0.014
C-01005,0.0952,0.0,0.0,-0.0267,0.25,0,-0.0135,0.011,0.0018,9.0,1,105000,75,0,0.056
C-01006,0.0549,0.0,0.0,-0.0479,0.7127,0,-0.0005,0.00644,-0.00276,2.5,0,4946500,51,0,0.0
C-01007,0.1555,0.3529,0.0549,-0.1555,0.1569,1,0.0109,0.011,0.0018,17,1,164000,39,1,0.286
C-01008,0.0805,0.4255,0.0342,-0.0805,0.0851,1,-0.0053,0.01064,0.00144,0.3,1,292000,26,0,0.0
C-01009,0.1167,0.0,0.0,-0.1167,0.3784,1,-0.0035,0.011,0.0018,0.3,1,158500,62,0,0.038
C-01010,0.2376,0.0,0.0,-0.1663,0.3889,0,0.0001,0.011,0.0018,3.4,0,151500,58,0,0.0
C-01011,0.072,0.0,0.0,-0.0613,0.5818,0,0.0141,0.00787,-0.00133,7.9,1,1909500,45,0,0.062
C-01012,0.1528,0.0,0.0,-0.0611,0.6591,0,0.0005,0.011,0.0018,1.8,0,144000,54,0,0.08
C-01013,0.0423,0.0,0.0,0.0339,1.0,0,0.0429,0.011,0.0018,1.6,0,94500,63,0,0.0
C-01014,0.3196,0.7075,0.2261,-0.2778,1.0,0,0.0497,0.011,0.0018,1.6,1,230000,62,1,0.765
C-01015,0.0828,0.0,0.0,-0.0528,0.0566,0,0.0001,0.01045,0.00125,12,1,320000,34,0,0.046
C-01016,0.0963,0.0,0.0,0.0706,0.3889,0,0.0034,0.011,0.0018,1.0,0,93500,65,0,0.027
C-01017,0.0495,0.0,0.0,0.0045,0.1818,0,-0.002,0.011,0.0018,4.4,1,111000,42,0,0.024
C-01018,0.085,0.0,0.0,-0.085,0.8485,1,-0.0088,0.00914,-6e-05,2.1,1,970500,60,0,0.0
C-01019,0.2953,0.2228,0.0658,-0.2953,0.5347,1,0.0346,0.01033,0.00113,5.6,0,342000,41,1,0.135
C-01020,0.173,0.0,0.0,-0.1677,0.5663,0,-0.0059,0.00596,-0.00324,3.3,0,7416500,60,0,0.046
C-01021,0.1313,0.0,0.0,-0.1229,0.8983,0,-0.0081,0.00622,-0.00298,0.5,0,5842000,64,1,0.174
C-01022,0.1243,0.0,0.0,-0.1243,0.2335,1,-0.0056,0.00943,0.00023,1.7,1,671500,70,0,0.023
C-01023,0.0769,0.0,0.0,-0.0769,0.5946,1,-0.0021,0.011,0.0018,0.8,1,240500,72,0,0.052
C-01024,0.1913,0.4,0.0765,-0.1913,0.5733,1,0.0511,0.011,0.0018,3.5,1,196000,39,1,0.447
C-01025,0.0526,0.0,0.0,0.2758,0.2,0,-0.0177,0.011,0.0018,5.3,1,47500,47,0,0.048
C-01026,0.0455,0.0,0.0,0.0169,0.0,0,-0.0029,0.011,0.0018,2.6,1,154000,53,0,0.042
C-01027,0.1499,0.2443,0.0366,-0.1352,0.2799,0,0.0071,0.0085,-0.0007,16.1,1,1311000,66,1,0.374
C-01028,0.0916,0.0,0.0,-0.073,0.0,0,-0.0143,0.01044,0.00124,9.2,0,322000,69,0,0.0
C-01029,0.0771,0.0,0.0,-0.069,0.2982,0,0.0076,0.00828,-0.00092,3.9,0,1478000,57,0,0.021
C-01030,0.1149,0.0,0.0,-0.0095,0.8824,0,-0.0129,0.011,0.0018,4.4,0,148000,55,0,0.056
C-01031,0.0612,0.0,0.0,-0.0572,0.0,0,0.0189,0.00794,-0.00126,2.6,0,1822500,71,0,0.05
C-01032,0.2092,0.2257,0.0472,-0.1829,0.6562,0,0.021,0.00919,-1e-05,7.7,0,910500,64,0,0.047
C-01033,0.0516,0.0,0.0,0.0723,0.0,0,-0.0139,0.00997,0.00077,3.2,0,426000,45,0,0.003
C-01034,0.0818,0.0,0.0,-0.0559,0.0943,0,-0.0206,0.01043,0.00123,1.8,0,324000,25,0,0.059
C-01035,0.1774,0.0,0.0,-0.0613,0.6667,0,-0.0011,0.011,0.0018,0.3,1,93000,41,0,0.084
C-01036,0.1073,0.0,0.0,-0.0771,0.4234,0,0.0367,0.00904,-0.00016,6.0,0,1034500,42,0,0.044
C-01037,0.0745,0.0,0.0,-0.0745,0.0,1,0.0049,0.011,0.0018,10,1,47000,32,0,0.043
C-01038,0.0828,0.0,0.0,-0.0542,0.592,0,0.0456,0.00933,0.00013,3,1,755000,25,0,0.047
C-01039,0.2496,0.3097,0.0773,-0.2496,0.0645,1,0.006,0.01051,0.00131,1.4,0,310500,38,1,0.528
C-01040,0.0783,0.0,0.0,-0.0402,0.2432,0,-0.0004,0.00982,0.00062,4.5,1,472500,63,0,0.044
C-01041,0.1489,0.0,0.0,-0.1489,0.2857,1,0.0071,0.011,0.0018,1.6,0,47000,48,0,0.013
C-01042,0.113,0.0,0.0,-0.0443,0.5067,0,0.0003,0.01038,0.00118,7.1,0,332000,49,0,0.096
C-01043,0.2155,0.331,0.0713,-0.2012,0.3862,0,0.0055,0.01036,0.00116,7.5,0,336500,37,0,0.039
C-01044,0.2077,0.0,0.0,-0.2077,0.4571,1,0.0075,0.011,0.0018,9.4,0,168500,56,0,0.031
C-01045,0.111,0.0,0.0,-0.0574,0.4675,0,-0.0069,0.00932,0.00012,0.8,0,761000,61,0,0.084
C-01046,0.1739,0.0,0.0,-0.1739,0.25,1,-0.0058,0.011,0.0018,4.7,0,46000,33,0,0.038
C-01047,0.0543,0.0,0.0,-0.0543,1.0,1,-0.0074,0.011,0.0018,1.1,1,129000,70,0,0.067
C-01048,0.1382,0.6129,0.0847,-0.1195,0.0,0,0.0168,0.00989,0.00069,6.7,1,448500,66,0,0.01
C-01049,0.1416,0.2894,0.041,-0.1082,1.0,0,0.0085,0.00711,-0.00209,30,0,3379500,59,0,0.046
C-01050,0.2525,0.4314,0.1089,-0.1218,0.549,0,-0.0092,0.011,0.0018,7.0,1,101000,53,0,0.032
C-01051,0.0764,0.0,0.0,0.0,0.4583,0,0.0097,0.011,0.0018,1.3,0,157000,28,0,0.029
C-01052,0.1446,0.7083,0.1024,-0.0145,0.875,0,-0.0143,0.011,0.0018,1.9,1,83000,65,0,0.068
C-01053,0.1201,0.0,0.0,0.0274,0.2791,0,0.0064,0.011,0.0018,9,0,179000,31,0,0.027
C-01054,0.0532,0.0,0.0,0.1,0.0,0,-0.0092,0.011,0.0018,0.3,1,47000,35,0,0.082
C-01055,0.1262,0.0,0.0,0.0369,0.8462,0,0.0372,0.011,0.0018,0.8,0,51500,71,0,0.024
C-01056,0.056,0.0,0.0,-0.0438,0.4659,0,0.0019,0.0093,0.0001,2.2,1,785500,67,0,0.057
C-01057,0.1072,0.0,0.0,-0.088,0.605,0,-0.0121,0.00805,-0.00115,0.3,1,1689000,61,1,0.287
C-01058,0.0414,0.0,0.0,0.0083,0.1667,0,0.0141,0.01022,0.00102,10.9,0,362500,59,0,0.048
C-01059,0.1857,0.0,0.0,-0.1857,0.4115,1,-0.0007,0.00971,0.00051,0.3,0,517000,73,0,0.005
C-01060,0.0973,0.0,0.0,-0.0399,0.5789,0,0.0053,0.01063,0.00143,7.5,0,293000,65,0,0.0
C-01061,0.4202,0.8026,0.3373,-0.3924,0.9868,0,0.0505,0.00949,0.00029,2.9,1,633000,46,1,0.968
C-01062,0.0554,0.0,0.0,-0.0519,0.5065,0,0.0011,0.00839,-0.00081,0.7,0,1391000,72,0,0.098
C-01063,0.1405,0.0,0.0,-0.0442,0.2727,0,-0.0071,0.01078,0.00158,8.9,0,274000,57,0,0.043
C-01064,0.1616,0.0,0.0,-0.1418,0.4736,0,-0.0187,0.0079,-0.0013,10.7,0,1874500,58,0,0.024
C-01065,0.3021,0.6505,0.1965,-0.3021,0.8835,1,0.0366,0.011,0.0018,0.8,1,170500,30,1,0.462
C-01066,0.0182,0.0,0.0,0.0692,0.5556,0,0.0013,0.011,0.0018,1.6,0,247000,45,0,0.034
C-01067,0.1667,0.0,0.0,-0.1167,0.3036,0,-0.0027,0.011,0.0018,8.8,0,168000,33,0,0.052
C-01068,0.119,0.4862,0.0579,-0.0849,0.1927,0,0.0034,0.00986,0.00066,4.7,1,458000,36,0,0.0
C-01069,0.1081,0.0,0.0,-0.0862,0.5904,0,-0.0043,0.01013,0.00093,18.0,1,384000,63,0,0.011
C-01070,0.1452,0.5556,0.0806,-0.1452,0.8333,1,0.0059,0.011,0.0018,1.6,0,62000,29,0,0.052
C-01071,0.1276,0.0,0.0,-0.0979,0.6935,0,-0.0145,0.011,0.0018,0.5,0,243000,65,0,0.015
C-01072,0.0711,0.0,0.0,0.0028,0.3806,0,-0.0013,0.00916,-4e-05,5.5,1,942000,62,0,0.006
C-01073,0.1099,0.8814,0.0968,-0.1099,0.8814,1,0.0518,0.01083,0.00163,2.8,0,268500,39,1,0.516
C-01074,0.0959,0.0,0.0,-0.0137,0.4286,0,0.0261,0.011,0.0018,1.5,0,219000,35,0,0.009
C-01075,0.0748,0.0,0.0,-0.0748,0.7153,1,0.005,0.00915,-5e-05,6.1,1,962000,71,0,0.016
C-01076,0.1398,0.3846,0.0538,-0.0882,0.6154,0,-0.0072,0.011,0.0018,2.8,1,46500,75,0,0.004
C-01077,0.041,0.0,0.0,-0.041,0.7273,1,0.0093,0.011,0.0018,5.0,0,134000,42,0,0.09
C-01078,0.1265,0.0,0.0,-0.098,0.0938,0,-0.0194,0.011,0.0018,4,1,126500,26,0,0.033
C-01079,0.1049,0.0,0.0,-0.1049,0.2941,1,0.0037,0.011,0.0018,1.7,0,81000,36,1,0.154
C-01080,0.0976,0.0,0.0,0.1951,0.625,0,0.0017,0.011,0.0018,4.4,0,82000,37,0,0.053
C-01081,0.098,0.0,0.0,-0.0039,0.4,0,0.0256,0.011,0.0018,5,0,102000,27,0,0.0
C-01082,0.1098,0.0,0.0,-0.1098,0.8958,1,0.012,0.011,0.0018,1.2,0,218500,52,0,0.015
C-01083,0.1542,0.0,0.0,-0.1366,0.5714,0,-0.0054,0.01034,0.00114,0.3,0,340500,71,0,0.0
C-01084,0.1494,0.0,0.0,-0.1443,0.3557,0,-0.0089,0.00638,-0.00282,5.6,0,5148000,63,0,0.023
C-01085,0.1698,0.3333,0.0566,0.1019,0.7222,0,0.0387,0.011,0.0018,10,0,53000,32,0,0.0
C-01086,0.1078,0.5455,0.0588,0.151,0.0909,0,-0.0106,0.011,0.0018,2.5,0,51000,30,1,0.847
C-01087,0.0694,0.0,0.0,-0.0694,0.061,1,-0.0081,0.00821,-0.00099,0.3,0,1534000,39,0,0.0
C-01088,0.0521,0.0,0.0,0.3229,0.0,0,0.021,0.011,0.0018,2.9,1,48000,28,0,0.041
C-01089,0.0767,0.0,0.0,-0.0239,0.0,0,0.0251,0.00773,-0.00147,6.9,0,2139000,60,0,0.026
C-01090,0.1996,0.28,0.0559,-0.0367,0.0,0,-0.0034,0.011,0.0018,0.3,1,250500,42,0,0.013
C-01091,0.1415,0.0,0.0,-0.1415,0.4082,1,0.0469,0.0097,0.0005,3.5,0,519500,26,0,0.048
C-01092,0.1996,0.5412,0.108,-0.1957,0.8321,0,0.039,0.00709,-0.00211,3.4,0,3402000,51,0,0.039
C-01093,0.1522,0.0,0.0,-0.1401,0.6173,0,0.0135,0.00854,-0.00066,2.7,0,1288000,42,0,0.018
C-01094,0.0957,0.0,0.0,0.1851,0.5556,0,0.0008,0.011,0.0018,2.6,1,47000,45,0,0.048
C-01095,0.1461,0.0,0.0,-0.1461,0.4375,1,0.005,0.011,0.0018,0.3,1,109500,42,0,0.011
C-01096,0.1856,0.0,0.0,-0.1856,0.5714,1,0.007,0.00747,-0.00173,5.2,0,2696000,59,0,0.008
C-01097,0.3275,0.4628,0.1516,-0.295,0.4628,0,0.0295,0.01019,0.00099,2.5,1,369500,38,1,0.413
C-01098,0.2424,0.5568,0.135,-0.2424,0.625,1,0.0044,0.011,0.0018,3.3,1,181500,67,0,0.044
C-01099,0.0843,0.0,0.0,-0.049,0.3889,0,0.037,0.00934,0.00014,1.3,0,747500,50,0,0.038
C-01100,0.245,0.3776,0.0925,-0.245,0.3776,1,0.0105,0.011,0.0018,0.3,0,200000,51,0,0.035
C-01101,0.1096,0.5606,0.0615,-0.0578,0.7879,0,0.0031,0.01058,0.00138,1.1,1,301000,61,1,0.548
C-01102,0.2614,0.425,0.1111,-0.2614,0.125,1,0.0069,0.011,0.0018,0.3,1,76500,72,1,0.342
C-01103,0.1259,0.0,0.0,-0.0827,0.4725,0,-0.0026,0.01023,0.00103,5,0,361500,27,0,0.076
C-01104,0.1577,0.5455,0.086,-0.0717,0.6364,0,0.0027,0.011,0.0018,2.9,1,139500,54,0,0.058
C-01105,0.0732,0.0,0.0,-0.0732,0.0,1,-0.0171,0.00769,-0.00151,2.2,1,2206000,60,0,0.03
C-01106,0.1099,0.5104,0.0561,-0.1044,0.5104,0,-0.0065,0.0085,-0.0007,2.2,0,1310500,41,1,0.756
C-01107,0.1647,0.0,0.0,-0.1647,0.1429,1,0.0388,0.011,0.0018,11.0,0,42500,52,0,0.063
C-01108,0.1271,0.6029,0.0766,-0.0374,0.6029,0,0.0046,0.01084,0.00164,1.4,0,267500,31,0,0.021
C-01109,0.0854,0.0,0.0,-0.0854,0.8333,1,0.0539,0.011,0.0018,1.0,1,140500,29,0,0.075
C-01110,0.1144,0.0,0.0,0.045,0.6774,0,0.0056,0.01081,0.00161,3.2,0,271000,47,0,0.0
C-01111,0.0399,0.0,0.0,-0.0399,1.0,1,0.0396,0.01006,0.00086,0.8,1,401000,72,1,0.371
C-01112,0.208,0.1429,0.0297,-0.0933,0.3727,0,0.0428,0.01011,0.00091,0.7,0,387000,57,1,0.057
C-01113,0.0952,0.0,0.0,-0.0952,1.0,1,0.0057,0.011,0.0018,3,0,157500,25,0,0.061
C-01114,0.1393,0.0,0.0,-0.1059,0.7,0,-0.0108,0.01043,0.00123,3.2,0,323000,47,0,0.025
C-01115,0.1536,0.0,0.0,-0.1504,0.3378,0,-0.0029,0.00628,-0.00292,3.0,1,5568000,67,0,0.033
C-01116,0.1511,0.25,0.0378,-0.0957,0.4236,0,0.0071,0.00981,0.00061,0.6,0,476500,37,0,0.048
C-01117,0.0922,0.0,0.0,-0.0922,0.5625,1,-0.0022,0.011,0.0018,11.1,0,173500,42,0,0.018
C-01118,0.166,0.0,0.0,-0.166,1.0,1,0.0002,0.00915,-5e-05,0.3,0,958000,44,0,0.021
C-01119,0.1439,0.0,0.0,-0.1272,0.7612,0,-0.0048,0.00917,-3e-05,5.7,1,931000,55,0,0.023
C-01120,0.1182,0.0,0.0,-0.1173,0.7688,0,0.0029,0.00743,-0.00177,2.6,1,2817500,65,0,0.024
C-01121,0.1206,0.0,0.0,0.1447,0.25,0,-0.0169,0.011,0.0018,3.0,1,99500,35,0,0.038
C-01122,0.1901,0.0,0.0,-0.1762,0.5344,0,-0.0041,0.01031,0.00111,11.7,0,344500,45,0,0.042
C-01123,0.459,0.506,0.2322,-0.4393,0.625,0,0.0548,0.01021,0.00101,5.0,1,366000,42,1,0.225
C-01124,0.1584,0.1875,0.0297,-0.0396,0.375,0,0.0058,0.011,0.0018,22,0,50500,44,0,0.047
C-01125,0.1855,0.6585,0.1222,-0.1855,0.3659,1,0.0506,0.011,0.0018,0.6,0,110500,36,1,0.766
C-01126,0.1043,0.5278,0.0551,-0.1043,0.0,1,0.0014,0.01031,0.00111,2.6,1,345000,39,1,0.635
C-01127,0.1675,0.0,0.0,-0.111,0.0,0,-0.0006,0.00939,0.00019,16.4,0,701500,71,0,0.027
C-01128,0.1365,0.0,0.0,-0.1365,0.7662,1,0.0399,0.01072,0.00152,2.3,0,282000,35,0,0.051
C-01129,0.1123,0.0,0.0,-0.0936,0.6376,0,0.0108,0.00782,-0.00138,0.7,0,1990500,57,0,0.031
C-01130,0.2864,0.9508,0.2723,-0.2864,0.0492,1,0.0394,0.011,0.0018,6.9,1,106500,30,1,0.761
C-01131,0.1097,0.2551,0.028,-0.1097,0.2959,1,0.0406,0.0092,0.0,8.6,1,893000,52,0,0.041
C-01132,0.1221,0.2308,0.0282,-0.0657,0.6731,0,-0.0057,0.011,0.0018,0.6,0,213000,36,0,0.054
C-01133,0.1403,0.5745,0.0806,-0.1403,0.7128,1,0.0283,0.01037,0.00117,2.5,1,335000,38,1,0.498
C-01134,0.0242,0.0,0.0,0.2081,0.0,0,-0.0024,0.011,0.0018,8,1,62000,30,0,0.017
C-01135,0.0624,0.0,0.0,-0.0624,0.5283,1,0.0019,0.00997,0.00077,3.2,0,424500,63,0,0.049
C-01136,0.2312,0.5828,0.1348,-0.2312,0.0,1,0.0269,0.01041,0.00121,0.7,0,326500,35,1,0.638
C-01137,0.1237,0.0,0.0,0.4454,0.8333,0,-0.0051,0.011,0.0018,2.4,0,48500,31,0,0.0
C-01138,0.053,0.0,0.0,-0.0441,0.6272,0,-0.021,0.00772,-0.00148,30,0,2149500,57,0,0.072
C-01139,0.2008,0.0,0.0,-0.1674,0.6238,0,-0.0143,0.01099,0.00179,12,1,251500,34,0,0.068
C-01140,0.115,0.0,0.0,-0.0263,0.3393,0,-0.0166,0.011,0.0018,3.0,0,243500,63,0,0.016
C-01141,0.1475,0.0,0.0,-0.1475,0.2222,1,0.0087,0.011,0.0018,7.0,0,61000,37,1,0.081
C-01142,0.1613,0.0,0.0,-0.0452,0.1571,0,0.0104,0.011,0.0018,0.3,0,217000,60,0,0.0
C-01143,0.193,0.1899,0.0367,-0.1769,0.3829,0,-0.026,0.00926,6e-05,9.5,0,818500,43,0,0.038
C-01144,0.1095,0.0,0.0,-0.0482,0.0667,0,-0.0148,0.01078,0.00158,2.2,0,274000,47,0,0.0
C-01145,0.0588,0.3333,0.0196,-0.0588,1.0,1,0.0448,0.011,0.0018,8.7,0,229500,51,0,0.015
C-01146,0.1439,0.0,0.0,-0.1049,0.3065,0,0.0137,0.011,0.0018,2.2,0,215500,34,0,0.049
C-01147,0.2066,0.0,0.0,-0.203,0.5434,0,-0.0054,0.00713,-0.00207,1.3,0,3345000,49,0,0.031
C-01148,0.0991,0.0,0.0,-0.0155,0.2703,0,0.0277,0.01017,0.00097,3.8,0,373500,44,0,0.042
C-01149,0.1263,0.0,0.0,0.1768,0.6667,0,-0.0032,0.011,0.0018,8.3,1,47500,72,0,0.038
C-01150,0.1647,0.0,0.0,-0.1222,0.0,0,-0.0116,0.00876,-0.00044,6.0,1,1160000,52,0,0.077
C-01151,0.0378,0.0,0.0,0.1684,1.0,0,-0.0104,0.011,0.0018,15.0,0,145500,46,0,0.091
C-01152,0.1412,0.0,0.0,-0.1224,0.6719,0,-0.0052,0.0092,0.0,8.7,0,896000,62,0,0.012
C-01153,0.1087,0.0,0.0,-0.1087,0.4528,1,0.0181,0.00978,0.00058,0.9,1,487500,45,0,0.065
C-01154,0.084,0.0,0.0,-0.0264,0.0,0,-0.0011,0.01037,0.00117,2.4,1,333500,56,0,0.044
C-01155,0.0992,0.0,0.0,-0.0992,0.5769,1,-0.003,0.011,0.0018,1.4,0,131000,47,0,0.0
C-01156,0.1671,0.0,0.0,-0.1581,0.4,0,0.0409,0.00829,-0.00091,18.4,0,1466500,59,0,0.0
C-01157,0.0878,0.0,0.0,-0.0176,0.4444,0,0.0319,0.011,0.0018,3.1,0,102500,69,0,0.029
C-01158,0.1368,0.0,0.0,-0.1368,0.7692,1,-0.0228,0.011,0.0018,7.1,0,47500,47,0,0.0
C-01159,0.0213,0.0,0.0,-0.0213,1.0,1,-0.003,0.011,0.0018,6.7,0,234500,48,0,0.022
C-01160,0.1233,0.0,0.0,0.0986,0.0,0,0.0067,0.011,0.0018,4.5,0,146000,49,1,0.177
C-01161,0.1098,0.0,0.0,-0.1072,0.7338,0,0.0098,0.00695,-0.00225,0.3,0,3661500,39,0,0.055
C-01162,0.1765,0.2444,0.0431,-0.0855,0.5111,0,0.0067,0.01013,0.00093,2.1,0,382500,57,0,0.014
C-01163,0.1584,0.0,0.0,-0.1422,0.5208,0,0.0034,0.00752,-0.00168,9.7,0,2581500,53,0,0.006
C-01164,0.1399,0.325,0.0455,-0.1399,0.675,1,0.0001,0.011,0.0018,0.7,1,143000,39,0,0.095
C-01165,0.3632,0.558,0.2026,-0.3632,0.6884,1,0.0336,0.011,0.0018,8.1,0,190000,60,1,0.19
C-01166,0.1536,0.0,0.0,-0.071,0.7299,0,-0.0171,0.0096,0.0004,3.8,0,566500,52,0,0.048
C-01167,0.0804,0.0,0.0,-0.0804,0.2656,1,0.0057,0.01007,0.00087,16.0,0,398000,58,0,0.056
C-01168,0.0448,0.0,0.0,0.0149,0.2222,0,-0.0063,0.011,0.0018,14.3,1,100500,65,0,0.014
C-01169,0.2087,0.2738,0.0571,-0.193,0.5327,0,0.0088,0.00813,-0.00107,2.2,1,1610000,72,0,0.114
C-01170,0.131,0.4539,0.0595,-0.1094,0.0,0,0.0015,0.00813,-0.00107,0.9,0,1614500,57,0,0.0
C-01171,0.0732,0.0,0.0,-0.0496,0.4179,0,-0.0033,0.00987,0.00067,10.3,1,457500,46,0,0.063
C-01172,0.099,0.0,0.0,-0.0952,0.2353,0,0.0018,0.00789,-0.00131,21,1,1888500,43,0,0.08
C-01173,0.0886,0.0,0.0,-0.0677,0.0,0,-0.001,0.00868,-0.00052,1.5,1,1201500,51,0,0.045
C-01174,0.1426,0.0,0.0,-0.0768,0.3718,0,-0.0101,0.01079,0.00159,3.5,0,273500,62,0,0.072
C-01175,0.0753,0.0,0.0,-0.0753,0.0,1,0.0225,0.011,0.0018,8.1,0,232500,47,0,0.076
C-01176,0.1187,0.3158,0.0375,0.0013,0.8421,0,-0.0024,0.011,0.0018,7.6,0,80000,34,0,0.075
C-01177,0.3733,0.7143,0.2667,-0.2453,0.7679,0,0.0516,0.011,0.0018,4.1,0,75000,36,1,0.6
C-01178,0.087,0.0,0.0,-0.087,0.4167,1,-0.0074,0.011,0.0018,10.9,1,69000,46,0,0.056
C-01179,0.0901,0.0,0.0,-0.0776,0.8645,0,0.0034,0.00923,3e-05,0.4,0,860000,71,0,0.05
C-01180,0.1654,0.2976,0.0492,-0.1512,0.5595,0,-0.0046,0.01096,0.00176,0.8,0,254000,69,1,0.41
C-01181,0.129,0.0,0.0,-0.0737,0.4643,0,0.0058,0.011,0.0018,3,0,108500,25,0,0.054
C-01182,0.1785,0.0,0.0,-0.1531,0.2288,0,0.0281,0.01039,0.00119,2.8,0,330500,70,0,0.014
C-01183,0.1919,0.0,0.0,-0.1919,0.5979,1,0.0059,0.00977,0.00057,0.8,0,492500,37,0,0.0
C-01184,0.0923,0.0,0.0,-0.0923,0.2535,1,0.0038,0.01013,0.00093,16.4,0,384500,61,0,0.069
C-01185,0.2027,0.0,0.0,-0.2027,0.4135,1,-0.0011,0.01094,0.00174,1.8,0,256500,28,0,0.079
C-01186,0.118,0.0,0.0,-0.118,0.4354,1,0.0316,0.00836,-0.00084,14.0,0,1410500,60,0,0.059
C-01187,0.043,0.0,0.0,-0.043,0.86,1,-0.0001,0.00957,0.00037,1.5,1,581500,37,0,0.012
C-01188,0.1112,0.0,0.0,-0.0989,0.4747,0,-0.0046,0.00914,-6e-05,4.3,0,975500,46,0,0.008
C-01189,0.069,0.3161,0.0218,-0.0562,0.0,0,0.0144,0.00884,-0.00036,1.1,0,1123500,70,0,0.0
C-01190,0.0288,0.0,0.0,-0.0162,0.0,0,-0.005,0.00846,-0.00074,1.2,0,1336000,49,0,0.002
C-01191,0.2033,0.551,0.112,-0.1635,0.102,0,0.037,0.011,0.0018,3.4,1,120500,33,0,0.045
C-01192,0.1796,0.3636,0.0653,-0.1306,0.3636,0,0.0019,0.011,0.0018,0.4,0,122500,55,0,0.119
C-01193,0.1081,0.0,0.0,-0.0995,0.0,0,0.0009,0.00963,0.00043,8.5,0,555000,71,0,0.054
C-01194,0.2828,0.2707,0.0766,-0.2528,0.7238,0,0.0122,0.01045,0.00125,8.2,1,320000,67,0,0.019
C-01195,0.2476,0.141,0.0349,-0.2476,0.5897,1,0.0452,0.011,0.0018,1.6,1,157500,57,1,0.49
C-01196,0.0841,0.0,0.0,0.0322,0.5326,0,0.0067,0.00964,0.00044,16.2,0,547000,54,1,0.17
C-01197,0.0506,0.0,0.0,-0.0506,0.7692,1,0.0411,0.01093,0.00173,2.4,0,257000,26,0,0.01
C-01198,0.1484,0.0,0.0,-0.1484,0.0,1,0.0005,0.00643,-0.00277,12.1,0,4995000,55,0,0.022
C-01199,0.2632,0.5714,0.1504,0.1338,0.8857,0,0.0421,0.011,0.0018,3,0,66500,25,1,0.753
C-01200,0.0816,0.0,0.0,-0.0378,0.4868,0,0.0436,0.00984,0.00064,5.3,0,465500,72,0,0.063
C-01201,0.1867,0.151,0.0282,-0.1648,0.4408,0,-0.0047,0.00945,0.00025,0.3,0,656000,63,0,0.071
C-01202,0.1532,0.0,0.0,-0.1345,0.2542,0,-0.0001,0.011,0.0018,8.6,1,192500,50,0,0.051
C-01203,0.0638,0.0,0.0,-0.0638,0.0,1,0.0039,0.011,0.0018,10.6,1,47000,39,0,0.076
C-01204,0.0435,0.0,0.0,0.4,0.25,0,0.0003,0.011,0.0018,14.5,0,46000,68,0,0.04
C-01205,0.1457,0.6731,0.098,-0.1457,0.7308,1,0.0111,0.011,0.0018,4.3,0,178500,67,0,0.0
C-01206,0.0855,0.4769,0.0408,-0.0697,0.3846,0,-0.0047,0.00932,0.00012,10.5,1,760500,58,0,0.036
C-01207,0.1073,0.0,0.0,-0.0992,0.4618,0,-0.0036,0.00846,-0.00074,1.9,0,1342500,53,0,0.034
C-01208,0.0742,0.0,0.0,0.0047,0.5429,0,0.0017,0.00983,0.00063,0.6,1,471500,63,0,0.023
C-01209,0.0851,0.0,0.0,0.017,0.0,0,0.0161,0.011,0.0018,5.2,0,47000,57,0,0.004
C-01210,0.0629,0.0,0.0,-0.0608,0.0929,0,-0.0089,0.00601,-0.00319,10.9,0,7022500,51,0,0.08
C-01211,0.0947,0.0,0.0,-0.0628,1.0,0,-0.0088,0.01058,0.00138,3.5,0,301000,59,0,0.051
C-01212,0.0939,0.0,0.0,-0.0647,0.3448,0,0.0436,0.01052,0.00132,7.2,0,309000,30,0,0.133
C-01213,0.093,0.0,0.0,-0.0805,0.4791,0,-0.0008,0.00877,-0.00043,30,0,1156000,72,0,0.003
C-01214,0.109,0.0,0.0,-0.109,0.5366,1,0.0535,0.011,0.0018,2.3,1,188000,33,0,0.0
C-01215,0.1588,0.0,0.0,-0.0035,0.8148,0,-0.0068,0.011,0.0018,3,0,85000,25,0,0.059
C-01216,0.0875,0.0,0.0,0.0175,0.2143,0,0.0144,0.011,0.0018,5,0,80000,27,0,0.087
C-01217,0.2021,0.6842,0.1383,0.1809,0.7368,0,0.05,0.011,0.0018,4.8,0,47000,34,1,0.571
C-01218,0.0483,0.0,0.0,-0.0209,0.2545,0,-0.0036,0.0088,-0.0004,5.3,0,1139500,37,0,0.086
C-01219,0.026,0.0,0.0,-0.026,0.0,1,0.0419,0.00955,0.00035,2.8,1,596000,33,0,0.015
C-01220,0.1236,0.0,0.0,-0.1236,0.1556,1,-0.0042,0.011,0.0018,0.8,0,182000,74,0,0.008
C-01221,0.1,0.0,0.0,0.212,0.7,0,0.0034,0.011,0.0018,10.4,0,50000,44,0,0.079
C-01222,0.1301,0.0,0.0,-0.1301,0.342,1,0.0034,0.00934,0.00014,5.2,0,741500,51,0,0.054
C-01223,0.1647,0.0,0.0,0.0156,0.4035,0,0.0094,0.011,0.0018,3.3,1,173000,36,1,0.517
C-01224,0.1694,0.0,0.0,-0.0734,0.5139,0,0.0255,0.011,0.0018,0.4,0,212500,42,0,0.016
C-01225,0.1461,0.0,0.0,-0.1461,0.6204,1,0.0076,0.00983,0.00063,0.3,1,469000,59,0,0.013
C-01226,0.1674,0.0,0.0,-0.1138,0.32,0,-0.0068,0.011,0.0018,1.2,1,224000,73,0,0.0
C-01227,0.1512,0.0,0.0,-0.1512,0.7262,1,0.001,0.00925,5e-05,6.8,0,833500,60,0,0.076
C-01228,0.3962,0.892,0.3534,-0.3962,0.392,1,0.0425,0.01048,0.00128,5.6,1,315500,74,1,0.537
C-01229,0.1489,0.25,0.0372,-0.034,0.3571,0,-0.0005,0.011,0.0018,0.3,0,94000,34,0,0.038
C-01230,0.0996,0.0,0.0,-0.0752,0.3885,0,-0.0067,0.00929,9e-05,15.1,1,788500,52,0,0.021
C-01231,0.0237,0.0,0.0,-0.019,0.0,0,-0.0182,0.00932,0.00012,8.2,0,759000,66,0,0.0
C-01232,0.0611,0.0,0.0,-0.0611,0.6735,1,-0.0062,0.01006,0.00086,12.1,1,401000,44,0,0.099
C-01233,0.0351,0.0,0.0,-0.0255,0.2787,0,0.0014,0.00751,-0.00169,2.1,0,2605000,61,0,0.049
C-01234,0.1843,0.2329,0.0429,-0.0571,0.589,0,-0.0132,0.011,0.0018,5.0,0,198000,31,0,0.032
C-01235,0.1295,0.0,0.0,-0.1295,0.2414,1,-0.0062,0.011,0.0018,5.2,1,224000,33,0,0.053
C-01236,0.086,0.0,0.0,-0.0776,0.3124,0,0.0247,0.00575,-0.00345,4.3,0,9527500,49,0,0.014
C-01237,0.1239,0.0,0.0,-0.1133,0.3452,0,0.0436,0.01034,0.00114,2.5,0,339000,52,0,0.023
C-01238,0.1011,0.0,0.0,-0.0712,0.0,0,-0.0023,0.01023,0.00103,13.2,0,361000,52,0,0.018
C-01239,0.2483,0.3889,0.0966,-0.149,0.0278,0,-0.0074,0.011,0.0018,4.8,1,145000,64,1,0.441
C-01240,0.0509,0.0,0.0,-0.0287,0.0,0,-0.0102,0.00995,0.00075,9.3,1,432000,51,0,0.033
C-01241,0.5346,0.5791,0.3096,-0.5346,0.7014,1,0.0252,0.0109,0.0017,18.0,1,260000,68,1,0.369
C-01242,0.1978,0.0,0.0,-0.1978,0.6421,1,-0.0049,0.00941,0.00021,1.7,0,685000,72,0,0.069
C-01243,0.1418,0.4917,0.0697,-0.1418,0.2667,1,0.0353,0.00998,0.00078,1.0,0,423000,70,0,0.092
C-01244,0.1302,0.0,0.0,-0.0747,0.5222,0,-0.0066,0.01031,0.00111,18.5,0,345500,52,0,0.04
C-01245,0.0337,0.0,0.0,0.1551,0.0,0,0.0011,0.011,0.0018,13.1,1,44500,66,0,0.056
C-01246,0.1945,0.3953,0.0769,-0.1945,0.3885,1,0.0322,0.00932,0.00012,4.6,0,761000,52,0,0.032
C-01247,0.0609,0.0,0.0,-0.0609,0.8235,1,0.0062,0.011,0.0018,19.9,0,139500,45,0,0.037
C-01248,0.1617,0.1731,0.028,-0.1132,0.3077,0,0.0007,0.01044,0.00124,3.5,0,321500,58,0,0.0
C-01249,0.0734,0.0,0.0,-0.0514,0.2708,0,-0.0167,0.01041,0.00121,1.0,1,327000,70,0,0.0
C-01250,0.0899,0.0,0.0,0.0449,0.5625,0,-0.0107,0.011,0.0018,3.7,1,89000,27,0,0.024
C-01251,0.0792,0.0,0.0,-0.0367,0.0,0,-0.0058,0.00938,0.00018,0.7,0,707500,45,0,0.046
C-01252,0.1576,0.0,0.0,-0.125,0.3534,0,0.0495,0.0102,0.001,5.0,0,368000,67,0,0.019
C-01253,0.0756,0.0,0.0,-0.0756,0.2121,1,-0.0063,0.00993,0.00073,14.9,0,436500,53,0,0.118
C-01254,0.2484,0.3077,0.0764,-0.2484,0.5385,1,0.0033,0.011,0.0018,0.5,0,78500,29,0,0.0
C-01255,0.0831,0.0,0.0,-0.0831,0.9333,1,0.0351,0.011,0.0018,2.0,0,180500,75,0,0.036
C-01256,0.1135,0.0,0.0,-0.1135,0.3482,1,-0.0129,0.00977,0.00057,3.4,0,493500,57,0,0.0
C-01257,0.0415,0.0,0.0,0.0222,0.88,0,0.0046,0.01057,0.00137,2.1,0,301500,56,0,0.034
C-01258,0.136,0.0,0.0,-0.0566,0.3243,0,0.0013,0.011,0.0018,11,0,136000,33,0,0.055
C-01259,0.0341,0.0,0.0,-0.0341,0.1071,1,0.0269,0.01002,0.00082,5.3,0,410000,42,0,0.029
C-01260,0.2106,0.2091,0.044,-0.2106,0.6486,1,0.0045,0.00789,-0.00131,16.8,0,1885500,51,0,0.001
C-01261,0.0781,0.0,0.0,-0.0781,1.0,1,0.0071,0.011,0.0018,0.7,1,64000,32,0,0.049
C-01262,0.1136,0.4889,0.0556,-0.1045,0.8778,0,-0.0059,0.01008,0.00088,4.9,0,396000,66,0,0.033
C-01263,0.2948,0.6421,0.1893,-0.2929,0.6421,0,0.0407,0.00947,0.00027,0.3,1,644500,69,1,0.523
C-01264,0.111,0.3961,0.0439,-0.0937,0.0,0,0.0013,0.0094,0.0002,6.3,0,694000,47,0,0.0
C-01265,0.0893,0.0,0.0,0.1993,0.5385,0,-0.0189,0.011,0.0018,0.6,1,145500,50,0,0.054
C-01266,0.0947,0.0,0.0,-0.0947,0.6667,1,0.0036,0.011,0.0018,1.3,0,47500,68,0,0.05
C-01267,0.129,0.0,0.0,-0.129,0.5983,1,0.0376,0.0092,0.0,7.4,1,887500,54,1,0.166
C-01268,0.174,0.0,0.0,-0.1457,0.4407,0,-0.0098,0.011,0.0018,7.0,0,169500,52,0,0.088
C-01269,0.1704,0.2368,0.0404,-0.0413,0.7895,0,-0.0109,0.011,0.0018,4.2,0,111500,34,0,0.031
C-01270,0.2042,0.1282,0.0262,-0.2042,0.2564,1,-0.0153,0.011,0.0018,3.4,0,95500,30,0,0.052
C-01271,0.3362,0.5624,0.1891,-0.3362,0.5624,1,0.0494,0.00926,6e-05,2.1,0,822500,52,0,0.086
C-01272,0.0907,0.0,0.0,-0.0458,0.4227,0,-0.0015,0.00967,0.00047,10.9,0,535000,36,0,0.093
C-01273,0.1123,0.0,0.0,-0.1123,0.5814,1,0.0041,0.011,0.0018,5.7,0,191500,72,0,0.021
C-01274,0.1795,0.0,0.0,-0.1443,0.6327,0,0.0051,0.01003,0.00083,0.8,0,409500,69,0,0.046
C-01275,0.0501,0.0,0.0,-0.0501,0.6833,1,0.0058,0.00954,0.00034,19.4,0,598500,48,0,0.0
C-01276,0.1199,0.0,0.0,-0.1059,0.2877,0,-0.0065,0.00746,-0.00174,0.9,0,2739500,49,0,0.054
C-01277,0.1631,0.0,0.0,-0.1631,0.0741,1,-0.0097,0.011,0.0018,4.1,0,165500,46,0,0.089
C-01278,0.1639,0.3304,0.0542,-0.0562,0.3,0,-0.0211,0.00939,0.00019,8.2,0,701500,43,0,0.024
C-01279,0.1792,0.0,0.0,-0.1237,0.4301,0,-0.011,0.01091,0.00171,10.2,0,259500,74,0,0.061
C-01280,0.2963,0.5192,0.1538,-0.2963,0.0,1,0.0315,0.011,0.0018,3.6,0,175500,37,0,0.0
C-01281,0.1028,0.3892,0.04,-0.0798,0.6439,0,-0.0043,0.00762,-0.00158,4.0,0,2348500,55,0,0.01
C-01282,0.134,0.0,0.0,-0.1028,0.4121,0,0.003,0.00952,0.00032,8.6,0,615500,41,0,0.001
C-01283,0.1535,0.0,0.0,0.0698,0.7576,0,0.0142,0.011,0.0018,1.0,0,107500,35,0,0.011
C-01284,0.1426,0.0,0.0,-0.0829,0.0,0,0.0057,0.01057,0.00137,1.8,0,301500,58,0,0.034
C-01285,0.0856,0.0,0.0,0.2103,0.52,0,-0.0111,0.011,0.0018,0.3,0,146000,32,0,0.077
C-01286,0.1241,0.0,0.0,-0.1241,0.3333,1,0.0085,0.011,0.0018,2.1,0,145000,66,1,0.361
C-01287,0.4391,0.5909,0.2595,-0.4271,0.2545,0,0.0515,0.00975,0.00055,6.5,0,501000,41,0,0.082
C-01288,0.0652,0.0,0.0,-0.0552,0.0,0,0.0152,0.00573,-0.00347,16.2,0,9735500,57,0,0.011
C-01289,0.1568,0.0,0.0,-0.1534,0.0,0,-0.0029,0.00745,-0.00175,7.4,0,2774000,63,0,0.011
C-01290,0.1067,0.0,0.0,-0.1067,0.4167,1,0.0361,0.011,0.0018,5.4,1,112500,40,0,0.023
C-01291,0.1697,0.3011,0.0511,-0.0933,0.2443,0,0.0001,0.00971,0.00051,2.5,1,518500,63,0,0.011
C-01292,0.0738,0.0,0.0,0.0508,0.7778,0,0.007,0.011,0.0018,1.3,0,183000,31,0,0.063
C-01293,0.2108,0.392,0.0826,-0.1339,0.232,0,0.0038,0.01061,0.00141,5.0,0,296500,28,0,0.054
C-01294,0.1838,0.1475,0.0271,-0.1838,0.7148,1,0.0021,0.00925,5e-05,6.8,0,829500,40,0,0.012
C-01295,0.2333,0.3562,0.0831,-0.2274,0.1675,0,0.021,0.00812,-0.00108,0.6,0,1624500,69,0,0.056
C-01296,0.0492,0.0,0.0,-0.0203,1.0,0,0.0153,0.00987,0.00067,1.0,0,457500,52,0,0.04
C-01297,0.1589,0.0,0.0,-0.1589,0.4167,1,0.031,0.011,0.0018,0.3,0,75500,34,1,0.234
C-01298,0.1113,0.0,0.0,-0.1113,0.0,1,0.0253,0.00972,0.00052,5.1,0,512000,74,1,0.155
C-01299,0.1848,0.0,0.0,0.0239,0.2941,0,0.0005,0.011,0.0018,10.7,0,46000,46,0,0.0
C-01300,0.0724,0.0,0.0,-0.0724,0.5238,1,-0.0005,0.011,0.0018,11.0,0,145000,40,0,0.042
C-01301,0.1176,0.0,0.0,-0.1176,0.3387,1,-0.0075,0.01087,0.00167,6.9,1,263500,69,0,0.057
C-01302,0.172,0.0,0.0,0.0602,0.3125,0,-0.0137,0.011,0.0018,1.1,0,46500,25,0,0.037
C-01303,0.0373,0.0,0.0,-0.0063,0.0,0,-0.0018,0.01029,0.00109,10.5,1,348500,65,0,0.043
C-01304,0.1004,0.0,0.0,-0.1004,0.425,1,0.0335,0.00928,8e-05,5.0,0,796500,73,0,0.05
C-01305,0.0628,0.0,0.0,-0.0413,0.4571,0,0.0012,0.01074,0.00154,11.5,0,278500,43,0,0.056
C-01306,0.1883,0.0,0.0,-0.1438,0.5775,0,0.0062,0.011,0.0018,1.7,0,188500,72,0,0.048
C-01307,0.1146,0.0,0.0,-0.1146,0.0,1,0.0039,0.011,0.0018,5.8,0,48000,28,0,0.052
C-01308,0.1005,0.0,0.0,-0.1005,0.3333,1,0.0124,0.00876,-0.00044,12.2,0,1164000,40,0,0.042
C-01309,0.0302,0.0,0.0,0.006,1.0,0,-0.008,0.011,0.0018,3.4,0,165500,70,0,0.04
C-01310,0.057,0.0,0.0,-0.0123,0.7551,0,0.0436,0.00995,0.00075,7.4,0,430000,57,0,0.003
C-01311,0.234,0.3636,0.0851,0.0468,0.1818,0,0.005,0.011,0.0018,1.2,0,47000,32,0,0.069
C-01312,0.3354,0.5591,0.1875,-0.2549,0.0955,0,0.0473,0.01041,0.00121,1.9,0,328000,46,0,0.036
C-01313,0.0938,0.0,0.0,-0.0773,0.0,0,-0.016,0.00972,0.00052,0.9,0,512000,66,0,0.043
C-01314,0.0904,0.0,0.0,-0.0904,0.0,1,0.053,0.00761,-0.00159,14.3,0,2355000,37,0,0.031
C-01315,0.4388,0.6279,0.2755,-0.4388,0.7519,1,0.0523,0.011,0.0018,0.8,0,147000,70,0,0.06
C-01316,0.1269,0.0,0.0,-0.1118,0.1983,0,0.0016,0.00916,-4e-05,1.3,1,953500,59,0,0.0
C-01317,0.1429,0.0,0.0,-0.1429,0.2308,1,0.0012,0.011,0.0018,4.3,0,45500,31,0,0.0
C-01318,0.1245,0.0,0.0,-0.0903,0.4062,0,0.0511,0.011,0.0018,2.4,0,128500,74,1,0.05
C-01319,0.0832,0.0,0.0,-0.0368,0.3571,0,0.0306,0.01036,0.00116,9.2,0,336500,46,0,0.039
C-01320,0.0957,0.0,0.0,-0.0884,0.4212,0,-0.0134,0.0065,-0.0027,3.9,0,4737000,57,0,0.067
C-01321,0.0552,0.0,0.0,-0.0552,1.0,1,0.0043,0.00971,0.00051,3.2,0,516500,63,0,0.053
C-01322,0.0845,0.0,0.0,-0.0809,0.4369,0,-0.0113,0.0085,-0.0007,4.7,0,1313500,75,0,0.059
C-01323,0.2784,0.3704,0.1031,-0.2371,0.3333,0,0.0331,0.011,0.0018,13.2,0,97000,67,1,0.485
C-01324,0.1193,0.0,0.0,0.356,0.0,0,0.0499,0.011,0.0018,2.0,0,54500,35,1,0.05
C-01325,0.2472,0.3182,0.0787,-0.1393,0.5,0,0.0328,0.011,0.0018,7.1,0,44500,69,0,0.0
C-01326,0.1442,0.2158,0.0311,-0.0458,0.6632,0,0.0005,0.00945,0.00025,10.1,0,659000,38,0,0.061
C-01327,0.2244,0.0,0.0,-0.2185,0.5082,0,0.0155,0.00635,-0.00285,0.5,0,5269000,39,0,0.001
C-01328,0.1692,0.7647,0.1294,-0.1692,0.4118,1,0.0349,0.011,0.0018,3.7,0,100500,72,0,0.021
C-01329,0.0778,0.0,0.0,-0.0361,0.2118,0,0.0022,0.00964,0.00044,0.4,0,546000,38,0,0.029
C-01330,0.2586,0.4691,0.1213,-0.2556,0.2696,0,0.0537,0.00719,-0.00201,10.3,0,3256500,65,1,0.367
C-01331,0.1146,0.0,0.0,0.0854,0.6364,0,-0.0036,0.011,0.0018,9,0,48000,31,0,0.052
C-01332,0.1368,0.0,0.0,-0.1368,0.8012,1,0.0414,0.0095,0.0003,16,0,625000,38,0,0.004
C-01333,0.1954,0.5098,0.0996,-0.0667,0.2745,0,0.0116,0.011,0.0018,4,0,130500,26,1,0.573
C-01334,0.1788,0.3605,0.0644,-0.079,0.6395,0,-0.0093,0.011,0.0018,0.8,1,240500,46,1,0.511
C-01335,0.101,0.0,0.0,-0.0186,1.0,0,0.0148,0.011,0.0018,0.4,0,247500,31,0,0.075
C-01336,0.1478,0.0,0.0,-0.0793,0.3361,0,-0.0043,0.01005,0.00085,0.3,1,402500,28,0,0.031
C-01337,0.0702,0.0,0.0,-0.0702,0.4167,1,0.0487,0.011,0.0018,5,1,85500,27,0,0.0
C-01338,0.2147,0.0,0.0,-0.2147,0.1899,1,0.036,0.011,0.0018,0.6,1,184000,26,0,0.06
C-01339,0.1258,0.0,0.0,-0.1258,0.4854,1,0.0,0.00916,-4e-05,13.2,1,950000,66,0,0.045
C-01340,0.0409,0.0,0.0,-0.0409,0.0,1,0.0333,0.00845,-0.00075,0.7,0,1346000,68,0,0.0
C-01341,0.0548,0.0,0.0,-0.0434,0.321,0,0.0,0.00935,0.00015,4.7,1,739500,69,0,0.088
C-01342,0.125,0.0,0.0,-0.0422,0.0,0,-0.029,0.011,0.0018,0.3,0,232000,58,0,0.03
C-01343,0.1543,0.0,0.0,-0.1328,0.1892,0,-0.0098,0.00824,-0.00096,4.2,0,1506500,56,0,0.071
C-01344,0.0428,0.0,0.0,-0.0428,0.2291,1,0.0091,0.00775,-0.00145,1.7,0,2092500,70,0,0.098
C-01345,0.1848,0.0,0.0,-0.1425,0.5556,0,0.0028,0.011,0.0018,2.6,0,170500,36,0,0.019
C-01346,0.105,0.7338,0.0771,-0.069,0.0844,0,-0.0065,0.00935,0.00015,10.7,1,733000,64,0,0.04
C-01347,0.2268,0.2273,0.0515,-0.0536,0.8636,0,-0.0184,0.011,0.0018,6,1,48500,28,0,0.052
C-01348,0.1037,0.0,0.0,-0.0385,0.119,0,-0.0019,0.011,0.0018,12.0,0,202500,40,0,0.096
C-01349,0.122,0.0,0.0,-0.1018,0.5345,0,0.0216,0.00981,0.00061,4.7,0,475500,43,0,0.047
C-01350,0.1484,0.0,0.0,-0.1407,0.832,0,-0.0092,0.00658,-0.00262,4.4,1,4511000,37,0,0.109
C-01351,0.1286,0.0,0.0,-0.1286,0.7099,1,0.0439,0.00714,-0.00206,0.5,0,3324000,67,0,0.072
C-01352,0.0739,0.0,0.0,-0.0164,0.9189,0,0.0002,0.011,0.0018,2.1,0,250500,72,0,0.094
C-01353,0.0684,0.0,0.0,0.1368,0.0,0,-0.0069,0.011,0.0018,6.0,0,58500,39,0,0.017
C-01354,0.079,0.0,0.0,-0.0477,0.6609,0,0.0035,0.00936,0.00016,2.3,1,727500,58,0,0.0
C-01355,0.0788,0.0,0.0,-0.0653,0.2544,0,-0.0037,0.00895,-0.00025,2.1,0,1073000,42,0,0.081
C-01356,0.0598,0.0,0.0,0.1489,0.0,0,-0.0033,0.011,0.0018,5,0,92000,27,0,0.031
C-01357,0.168,0.4286,0.072,-0.1104,0.2381,0,0.009,0.011,0.0018,0.3,0,62500,55,0,0.014
C-01358,0.27,0.6406,0.173,-0.27,0.6094,1,0.0511,0.011,0.0018,1.1,0,118500,65,0,0.034
C-01359,0.0474,0.0,0.0,-0.0011,0.0,0,0.0036,0.01069,0.00149,10,0,285000,32,0,0.019
C-01360,0.2,0.6476,0.1295,-0.1314,0.7143,0,0.0271,0.01088,0.00168,0.5,0,262500,32,0,0.066
C-01361,0.4784,0.8468,0.4052,-0.4784,0.4054,1,0.0348,0.011,0.0018,12,1,116000,34,1,1.0
C-01362,0.2196,0.4176,0.0917,-0.1824,0.2765,0,0.011,0.01011,0.00091,1.8,0,387000,41,0,0.053
C-01363,0.1875,0.0,0.0,-0.0875,0.0556,0,-0.0042,0.011,0.0018,3,0,48000,25,0,0.006
C-01364,0.1277,0.0,0.0,0.0,0.9167,0,-0.0121,0.011,0.0018,7,0,47000,29,0,0.022
C-01365,0.1228,0.0,0.0,-0.1228,0.0,1,0.01,0.00985,0.00065,1.1,1,464000,67,0,0.056
C-01366,0.2167,0.2308,0.05,0.2433,0.5769,0,-0.0193,0.011,0.0018,2.8,0,60000,26,0,0.038
C-01367,0.1562,0.0,0.0,-0.1512,0.5341,0,0.0077,0.0074,-0.0018,3.6,1,2907000,62,0,0.053
C-01368,0.4918,0.7926,0.3898,-0.4918,0.9667,1,0.0491,0.01078,0.00158,9.4,1,274500,66,1,0.396
C-01369,0.0812,0.0,0.0,-0.0682,0.2476,0,-0.0023,0.00947,0.00027,11,0,646500,33,0,0.057
C-01370,0.026,0.0,0.0,-0.0063,0.0,0,-0.0079,0.01021,0.00101,5.0,0,366000,32,0,0.041
C-01371,0.0714,0.0,0.0,-0.049,0.1449,0,-0.0019,0.00979,0.00059,0.8,0,483500,56,0,0.066
C-01372,0.251,0.6595,0.1655,-0.238,0.2162,0,0.0294,0.0102,0.001,1.0,1,368500,68,0,0.062
C-01373,0.0346,0.0,0.0,-0.0066,0.6265,0,-0.0027,0.00869,-0.00051,2.7,0,1200500,55,0,0.054
C-01374,0.066,0.0,0.0,-0.0563,0.868,0,0.0087,0.00738,-0.00182,7.8,0,2987000,41,0,0.027
C-01375,0.3228,0.75,0.2421,-0.2639,0.8043,0,0.0073,0.011,0.0018,3.5,1,142500,74,1,0.391
C-01376,0.0567,0.0,0.0,-0.0567,0.4856,1,0.0182,0.00772,-0.00148,4.5,0,2143500,51,0,0.041
C-01377,0.0762,0.0,0.0,-0.0762,0.6667,1,0.0415,0.0096,0.0004,15.3,1,570500,54,1,0.273
C-01378,0.4929,0.5797,0.2857,-0.4929,0.6667,1,0.0388,0.011,0.0018,15.8,0,70000,70,1,0.276
C-01379,0.2241,0.0,0.0,-0.1675,0.462,0,-0.0064,0.01014,0.00094,0.7,0,381500,51,0,0.055
C-01380,0.1296,0.0,0.0,-0.1296,0.5652,1,0.0493,0.011,0.0018,8.6,1,177500,48,0,0.052
C-01381,0.1655,0.0,0.0,-0.0641,0.1915,0,0.0079,0.011,0.0018,5.5,0,142000,66,0,0.086
C-01382,0.1735,0.4741,0.0823,-0.1735,0.4741,1,0.0493,0.01011,0.00091,1.5,0,389000,55,0,0.103
C-01383,0.1134,0.0,0.0,0.0598,0.0909,0,0.0133,0.011,0.0018,4.3,0,48500,27,0,0.067
C-01384,0.0645,0.0,0.0,0.1677,0.3333,0,0.003,0.011,0.0018,6.1,0,46500,69,0,0.046
C-01385,0.0319,0.0,0.0,-0.0319,0.0,1,0.0145,0.011,0.0018,7.4,0,47000,50,0,0.028
C-01386,0.0443,0.0,0.0,-0.0443,0.0,1,0.0021,0.00766,-0.00154,0.9,0,2266500,36,0,0.047
C-01387,0.1599,0.2787,0.0446,-0.1442,0.5246,0,0.0158,0.01014,0.00094,5.9,1,381500,71,0,0.046
C-01388,0.1382,0.0,0.0,-0.1126,1.0,0,0.0002,0.00924,4e-05,12.4,0,843000,59,0,0.065
C-01389,0.1013,0.0,0.0,-0.1013,0.7564,1,0.0018,0.01012,0.00092,5.6,1,385000,41,0,0.063
C-01390,0.1053,0.4091,0.0431,-0.0478,0.5909,0,0.0106,0.011,0.0018,13,0,104500,35,1,0.43
C-01391,0.0849,0.0,0.0,-0.0664,0.0,0,-0.003,0.011,0.0018,23.9,1,129500,75,0,0.042
C-01392,0.0854,0.0,0.0,-0.0366,0.1905,0,-0.0037,0.011,0.0018,6.7,0,123000,48,0,0.004
C-01393,0.0301,0.0,0.0,-0.0284,0.161,0,0.0311,0.0058,-0.0034,2.9,0,8861000,39,0,0.054
C-01394,0.2507,0.0,0.0,-0.2376,0.3634,0,-0.003,0.00854,-0.00066,0.6,0,1284500,61,0,0.0
C-01395,0.1205,0.0,0.0,-0.1205,0.4667,1,0.0011,0.01017,0.00097,0.3,0,373500,74,0,0.055
C-01396,0.1041,0.0,0.0,-0.0857,0.3053,0,0.0318,0.00987,0.00067,5.9,0,456500,66,0,0.037
C-01397,0.0851,0.0,0.0,-0.0851,0.625,1,-0.0013,0.011,0.0018,17.6,0,47000,40,0,0.021
C-01398,0.1187,0.0,0.0,-0.1187,0.6316,1,-0.0117,0.011,0.0018,0.3,1,160000,36,0,0.074
C-01399,0.1098,0.0,0.0,-0.1098,0.5714,1,0.0436,0.011,0.0018,1.5,0,127500,64,0,0.051
C-01400,0.1877,0.5957,0.1118,-0.1877,0.8298,1,0.0428,0.0095,0.0003,7.9,0,626000,48,0,0.042
C-01401,0.1096,0.0,0.0,-0.1059,0.3475,0,0.0445,0.00947,0.00027,0.9,0,643000,64,0,0.049
C-01402,0.1213,0.0,0.0,-0.0506,0.301,0,0.0023,0.00997,0.00077,2.8,0,424500,31,0,0.035
C-01403,0.0942,0.0,0.0,-0.0404,0.6667,0,-0.0051,0.011,0.0018,11.1,1,111500,45,1,0.552
C-01404,0.1042,0.0,0.0,0.0292,0.5333,0,0.0079,0.011,0.0018,0.8,0,72000,34,0,0.026
C-01405,0.1523,0.0,0.0,-0.1523,0.5586,1,-0.0003,0.00806,-0.00114,1.3,0,1680500,71,0,0.032
C-01406,0.1096,0.0,0.0,-0.1096,0.3615,1,0.0466,0.00914,-6e-05,8.8,0,971500,44,0,0.012
C-01407,0.1617,0.0,0.0,-0.1042,0.5,0,0.0102,0.011,0.0018,2.0,0,167000,45,0,0.02
C-01408,0.4918,0.5944,0.2923,-0.4918,0.8556,1,0.0177,0.011,0.0018,9.0,1,183000,59,0,0.04
C-01409,0.1027,0.0,0.0,-0.0911,0.0,0,-0.0239,0.00799,-0.00121,1.2,0,1767500,39,0,0.018
C-01410,0.2468,0.0,0.0,-0.2196,0.7574,0,0.0327,0.00951,0.00031,11.5,1,618000,58,0,0.055
C-01411,0.1227,0.0,0.0,-0.1173,0.2593,0,0.016,0.011,0.0018,3.3,1,220000,71,0,0.024
C-01412,0.2434,0.4364,0.1062,-0.1796,0.2909,0,0.053,0.011,0.0018,15.8,0,113000,69,1,0.504
C-01413,0.0826,0.0,0.0,0.086,0.55,0,-0.0009,0.011,0.0018,1.0,0,121000,39,0,0.07
C-01414,0.1714,0.0,0.0,-0.1463,0.5478,0,0.0069,0.01036,0.00116,9.8,1,335500,68,0,0.047
C-01415,0.0594,0.0,0.0,0.3208,0.8333,0,-0.0081,0.011,0.0018,4.4,0,50500,42,0,0.046
C-01416,0.117,0.0,0.0,-0.0646,0.6133,0,-0.0147,0.01045,0.00125,0.5,1,320500,50,0,0.029
C-01417,0.2071,0.0,0.0,-0.2071,0.1927,1,0.0313,0.00707,-0.00213,3.0,0,3445500,49,0,0.018
C-01418,0.0974,0.3846,0.0375,-0.0165,0.3846,0,-0.0063,0.011,0.0018,0.8,0,133500,26,0,0.01
C-01419,0.0597,0.0,0.0,0.1624,0.9,0,0.0117,0.011,0.0018,2.8,0,167500,45,0,0.046
C-01420,0.0407,0.0,0.0,0.0748,0.0,0,-0.0001,0.011,0.0018,3.6,0,135000,36,0,0.027
C-01421,0.1216,0.0,0.0,-0.0099,0.1652,0,0.0122,0.00982,0.00062,3.4,0,473000,64,1,0.05
C-01422,0.1878,0.0,0.0,-0.129,0.3261,0,-0.0092,0.011,0.0018,8.7,1,122500,38,0,0.101
C-01423,0.1854,0.0,0.0,-0.1796,0.4132,0,-0.0076,0.00834,-0.00086,8.1,1,1429000,72,0,0.036
C-01424,0.4281,0.4229,0.181,-0.4281,0.2767,1,0.0303,0.01062,0.00142,2.8,1,295500,46,0,0.0
C-01425,0.1002,0.0,0.0,-0.0781,0.2857,0,0.0056,0.00978,0.00058,3.1,0,489000,43,0,0.022
C-01426,0.1545,0.0,0.0,-0.1275,0.1818,0,-0.0026,0.011,0.0018,13.1,0,178000,47,0,0.06
C-01427,0.12,0.0,0.0,0.088,0.5556,0,-0.0249,0.011,0.0018,5.4,0,75000,36,0,0.027
C-01428,0.2529,0.2152,0.0544,-0.2321,0.0,0,0.0064,0.00812,-0.00108,1.1,0,1617500,44,0,0.0
C-01429,0.3376,0.3238,0.1093,-0.299,0.5619,0,-0.0107,0.011,0.0018,6,1,155500,28,0,0.037
C-01430,0.091,0.0,0.0,-0.0394,0.8889,0,0.0083,0.01008,0.00088,1.8,0,395500,71,0,0.042
C-01431,0.0481,0.0,0.0,-0.0481,0.5556,1,0.0029,0.011,0.0018,2.7,0,187000,47,0,0.0
C-01432,0.1195,0.7895,0.0943,-0.1195,0.0,1,-0.0123,0.011,0.0018,4.0,1,159000,31,0,0.107
C-01433,0.1394,0.0,0.0,-0.0851,0.3553,0,-0.0092,0.00926,6e-05,3.6,1,817500,63,0,0.084
C-01434,0.1187,0.0,0.0,-0.11,0.7866,0,-0.0072,0.0084,-0.0008,6.6,0,1382000,31,0,0.071
C-01435,0.0609,0.0,0.0,-0.0609,0.0,1,0.0306,0.00954,0.00034,7.1,0,599000,36,0,0.043
C-01436,0.0767,0.0,0.0,-0.0767,0.1553,1,0.0418,0.00745,-0.00175,6.2,0,2770500,62,0,0.0
C-01437,0.0866,0.0,0.0,-0.0347,0.5417,0,0.0015,0.011,0.0018,3.9,1,138500,54,0,0.043
C-01438,0.1771,0.3025,0.0536,-0.162,0.3025,0,0.0055,0.0074,-0.0018,1.4,0,2930000,46,0,0.012
C-01439,0.1154,0.0,0.0,0.0,0.7083,0,0.0077,0.011,0.0018,7,0,104000,29,0,0.042
C-01440,0.0828,0.0,0.0,-0.0178,0.6727,0,0.0343,0.01038,0.00118,3.8,0,332000,27,0,0.066
C-01441,0.1311,0.0,0.0,-0.0728,0.3333,0,-0.0004,0.011,0.0018,0.3,0,103000,29,0,0.027
C-01442,0.2016,0.0,0.0,-0.1423,0.2129,0,0.009,0.01013,0.00093,5,0,384500,27,0,0.0
C-01443,0.1337,0.0,0.0,-0.1248,0.8278,0,0.0035,0.00943,0.00023,0.4,0,673000,50,0,0.046
C-01444,0.2429,0.6824,0.1657,-0.1469,0.1294,0,0.0265,0.011,0.0018,19,1,175000,41,0,0.015
C-01445,0.0428,0.0,0.0,-0.0005,0.4118,0,0.0059,0.011,0.0018,1.6,1,198500,51,0,0.024
C-01446,0.1653,0.0,0.0,-0.1451,0.3597,0,0.0063,0.00871,-0.00049,15.5,0,1185500,74,0,0.049
C-01447,0.157,0.2571,0.0404,-0.157,0.5429,1,0.0485,0.011,0.0018,10.1,0,111500,55,0,0.042
C-01448,0.1277,0.0,0.0,0.0766,0.5,0,0.0075,0.011,0.0018,4,0,47000,26,0,0.068
C-01449,0.0755,0.0,0.0,-0.0755,0.1132,1,0.0295,0.01028,0.00108,0.8,1,351000,75,0,0.059
C-01450,0.1098,0.0,0.0,-0.1037,0.4312,0,-0.0042,0.00913,-7e-05,4.2,0,993000,72,0,0.042
C-01451,0.1034,0.0,0.0,-0.1034,1.0,1,-0.0036,0.011,0.0018,3.2,0,208000,31,0,0.041
C-01452,0.135,0.3906,0.0527,-0.135,0.6094,1,0.0262,0.011,0.0018,0.5,0,237000,60,1,0.407
C-01453,0.0851,0.0,0.0,0.0681,0.125,0,0.0028,0.011,0.0018,1.7,1,47000,29,0,0.021
C-01454,0.1579,0.0,0.0,-0.1579,0.3333,1,-0.0016,0.011,0.0018,2.5,0,47500,29,0,0.025
C-01455,0.0992,0.0,0.0,-0.0908,0.3583,0,0.0027,0.00573,-0.00347,4.2,0,9707500,63,1,0.457
C-01456,0.207,0.3178,0.0658,-0.1513,0.4766,0,0.0138,0.00971,0.00051,2.8,0,517000,55,0,0.013
C-01457,0.0929,0.0,0.0,-0.0929,0.7167,1,-0.0115,0.01043,0.00123,5,0,323000,27,0,0.04
C-01458,0.0719,0.0,0.0,-0.0719,0.75,1,0.0022,0.01,0.0008,3.1,0,417500,51,0,0.051
C-01459,0.0532,0.0,0.0,0.2023,0.8571,0,-0.0016,0.011,0.0018,13,0,131500,35,0,0.033
C-01460,0.0743,0.0,0.0,-0.0743,0.6048,1,0.0134,0.00807,-0.00113,4.1,1,1669500,58,0,0.002
C-01461,0.1728,0.0,0.0,-0.1572,0.2935,0,0.0475,0.0092,0.0,2.8,0,897000,49,1,0.327
C-01462,0.0586,0.0,0.0,-0.0586,0.3571,1,0.012,0.01024,0.00104,15.3,0,358500,73,0,0.044
C-01463,0.1902,0.0,0.0,-0.1836,0.4545,0,0.0149,0.00747,-0.00173,8.8,1,2712500,47,0,0.011
C-01464,0.2058,0.7602,0.1564,-0.1711,0.0585,0,0.0389,0.01,0.0008,10.3,0,415500,61,1,0.804
C-01465,0.0959,0.0,0.0,-0.0545,0.1011,0,-0.001,0.00985,0.00065,12.0,0,464000,43,0,0.0
C-01466,0.1089,0.0,0.0,0.1525,0.5455,0,0.0054,0.011,0.0018,1.0,0,50500,60,0,0.01
C-01467,0.1691,0.3972,0.0671,-0.1403,0.6879,0,0.0104,0.01,0.0008,7.9,0,417000,45,0,0.0
C-01468,0.1475,0.0,0.0,-0.1475,0.4793,1,-0.0147,0.00959,0.00039,0.4,0,573000,59,0,0.0
C-01469,0.1241,0.0,0.0,-0.1166,0.2778,0,0.0062,0.00928,8e-05,3.7,0,797500,74,0,0.063
C-01470,0.2639,0.678,0.1789,-0.2145,0.678,0,0.0439,0.00962,0.00042,5.7,0,559000,63,1,0.389
C-01471,0.1507,0.0,0.0,0.0466,0.0,0,0.0198,0.011,0.0018,0.7,1,73000,48,0,0.03
C-01472,0.0478,0.0,0.0,-0.0478,0.451,1,0.0541,0.00814,-0.00106,5.7,1,1599500,57,0,0.033
C-01473,0.1497,0.0,0.0,-0.1497,0.3182,1,0.0155,0.011,0.0018,8.1,1,73500,59,0,0.038
C-01474,0.087,0.0,0.0,0.0174,1.0,0,-0.0019,0.011,0.0018,4.0,1,92000,29,0,0.059
C-01475,0.0966,0.25,0.0242,0.0077,0.9125,0,0.0058,0.01001,0.00081,6.2,1,414000,63,1,0.45
C-01476,0.2328,0.2222,0.0517,-0.2328,0.3333,1,0.0529,0.011,0.0018,1.5,1,58000,48,1,0.53
C-01477,0.1533,0.0,0.0,-0.1533,0.45,1,-0.0063,0.01089,0.00169,7.6,0,261000,71,0,0.012
C-01478,0.1901,0.0,0.0,-0.1747,0.2573,0,-0.0075,0.00875,-0.00045,2.4,0,1165000,41,0,0.0
C-01479,0.1488,0.0,0.0,-0.1286,0.6196,0,0.0019,0.00797,-0.00123,15.5,0,1784000,57,0,0.033
C-01480,0.125,0.0,0.0,0.455,0.5333,0,-0.0005,0.011,0.0018,1.1,0,60000,31,1,0.289
C-01481,0.2102,0.0,0.0,-0.1761,0.1216,0,-0.0047,0.011,0.0018,11,0,176000,33,0,0.074
C-01482,0.0782,0.0,0.0,-0.0497,0.443,0,-0.0016,0.00974,0.00054,1.9,1,505000,53,0,0.0
C-01483,0.0914,0.0,0.0,-0.0892,0.8327,0,0.0008,0.00574,-0.00346,0.7,1,9672500,58,0,0.026
C-01484,0.1472,0.0,0.0,-0.1472,0.2421,1,0.0501,0.00947,0.00027,0.3,0,645500,34,0,0.015
C-01485,0.1319,0.0,0.0,-0.1093,0.2857,0,-0.0032,0.01046,0.00126,8.3,0,318500,73,0,0.049
C-01486,0.118,0.0,0.0,-0.1066,0.594,0,0.0052,0.00858,-0.00062,4.3,0,1262500,46,0,0.07
C-01487,0.2943,0.6748,0.1986,-0.2943,0.7561,1,0.0501,0.011,0.0018,3,0,209000,25,0,0.051
C-01488,0.0989,0.0,0.0,0.0857,0.0,0,0.0051,0.011,0.0018,0.7,0,91000,29,0,0.0
C-01489,0.2041,0.0,0.0,-0.2041,0.5,1,-0.0009,0.011,0.0018,8.1,0,49000,68,0,0.011
C-01490,0.1809,0.8235,0.1489,0.3043,0.0,0,0.03,0.011,0.0018,4.8,0,47000,33,1,0.988
C-01491,0.1311,0.304,0.0399,-0.0965,0.1982,0,0.0134,0.00922,2e-05,2.0,0,865500,54,0,0.035
C-01492,0.0319,0.0,0.0,0.0702,0.0,0,-0.0014,0.011,0.0018,3.1,0,47000,32,0,0.002
C-01493,0.1116,0.0,0.0,-0.0395,0.4615,0,-0.0013,0.011,0.0018,22.5,0,116500,73,0,0.056
C-01494,0.0877,0.0,0.0,-0.0035,0.92,0,0.0059,0.011,0.0018,0.3,0,142500,39,0,0.03
C-01495,0.0822,0.0,0.0,-0.0247,0.2083,0,-0.0027,0.011,0.0018,5.2,0,146000,34,0,0.064
C-01496,0.0783,0.0,0.0,-0.0525,0.8319,0,-0.0136,0.00832,-0.00088,8.0,0,1444000,54,0,0.093
C-01497,0.1023,0.0,0.0,-0.0847,0.4704,0,-0.0019,0.00744,-0.00176,19.7,0,2806500,44,0,0.088
C-01498,0.0737,0.0,0.0,-0.0737,0.0,1,0.0027,0.011,0.0018,5.6,0,47500,33,0,0.03
C-01499,0.3116,0.5229,0.1629,-0.3116,0.7451,1,0.0459,0.011,0.0018,1.4,0,245500,66,1,0.417
C-01500,0.1424,0.3261,0.0464,-0.0854,0.6812,0,0.015,0.00979,0.00059,2.8,0,484500,52,0,0.05
C-01501,0.1096,0.0,0.0,-0.0233,0.8438,0,0.0407,0.011,0.0018,12,0,146000,34,0,0.0
C-01502,0.1033,0.0,0.0,-0.0697,0.0,0,0.0003,0.01069,0.00149,12.0,1,285500,61,0,0.066
C-01503,0.0526,0.0,0.0,0.5368,0.4,0,0.0163,0.011,0.0018,9.8,1,47500,54,0,0.05
C-01504,0.1677,0.0,0.0,-0.1677,0.3929,1,-0.0144,0.011,0.0018,3,0,250500,25,1,0.221
C-01505,0.1801,0.0,0.0,-0.1801,0.1592,1,-0.0078,0.00962,0.00042,0.3,1,558000,75,0,0.044
C-01506,0.0805,0.0,0.0,-0.0778,0.0629,0,-0.0045,0.0066,-0.0026,12.6,1,4442500,74,1,0.45
C-01507,0.094,0.6364,0.0598,-0.0017,0.1818,0,-0.0095,0.011,0.0018,5.8,0,117000,47,0,0.042
C-01508,0.1122,0.697,0.0782,-0.0361,1.0,0,0.0182,0.00992,0.00072,6.5,1,441000,57,0,0.02
C-01509,0.0555,0.0,0.0,-0.0411,0.2703,0,-0.0102,0.01037,0.00117,3.4,0,333500,71,0,0.064
C-01510,0.2356,0.1531,0.0361,-0.1029,0.3571,0,-0.0004,0.011,0.0018,30,0,208000,60,0,0.061
C-01511,0.0165,0.0,0.0,0.0195,0.0,0,0.0075,0.01038,0.00118,4.8,1,333000,55,0,0.015
C-01512,0.1259,0.0,0.0,-0.11,0.7056,0,0.0365,0.00756,-0.00164,5.6,0,2482000,63,0,0.068
C-01513,0.0642,0.0,0.0,-0.0374,0.0,0,0.0017,0.01025,0.00105,0.3,0,358000,75,0,0.034
C-01514,0.101,0.0,0.0,-0.025,0.6078,0,-0.0061,0.01098,0.00178,5.3,1,252500,42,0,0.001
C-01515,0.1976,0.1207,0.0239,-0.1526,0.5517,0,0.0029,0.01063,0.00143,10.4,0,293500,46,0,0.047
C-01516,0.0751,0.0,0.0,-0.0677,0.3357,0,0.0034,0.00745,-0.00175,5.5,1,2755000,33,0,0.045
C-01517,0.1831,0.6154,0.1127,-0.1831,0.6923,1,0.0113,0.011,0.0018,3.6,1,71000,28,1,0.62
C-01518,0.0528,0.0,0.0,-0.0029,0.7879,0,0.0082,0.0105,0.0013,2.1,0,312500,71,0,0.0
C-01519,0.0889,0.0,0.0,-0.0178,0.4762,0,0.0052,0.00982,0.00062,2.0,0,472500,63,0,0.017
C-01520,0.1633,0.3671,0.0599,-0.1615,0.6109,0,0.0058,0.00776,-0.00144,0.7,0,2085500,68,0,0.038
C-01521,0.051,0.0,0.0,-0.051,0.0,1,0.0363,0.00836,-0.00084,3.4,0,1411000,38,1,0.05
C-01522,0.2827,0.5741,0.1623,-0.2827,0.3148,1,0.0451,0.011,0.0018,10.2,0,191000,50,0,0.031
C-01523,0.0475,0.0,0.0,-0.0233,0.6364,0,-0.0007,0.0103,0.0011,5,0,347500,27,0,0.069
C-01524,0.0707,0.0,0.0,-0.0561,0.2241,0,0.0052,0.01002,0.00082,2.4,1,410000,70,0,0.022
C-01525,0.2396,0.3043,0.0729,-0.0646,0.6957,0,-0.0057,0.011,0.0018,0.5,0,48000,33,0,0.04
C-01526,0.1767,0.0,0.0,-0.1767,0.6429,1,-0.0037,0.011,0.0018,0.3,0,158500,35,0,0.02
C-01527,0.0258,0.0,0.0,-0.0139,0.7273,0,0.0452,0.00804,-0.00116,16,0,1703000,38,0,0.12
C-01528,0.1213,0.0,0.0,-0.0881,0.3649,0,0.0063,0.00746,-0.00174,3.3,0,2745000,62,0,0.073
C-01529,0.0636,0.0,0.0,-0.021,0.3488,0,-0.0149,0.00942,0.00022,2.1,1,676500,53,0,0.0
C-01530,0.0162,0.0,0.0,0.0746,1.0,0,0.0016,0.011,0.0018,4.0,0,92500,32,0,0.035
C-01531,0.0592,0.0,0.0,-0.0592,0.5924,1,0.0444,0.00848,-0.00072,9.0,0,1325000,72,0,0.0
C-01532,0.1734,0.0,0.0,-0.1571,0.7598,0,-0.0093,0.00904,-0.00016,6.3,0,1032500,45,0,0.073
C-01533,0.1091,0.557,0.0608,-0.1091,0.2025,1,0.0442,0.01023,0.00103,5.2,1,362000,65,0,0.019
C-01534,0.1223,0.0,0.0,-0.1223,1.0,1,0.0165,0.011,0.0018,11,0,114500,33,0,0.009
C-01535,0.1164,0.4103,0.0478,0.034,0.6667,0,0.0011,0.011,0.0018,2.6,1,167500,44,1,0.355
C-01536,0.324,0.68,0.2203,-0.324,0.7533,1,0.0188,0.011,0.0018,4.2,1,231500,36,1,0.694
C-01537,0.1379,0.3452,0.0476,-0.1379,1.0,1,0.0133,0.00953,0.00033,7,1,609000,29,0,0.0
C-01538,0.1943,0.2941,0.0571,-0.0297,0.2941,0,0.0,0.011,0.0018,2.7,1,87500,72,0,0.051
C-01539,0.0973,0.0,0.0,-0.023,0.1818,0,0.0467,0.011,0.0018,8.7,0,113000,34,1,0.05
C-01540,0.1634,0.75,0.1226,-0.1118,0.25,0,0.0434,0.011,0.0018,23.0,1,232500,66,0,0.039
C-01541,0.1656,0.0,0.0,-0.0626,0.4444,0,-0.0146,0.011,0.0018,5.0,0,81500,32,0,0.008
C-01542,0.1146,0.0,0.0,0.0104,0.3636,0,-0.0153,0.011,0.0018,8.0,1,48000,32,0,0.022
C-01543,0.1468,0.0,0.0,-0.1468,0.6144,1,-0.0073,0.00761,-0.00159,17.6,0,2366500,44,0,0.048
C-01544,0.147,0.0,0.0,-0.1099,0.25,0,-0.0041,0.01092,0.00172,14.1,1,258500,59,0,0.059
C-01545,0.1571,0.0,0.0,-0.1571,0.1266,1,0.0024,0.01099,0.00179,8.0,0,251500,75,0,0.044
C-01546,0.1176,0.0,0.0,0.0,0.3333,0,-0.0194,0.011,0.0018,19.5,0,51000,45,0,0.046
C-01547,0.1452,0.5,0.0726,0.0484,0.7778,0,0.0114,0.011,0.0018,0.3,1,62000,25,0,0.065
C-01548,0.2972,0.6926,0.2058,-0.2932,0.3682,0,0.0357,0.00976,0.00056,25.2,1,498000,48,1,0.404
C-01549,0.0739,0.0,0.0,0.2534,0.7692,0,-0.0,0.011,0.0018,2.5,0,88000,26,0,0.022
C-01550,0.0359,0.0,0.0,-0.0147,0.0,0,-0.0004,0.00929,9e-05,1.5,0,794000,73,0,0.073
C-01551,0.1216,0.0,0.0,-0.0875,0.2805,0,0.0029,0.00816,-0.00104,5.7,0,1582500,49,0,0.0
C-01552,0.1818,0.4,0.0727,-0.1305,0.5176,0,-0.0,0.00984,0.00064,4.1,1,467500,40,0,0.011
C-01553,0.148,0.0,0.0,-0.148,0.6667,1,0.0363,0.011,0.0018,2.1,0,152000,30,0,0.111
C-01554,0.308,0.8082,0.2489,-0.308,0.0822,1,0.02,0.011,0.0018,4.1,1,118500,52,1,0.896
C-01555,0.0928,0.4857,0.0451,-0.061,0.2,0,0.0122,0.011,0.0018,9.9,0,188500,45,0,0.0
C-01556,0.3758,0.5,0.1879,-0.3585,0.8678,0,0.0524,0.011,0.0018,3.2,0,231500,47,0,0.081
C-01557,0.06,0.0,0.0,-0.0531,0.125,0,0.0045,0.00838,-0.00082,10.7,0,1400000,71,0,0.026
C-01558,0.1278,0.0,0.0,-0.0478,0.2174,0,0.0167,0.011,0.0018,6.7,0,90000,65,0,0.032
C-01559,0.0874,0.0,0.0,-0.0618,0.0,0,0.0466,0.00939,0.00019,0.3,0,704000,36,0,0.063
C-01560,0.2957,0.4737,0.1401,-0.1463,0.2368,0,0.0048,0.011,0.0018,6.0,1,128500,35,0,0.0
C-01561,0.269,0.2727,0.0734,-0.269,0.3333,1,-0.0062,0.011,0.0018,4.7,0,184000,56,0,0.069
C-01562,0.0507,0.0,0.0,-0.0329,0.8049,0,0.0045,0.01005,0.00085,13.7,0,404000,40,0,0.005
C-01563,0.0982,0.0,0.0,0.0089,0.4545,0,-0.001,0.011,0.0018,11,1,56000,33,0,0.036
C-01564,0.1993,0.2202,0.0439,-0.1623,0.4583,0,-0.0102,0.00998,0.00078,22.7,1,421500,62,0,0.0
C-01565,0.1699,0.4571,0.0777,-0.065,0.2,0,0.0006,0.011,0.0018,3.1,0,206000,29,1,0.46
C-01566,0.1183,0.0,0.0,-0.0151,0.5455,0,-0.0057,0.011,0.0018,3,1,46500,25,0,0.024
C-01567,0.1476,0.0,0.0,-0.1407,0.398,0,0.0056,0.0084,-0.0008,3.7,0,1378500,67,0,0.039
C-01568,0.0684,0.0,0.0,-0.0684,0.1111,1,-0.0033,0.00956,0.00036,5.4,1,592000,38,0,0.041
C-01569,0.1195,0.0,0.0,-0.0701,0.3218,0,-0.001,0.01022,0.00102,8,0,364000,30,0,0.076
C-01570,0.1116,0.0,0.0,-0.1116,0.1513,1,0.0113,0.00843,-0.00077,2.2,0,1362000,72,0,0.047
C-01571,0.0539,0.0,0.0,-0.0539,0.1786,1,-0.0012,0.01091,0.00171,15.3,1,259500,46,0,0.05
C-01572,0.121,0.0,0.0,-0.121,0.5714,1,0.041,0.011,0.0018,18.3,1,231500,60,0,0.011
C-01573,0.1394,0.3507,0.0489,-0.1339,0.327,0,0.0379,0.00823,-0.00097,2.7,1,1513500,72,0,0.029
C-01574,0.1999,0.0,0.0,-0.1779,0.5822,0,0.0038,0.0078,-0.0014,0.3,0,2024000,40,0,0.016
C-01575,0.055,0.0,0.0,0.0631,0.0,0,0.0012,0.01031,0.00111,0.9,1,345500,27,0,0.054
C-01576,0.0962,0.0,0.0,-0.0962,0.5932,1,0.0058,0.01054,0.00134,0.3,1,306500,75,0,0.028
C-01577,0.1489,0.0,0.0,-0.0867,0.3261,0,0.0181,0.011,0.0018,0.3,0,154500,44,0,0.039
C-01578,0.3078,0.7533,0.2319,-0.2985,0.2922,0,0.0341,0.00923,3e-05,6.6,1,856000,31,1,0.567
C-01579,0.0625,0.0,0.0,0.6625,0.0,0,0.0339,0.011,0.0018,11.1,1,48000,34,1,0.05
C-01580,0.0581,0.0,0.0,-0.0581,0.1385,1,0.047,0.00962,0.00042,8.4,0,559500,53,0,0.05
C-01581,0.0319,0.0,0.0,0.0329,0.7692,0,0.0062,0.011,0.0018,3.5,0,203500,72,0,0.045
C-01582,0.1238,0.0,0.0,-0.1163,0.7487,0,0.0124,0.00928,8e-05,7.5,1,804000,72,0,0.011
C-01583,0.0873,0.0,0.0,-0.0744,0.5,0,-0.0101,0.00961,0.00041,2.9,0,561500,73,0,0.0
C-01584,0.1165,0.0,0.0,-0.084,0.6047,0,-0.0093,0.011,0.0018,0.7,1,184500,75,0,0.011
C-01585,0.1758,0.6562,0.1154,-0.1758,0.1562,1,-0.0006,0.011,0.0018,3.2,1,182000,55,0,0.0
C-01586,0.1266,0.0,0.0,-0.0578,0.5746,0,-0.0086,0.00937,0.00017,15.2,1,715000,58,0,0.032
C-01587,0.0549,0.0,0.0,-0.0497,0.7157,0,0.0456,0.00744,-0.00176,0.9,0,2789000,70,0,0.081
C-01588,0.0938,0.0,0.0,-0.0797,0.5232,0,0.006,0.00784,-0.00136,11.5,0,1956500,49,0,0.102
C-01589,0.0556,0.0,0.0,0.1,0.0,0,-0.011,0.011,0.0018,4.8,0,54000,37,0,0.091
C-01590,0.2497,0.4677,0.1168,-0.2497,0.6452,1,0.049,0.01018,0.00098,1.8,0,372500,42,0,0.069
C-01591,0.0909,0.0,0.0,-0.0182,0.2778,0,0.0275,0.011,0.0018,0.3,1,99000,40,0,0.02
C-01592,0.1235,0.0,0.0,-0.1086,0.1833,0,-0.0093,0.011,0.0018,0.9,0,243000,68,0,0.062
C-01593,0.1353,0.0,0.0,-0.1353,0.3782,1,0.0173,0.00938,0.00018,8.7,0,713000,74,0,0.03
C-01594,0.1902,0.0,0.0,-0.1902,0.3631,1,0.0289,0.00626,-0.00294,1.1,1,5676500,53,0,0.07
C-01595,0.1614,0.0,0.0,-0.1405,0.4122,0,0.0052,0.00986,0.00066,7.4,0,458500,55,0,0.05
C-01596,0.096,0.0,0.0,-0.0011,0.4118,0,-0.0053,0.011,0.0018,5.0,0,88500,32,0,0.027
C-01597,0.0882,0.0,0.0,-0.0882,0.6923,1,0.0394,0.00991,0.00071,15,0,442000,37,1,0.05
C-01598,0.1412,0.0,0.0,-0.0424,0.875,0,0.002,0.011,0.0018,1.9,0,85000,42,0,0.009
C-01599,0.1037,0.0,0.0,-0.0739,0.06,0,-0.0059,0.011,0.0018,0.9,0,241000,52,0,0.027
C-01600,0.1473,0.0,0.0,-0.1287,0.6316,0,0.0147,0.011,0.0018,1.7,0,193500,36,0,0.055
C-01601,0.134,0.0,0.0,-0.1314,0.1721,0,-0.002,0.00919,-1e-05,4.8,1,910500,70,0,0.061
C-01602,0.1765,0.1572,0.0277,-0.1685,0.1761,0,0.0057,0.00989,0.00069,0.5,0,450500,68,0,0.022
C-01603,0.2666,0.4851,0.1293,-0.2271,0.0801,0,0.0107,0.00926,6e-05,4.3,1,819500,50,0,0.055
C-01604,0.2215,0.0,0.0,-0.2215,0.3134,1,-0.0009,0.01057,0.00137,7.0,0,302500,56,0,0.046
C-01605,0.1369,0.3218,0.0441,-0.134,0.6963,0,-0.0085,0.00743,-0.00177,0.6,0,2837000,75,0,0.055
C-01606,0.0906,0.0,0.0,-0.0604,0.4444,0,-0.0027,0.01007,0.00087,11.2,0,397500,71,0,0.043
C-01607,0.0816,0.0,0.0,-0.024,0.5686,0,-0.0041,0.0105,0.0013,0.3,1,312500,73,0,0.049
C-01608,0.076,0.0,0.0,-0.076,0.8525,1,0.052,0.01006,0.00086,0.3,1,401500,36,0,0.082
C-01609,0.1209,0.0,0.0,0.0374,0.1818,0,-0.0141,0.011,0.0018,0.3,1,45500,26,0,0.072
C-01610,0.1482,0.0,0.0,-0.1482,0.2835,1,0.0002,0.00803,-0.00117,4.9,0,1713500,75,0,0.066
C-01611,0.2128,0.7,0.1489,-0.0851,0.0,0,0.0193,0.011,0.0018,3.1,1,47000,28,1,0.267
C-01612,0.1034,0.0,0.0,0.1352,0.1923,0,-0.0159,0.01099,0.00179,3.0,0,251500,51,0,0.018
C-01613,0.1138,0.0,0.0,-0.0549,0.2745,0,0.007,0.011,0.0018,0.3,1,224000,33,0,0.0
C-01614,0.0543,0.0,0.0,-0.0429,0.087,0,-0.0,0.00924,4e-05,6.5,1,847500,69,0,0.042
C-01615,0.1579,0.3137,0.0495,-0.0687,0.6863,0,0.009,0.011,0.0018,0.4,0,161500,35,0,0.03
C-01616,0.1244,0.0,0.0,-0.0655,0.1842,0,0.0028,0.01055,0.00135,8.6,1,305500,35,0,0.088
C-01617,0.2626,0.288,0.0756,-0.1786,0.52,0,0.0168,0.011,0.0018,0.3,1,238000,42,0,0.0
C-01618,0.114,0.0,0.0,0.1807,0.1538,0,0.04,0.011,0.0018,1.1,1,57000,68,0,0.045
C-01619,0.1734,0.2667,0.0462,0.0208,0.5333,0,0.0039,0.011,0.0018,1.1,0,86500,32,0,0.08
C-01620,0.1244,0.0,0.0,-0.1244,0.2293,1,0.008,0.00949,0.00029,10.8,0,631000,69,0,0.076
C-01621,0.145,0.359,0.052,0.0781,0.7692,0,-0.0019,0.011,0.0018,0.3,0,134500,55,0,0.076
C-01622,0.1221,0.0,0.0,-0.0945,0.5377,0,-0.0138,0.00994,0.00074,5,0,434000,27,1,0.243
C-01623,0.104,0.0,0.0,-0.0132,0.2841,0,0.0118,0.00998,0.00078,4.9,0,423000,40,0,0.068
C-01624,0.1429,0.4118,0.0588,-0.0723,0.7059,0,0.0329,0.011,0.0018,9,0,59500,31,0,0.028
C-01625,0.0426,0.0,0.0,0.1872,0.75,0,0.0427,0.011,0.0018,1.5,0,47000,26,0,0.044
C-01626,0.1098,0.0,0.0,0.139,0.9444,0,-0.0131,0.011,0.0018,10.4,0,82000,41,0,0.045
C-01627,0.0775,0.0,0.0,-0.0542,0.3516,0,-0.0099,0.00926,6e-05,4.3,0,826000,52,0,0.086
C-01628,0.186,0.4841,0.09,-0.186,0.2229,1,0.0081,0.00924,4e-05,5.8,1,844000,58,1,0.564
C-01629,0.0519,0.0,0.0,-0.041,0.0,0,0.0182,0.00703,-0.00217,2.0,0,3516000,59,0,0.03
C-01630,0.1203,0.0,0.0,-0.1203,0.2917,1,-0.0049,0.011,0.0018,6,0,199500,28,0,0.015
C-01631,0.1412,0.0,0.0,-0.1244,0.1565,0,0.0391,0.00917,-3e-05,0.3,0,927500,72,1,0.125
C-01632,0.414,0.7013,0.2903,-0.414,0.3636,1,0.0307,0.011,0.0018,8.9,1,93000,40,1,0.431
C-01633,0.3319,0.6608,0.2193,-0.3288,0.738,0,0.0508,0.00904,-0.00016,18.3,0,1035000,75,0,0.049
C-01634,0.1103,0.0,0.0,-0.0456,0.3556,0,-0.0062,0.011,0.0018,2.2,1,204000,44,0,0.064
C-01635,0.12,0.0,0.0,-0.0827,0.4074,0,-0.0023,0.011,0.0018,18.8,0,225000,72,0,0.069
C-01636,0.0448,0.0,0.0,-0.0233,1.0,0,0.0062,0.01037,0.00117,11.3,0,335000,75,0,0.041
C-01637,0.0626,0.0,0.0,-0.0626,0.5472,1,-0.0011,0.00998,0.00078,1.0,0,423500,38,0,0.027
C-01638,0.0899,0.0,0.0,-0.0765,0.0,0,0.0434,0.0079,-0.0013,19.5,1,1880000,75,0,0.007
C-01639,0.1085,0.0,0.0,-0.0999,0.7851,0,-0.011,0.00962,0.00042,4,0,557500,26,0,0.105
C-01640,0.1622,0.0,0.0,-0.1622,0.5894,1,-0.0023,0.00865,-0.00055,6.1,0,1223500,61,0,0.064
C-01641,0.0892,0.0,0.0,-0.0892,0.4602,1,0.0075,0.00913,-7e-05,18.2,0,986500,46,0,0.064
C-01642,0.1741,0.0,0.0,0.1602,0.4286,0,0.0002,0.011,0.0018,7.9,0,100500,40,0,0.084
C-01643,0.1132,0.0,0.0,-0.0879,0.2326,0,0.0009,0.011,0.0018,4.8,0,190000,41,0,0.0
C-01644,0.0211,0.0,0.0,-0.0211,0.2632,1,-0.0032,0.00989,0.00069,6.3,0,451000,70,0,0.0
C-01645,0.1481,0.217,0.0321,-0.1481,0.346,1,-0.01,0.00878,-0.00042,2.4,0,1151000,52,0,0.047
C-01646,0.088,0.0,0.0,-0.0496,0.8182,0,0.0004,0.011,0.0018,0.7,0,62500,71,0,0.0
C-01647,0.1942,0.0,0.0,-0.1942,0.2,1,-0.0016,0.011,0.0018,21.9,0,51500,68,0,0.083
C-01648,0.1221,0.0,0.0,-0.1013,0.5787,0,0.0076,0.00902,-0.00018,2.7,1,1040500,64,0,0.0
C-01649,0.0907,0.0,0.0,-0.0782,0.7471,0,-0.0045,0.0098,0.0006,20.0,0,479500,55,0,0.051
C-01650,0.0302,0.0,0.0,-0.0145,0.1833,0,0.0334,0.00913,-7e-05,0.3,0,992000,58,0,0.058
C-01651,0.1792,0.2056,0.0368,-0.1688,0.2984,0,-0.0076,0.0094,0.0002,2.3,0,692000,75,0,0.035
C-01652,0.3469,0.5588,0.1939,-0.1633,0.7941,0,0.052,0.011,0.0018,2.9,1,49000,42,0,0.112
C-01653,0.1029,0.3571,0.0368,0.0559,0.7857,0,-0.0087,0.011,0.0018,3.5,1,68000,59,0,0.061
C-01654,0.128,0.0,0.0,-0.128,0.2432,1,0.0548,0.011,0.0018,13.8,0,144500,49,0,0.055
C-01655,0.1528,0.0,0.0,-0.1128,0.2909,0,0.0,0.011,0.0018,12.0,0,180000,74,0,0.028
C-01656,0.1231,0.0,0.0,-0.0694,0.3939,0,0.001,0.011,0.0018,5.3,0,134000,37,0,0.0
C-01657,0.0428,0.0,0.0,-0.0428,1.0,1,0.0491,0.00891,-0.00029,3.7,1,1087500,37,0,0.045
C-01658,0.158,0.0,0.0,-0.1281,0.4342,0,-0.0076,0.011,0.0018,11,0,240500,33,0,0.052
C-01659,0.069,0.0,0.0,0.1131,0.5,0,-0.0022,0.011,0.0018,0.3,1,72500,34,0,0.049
C-01660,0.1536,0.0,0.0,-0.1351,0.8938,0,0.0302,0.0097,0.0005,11.4,0,521000,67,0,0.073
C-01661,0.1548,0.3484,0.0539,-0.1211,0.2262,0,0.0121,0.00938,0.00018,1.5,0,714000,49,0,0.008
C-01662,0.1996,0.5312,0.106,-0.1996,0.6875,1,0.0523,0.011,0.0018,1.2,0,240500,36,1,0.543
C-01663,0.1375,0.0,0.0,-0.0925,0.2045,0,0.0192,0.01045,0.00125,16.6,1,320000,64,0,0.01
C-01664,0.1263,0.0,0.0,0.0505,0.75,0,0.0079,0.011,0.0018,17.1,0,47500,67,0,0.078
C-01665,0.181,0.0,0.0,-0.1727,0.872,0,-0.0152,0.00957,0.00037,4.8,0,583000,64,0,0.061
C-01666,0.1429,0.0,0.0,0.1873,0.7037,0,0.0067,0.011,0.0018,2.5,0,94500,48,0,0.086
C-01667,0.0835,0.0,0.0,-0.0184,0.875,0,0.007,0.011,0.0018,1.1,1,239500,66,0,0.007
C-01668,0.1854,0.0,0.0,-0.1854,0.5634,1,0.0089,0.00959,0.00039,0.6,0,574500,28,0,0.047
C-01669,0.0331,0.0,0.0,0.0911,0.0,0,-0.003,0.011,0.0018,2.3,0,241500,51,0,0.0
C-01670,0.0456,0.0,0.0,-0.0456,0.881,1,0.0546,0.00918,-2e-05,1.4,0,922000,65,0,0.028
C-01671,0.0911,0.0,0.0,-0.0831,0.5443,0,0.0272,0.00774,-0.00146,2.3,0,2108500,64,0,0.063
C-01672,0.0681,0.0,0.0,-0.0174,1.0,0,-0.0148,0.011,0.0018,2.8,0,213000,43,0,0.045
C-01673,0.2184,0.0,0.0,-0.1112,0.0227,0,-0.014,0.011,0.0018,0.8,1,201500,36,0,0.058
C-01674,0.0319,0.0,0.0,0.5809,0.3333,0,-0.009,0.011,0.0018,7.4,0,47000,54,0,0.052
C-01675,0.181,0.0,0.0,-0.1752,0.2227,0,-0.0099,0.00591,-0.00329,7.1,0,7853500,50,0,0.026
C-01676,0.1367,0.0,0.0,-0.1367,0.3158,1,-0.0052,0.011,0.0018,18.4,0,69500,44,0,0.004
C-01677,0.1277,0.0,0.0,0.1277,0.4167,0,0.0023,0.011,0.0018,2.9,0,47000,30,0,0.03
C-01678,0.0485,0.0,0.0,0.015,0.3455,0,-0.0082,0.0096,0.0004,4.1,0,566500,47,0,0.017
C-01679,0.1299,0.0,0.0,-0.0784,0.1031,0,0.0032,0.01017,0.00097,2.7,0,373500,68,0,0.0
C-01680,0.0581,0.0,0.0,0.03,1.0,0,-0.0011,0.01041,0.00121,3.0,0,327000,53,0,0.0
C-01681,0.1518,0.0,0.0,-0.1374,0.3314,0,0.0302,0.00612,-0.00308,5.2,0,6341000,47,0,0.023
C-01682,0.1861,0.3953,0.0736,-0.1528,0.1744,0,0.0173,0.011,0.0018,12,1,231000,34,0,0.035
C-01683,0.191,0.2167,0.0414,-0.1688,0.2369,0,0.0035,0.00751,-0.00169,12.6,0,2597500,55,0,0.097
C-01684,0.1221,0.0,0.0,-0.1012,0.369,0,-0.004,0.00941,0.00021,2.5,0,688000,54,0,0.037
C-01685,0.1556,0.0,0.0,-0.1556,0.4762,1,0.0003,0.011,0.0018,3,1,67500,25,0,0.051
C-01686,0.3118,0.4224,0.1317,-0.2731,0.1983,0,0.0108,0.01018,0.00098,2.9,1,372000,64,0,0.118
C-01687,0.1863,0.0,0.0,-0.1863,0.4356,1,0.0434,0.00927,7e-05,8.3,0,813000,40,0,0.061
C-01688,0.0836,0.0,0.0,-0.0271,0.6761,0,0.0035,0.00997,0.00077,0.3,0,424500,52,0,0.055
C-01689,0.1705,0.0,0.0,-0.1705,0.5667,1,-0.0019,0.011,0.0018,5.9,0,88000,73,0,0.057
C-01690,0.1786,0.3343,0.0597,-0.1069,0.2507,0,0.006,0.00917,-3e-05,10.5,0,938000,44,0,0.028
C-01691,0.0448,0.0,0.0,-0.0294,1.0,0,-0.0057,0.00939,0.00019,9.1,0,703000,57,0,0.003
C-01692,0.1061,0.0,0.0,-0.0946,0.5236,0,0.0172,0.0077,-0.0015,1.7,0,2196500,48,0,0.012
C-01693,0.0545,0.0,0.0,0.0881,0.7879,0,-0.02,0.01056,0.00136,2.1,0,303000,50,1,0.314
C-01694,0.2538,0.4848,0.1231,-0.2446,0.5354,0,0.0388,0.0101,0.0009,4.0,1,390000,30,1,0.535
C-01695,0.0991,0.0,0.0,-0.0991,0.1757,1,-0.0009,0.01017,0.00097,3.6,1,373500,70,0,0.048
C-01696,0.1257,0.0,0.0,-0.1257,0.3404,1,0.0219,0.011,0.0018,0.3,0,187000,35,0,0.017
C-01697,0.1195,0.0,0.0,-0.1195,0.3158,1,0.032,0.011,0.0018,3,1,79500,25,0,0.033
C-01698,0.057,0.0,0.0,-0.057,0.0,1,-0.0048,0.011,0.0018,13.4,0,96500,54,1,0.411
C-01699,0.1689,0.0,0.0,-0.1334,0.0,0,0.01,0.00914,-6e-05,2.7,1,980000,51,0,0.056
C-01700,0.1037,0.4839,0.0502,-0.1037,0.3226,1,0.0,0.011,0.0018,7.4,0,149500,56,0,0.018
C-01701,0.1065,0.3283,0.035,-0.0688,0.3223,0,-0.0104,0.00818,-0.00102,6.2,0,1558500,29,0,0.039
C-01702,0.1002,0.0,0.0,-0.1002,0.413,1,0.0057,0.011,0.0018,1.5,0,229500,39,0,0.008
C-01703,0.1133,0.0,0.0,0.0877,0.5652,0,-0.0047,0.011,0.0018,1.7,1,101500,39,0,0.03
C-01704,0.3333,0.6098,0.2033,-0.1577,0.7317,0,0.0499,0.011,0.0018,5.8,0,61500,74,1,0.469
C-01705,0.0729,0.0,0.0,0.1771,0.7143,0,0.0371,0.011,0.0018,4,0,48000,26,0,0.015
C-01706,0.1309,0.0,0.0,-0.0306,0.6596,0,0.0127,0.011,0.0018,2.9,0,179500,56,1,0.05
C-01707,0.0678,0.0,0.0,-0.0464,0.2951,0,-0.0072,0.00989,0.00069,4.1,0,450000,74,0,0.071
C-01708,0.1516,0.2788,0.0423,-0.1306,0.7115,0,-0.0006,0.01032,0.00112,0.7,0,343000,49,0,0.076
C-01709,0.2132,0.4106,0.0875,-0.1934,0.4444,0,0.0091,0.00979,0.00059,6.6,0,485500,70,0,0.051
C-01710,0.113,0.0,0.0,-0.0873,0.5511,0,-0.0082,0.00867,-0.00053,8.1,0,1212000,64,0,0.049
C-01711,0.1667,0.0,0.0,-0.0369,0.7838,0,0.0025,0.011,0.0018,1.1,0,111000,41,0,0.004
C-01712,0.1077,0.0,0.0,-0.0913,0.3968,0,0.0159,0.00957,0.00037,0.4,1,585000,70,0,0.065
C-01713,0.1408,0.2,0.0282,-0.0901,0.55,0,0.0052,0.011,0.0018,11,0,71000,33,0,0.01
C-01714,0.1276,0.0,0.0,-0.0778,0.3065,0,0.009,0.00756,-0.00164,1.1,0,2481000,54,0,0.032
C-01715,0.1073,0.0,0.0,-0.0146,0.2,0,-0.0069,0.011,0.0018,2.1,0,116500,26,0,0.086
C-01716,0.0954,0.0,0.0,-0.0779,0.7765,0,-0.0034,0.0092,0.0,7.6,0,891000,49,0,0.018
C-01717,0.0698,0.0,0.0,0.0475,0.86,0,-0.0026,0.01025,0.00105,14,1,358000,36,0,0.068
C-01718,0.0971,0.0,0.0,0.0583,0.3333,0,-0.0111,0.011,0.0018,0.8,0,154500,42,0,0.072
C-01719,0.1158,0.0,0.0,-0.1158,0.6364,1,-0.0063,0.011,0.0018,5.7,0,47500,66,0,0.058
C-01720,0.2903,0.4074,0.1183,-0.2258,0.1852,0,0.0315,0.011,0.0018,0.3,0,46500,40,0,0.067
C-01721,0.0977,0.0,0.0,-0.0818,0.7034,0,0.0012,0.00953,0.00033,12.3,0,604000,48,0,0.022
C-01722,0.2108,0.0,0.0,-0.1822,0.2261,0,-0.0136,0.00965,0.00045,14.5,0,545500,49,0,0.047
C-01723,0.1092,0.0,0.0,-0.0753,0.375,0,0.0172,0.00897,-0.00023,4.2,0,1062000,51,0,0.038
C-01724,0.1686,0.0,0.0,-0.1686,0.2034,1,-0.0045,0.011,0.0018,0.4,0,175000,39,0,0.072
C-01725,0.2501,0.7143,0.1786,-0.2501,0.6742,1,0.0484,0.00861,-0.00059,0.3,0,1245500,62,1,0.501
C-01726,0.2074,0.6791,0.1409,-0.2074,0.1642,1,0.0371,0.01043,0.00123,2.1,0,323000,59,1,0.654
C-01727,0.125,0.0,0.0,0.4058,0.2308,0,0.0032,0.011,0.0018,0.9,0,52000,34,1,0.222
C-01728,0.0719,0.0,0.0,-0.0152,0.2603,0,-0.0043,0.00973,0.00053,7.0,1,508000,35,0,0.047
C-01729,0.1487,0.0,0.0,-0.1241,0.3678,0,0.0039,0.01064,0.00144,10.1,0,292500,39,0,0.018
C-01730,0.1076,0.0,0.0,-0.0662,0.7593,0,-0.0014,0.00933,0.00013,5.2,0,752500,63,0,0.041
C-01731,0.1691,0.0,0.0,-0.0655,0.1277,0,-0.0036,0.011,0.0018,19.2,1,139000,59,0,0.054
C-01732,0.0687,0.0,0.0,-0.0575,0.1165,0,-0.0051,0.00933,0.00013,1.0,1,749500,66,0,0.073
C-01733,0.1765,0.0,0.0,-0.1765,0.8148,1,-0.0115,0.011,0.0018,6,0,76500,28,0,0.037
C-01734,0.106,0.3556,0.0377,-0.0975,0.0,0,0.0089,0.00924,4e-05,4.9,0,849000,67,0,0.019
C-01735,0.118,0.0,0.0,-0.0885,0.7912,0,0.0287,0.00931,0.00011,1.6,0,771000,32,0,0.036
C-01736,0.1897,0.0,0.0,-0.1897,0.4685,1,-0.0034,0.01064,0.00144,2.0,1,292500,28,0,0.043
C-01737,0.1082,0.0,0.0,-0.1082,0.0,1,0.0006,0.00826,-0.00094,1.5,1,1488000,42,0,0.052
C-01738,0.1721,0.0,0.0,-0.1131,0.4048,0,-0.0048,0.011,0.0018,3.0,0,122000,72,0,0.046
C-01739,0.1496,0.0,0.0,-0.1496,0.0351,1,0.0147,0.011,0.0018,4.0,0,190500,40,0,0.039
C-01740,0.0537,0.0,0.0,0.0403,0.8649,0,-0.0204,0.01031,0.00111,17.0,0,344500,56,0,0.034
C-01741,0.098,0.0,0.0,-0.0881,0.7086,0,-0.0161,0.00744,-0.00176,4.7,0,2801500,54,0,0.047
C-01742,0.1624,0.0,0.0,-0.1624,0.1825,1,0.035,0.01011,0.00091,6.1,0,388000,72,0,0.106
C-01743,0.2547,0.8296,0.2113,-0.2547,0.0,1,0.0357,0.01086,0.00166,1.3,1,265000,32,1,0.611
C-01744,0.1413,0.0,0.0,-0.0385,0.7879,0,-0.0185,0.011,0.0018,3.5,0,233500,26,0,0.083
C-01745,0.1469,0.0,0.0,-0.0947,0.713,0,-0.0103,0.0102,0.001,6.1,0,367500,48,0,0.017
C-01746,0.1489,0.0,0.0,-0.1489,0.4286,1,-0.0011,0.011,0.0018,0.9,0,47000,42,0,0.0
C-01747,0.1018,0.0,0.0,-0.1018,0.7517,1,0.018,0.00827,-0.00093,6.9,0,1483000,36,0,0.004
C-01748,0.1334,0.415,0.0554,0.0212,0.1973,0,-0.0005,0.00963,0.00043,12.1,1,551000,43,0,0.0
C-01749,0.0967,0.3462,0.0335,-0.0967,0.0,1,0.0094,0.011,0.0018,5.1,0,134500,41,0,0.04
C-01750,0.1281,0.0,0.0,-0.1281,0.8085,1,0.0015,0.011,0.0018,17.5,1,183500,64,0,0.023
C-01751,0.4067,0.7798,0.3172,-0.4067,0.0459,1,0.05,0.011,0.0018,5.9,0,134000,48,1,0.348
C-01752,0.1009,0.0,0.0,-0.08,0.2151,0,0.0182,0.00986,0.00066,1.3,1,461000,45,0,0.063
C-01753,0.0459,0.0,0.0,-0.0135,0.0,0,-0.0079,0.00962,0.00042,4.1,0,556000,35,0,0.054
C-01754,0.0618,0.0,0.0,0.0018,0.0,0,-0.0105,0.011,0.0018,10.9,0,170000,70,0,0.0
C-01755,0.1076,0.0,0.0,-0.0847,0.0,0,0.0048,0.0102,0.001,6.4,0,367000,73,0,0.043
C-01756,0.1352,0.0,0.0,-0.0757,0.6418,0,0.0073,0.00853,-0.00067,2.1,0,1291000,55,0,0.028
C-01757,0.129,0.0,0.0,0.0516,0.8333,0,-0.0001,0.011,0.0018,3.9,0,46500,26,0,0.039
C-01758,0.0785,0.0,0.0,-0.0549,0.4205,0,-0.0163,0.00884,-0.00036,28,1,1121500,50,0,0.0
C-01759,0.1908,0.2,0.0382,-0.1084,0.42,0,0.015,0.011,0.0018,1.6,0,131000,53,0,0.005
C-01760,0.0813,0.0,0.0,-0.0813,0.9419,1,-0.0025,0.00732,-0.00188,0.3,0,3070500,55,0,0.09
C-01761,0.12,0.0,0.0,-0.1066,0.2419,0,0.0082,0.0092,0.0,8.5,0,896000,69,0,0.05
C-01762,0.0755,0.0,0.0,-0.0536,0.8103,0,0.0005,0.00931,0.00011,0.3,0,768000,47,0,0.033
C-01763,0.1198,0.0,0.0,0.4551,0.3,0,0.0082,0.011,0.0018,5,0,83500,27,0,0.041
C-01764,0.0726,0.313,0.0227,-0.0659,0.9313,0,0.0202,0.00919,-1e-05,6.4,1,902500,37,0,0.047
C-01765,0.2147,0.5714,0.1227,-0.0675,0.8857,0,0.0259,0.011,0.0018,0.7,1,81500,43,0,0.096
C-01766,0.0383,0.0,0.0,0.0186,0.2857,0,-0.0076,0.01078,0.00158,7.2,1,274000,34,0,0.056
C-01767,0.0331,0.0,0.0,-0.0054,0.4651,0,-0.0065,0.00946,0.00026,9.3,0,650000,72,0,0.042
C-01768,0.1752,0.0,0.0,-0.1752,0.1429,1,0.0297,0.00986,0.00066,6.7,0,459500,53,0,0.062
C-01769,0.1209,0.3636,0.044,-0.1209,0.5455,1,0.0175,0.011,0.0018,3.1,1,45500,55,1,0.333
C-01770,0.148,0.0,0.0,-0.1169,0.3563,0,-0.0065,0.00966,0.00046,0.3,0,540500,25,0,0.034
C-01771,0.1198,0.0,0.0,-0.1198,0.4359,1,-0.0144,0.01042,0.00122,6.9,1,325500,42,0,0.051
C-01772,0.1418,0.0,0.0,-0.1156,0.5253,0,0.001,0.00814,-0.00106,11.1,0,1604000,61,0,0.109
C-01773,0.132,0.0,0.0,-0.1197,0.6174,0,-0.019,0.00818,-0.00102,11.5,0,1564500,74,0,0.035
C-01774,0.0882,0.0,0.0,-0.0882,0.2208,1,0.0488,0.00993,0.00073,13.5,0,436500,48,0,0.0
C-01775,0.1819,0.0,0.0,-0.1819,0.5238,1,0.0541,0.01005,0.00085,1.8,0,404000,36,0,0.014
C-01776,0.4581,0.6928,0.3174,-0.4581,0.4706,1,0.0442,0.011,0.0018,17,1,167000,39,1,0.698
C-01777,0.0665,0.0,0.0,-0.0452,0.2667,0,-0.0033,0.01035,0.00115,6.5,0,338500,70,0,0.063
C-01778,0.2211,0.407,0.09,-0.2211,0.8605,1,0.0116,0.011,0.0018,18.6,1,194500,42,1,0.248
C-01779,0.1579,0.0,0.0,-0.0063,0.3333,0,-0.0067,0.011,0.0018,0.9,0,47500,32,0,0.001
C-01780,0.0893,0.0,0.0,0.0905,0.7419,0,0.0137,0.011,0.0018,7,0,173500,29,0,0.054
C-01781,0.1113,0.0,0.0,-0.1113,0.9051,1,-0.0085,0.00835,-0.00085,3.9,0,1420000,74,0,0.032
C-01782,0.0789,0.0,0.0,-0.0626,0.4676,0,0.0005,0.00921,1e-05,6.0,1,880500,74,0,0.054
C-01783,0.0633,0.0,0.0,-0.0228,0.2667,0,0.0137,0.011,0.0018,9.5,0,118500,53,0,0.089
C-01784,0.1218,0.0,0.0,0.1474,0.4737,0,-0.0078,0.011,0.0018,9.9,0,156000,41,0,0.026
C-01785,0.0713,0.0,0.0,-0.045,0.0,0,-0.0034,0.01079,0.00159,1.0,0,273500,72,1,0.05
C-01786,0.1047,0.0,0.0,-0.0942,0.6204,0,-0.0122,0.00904,-0.00016,3.2,0,1031500,72,0,0.029
C-01787,0.0631,0.0,0.0,-0.052,0.8659,0,-0.0119,0.00946,0.00026,4,1,650000,26,0,0.033
C-01788,0.1512,0.0,0.0,-0.1305,0.2714,0,-0.0088,0.011,0.0018,8.8,0,231500,70,0,0.04
C-01789,0.1217,0.0,0.0,-0.0746,0.5269,0,-0.0179,0.01014,0.00094,2.0,0,382000,29,0,0.036
C-01790,0.1281,0.0,0.0,-0.1181,0.0978,0,-0.0039,0.01024,0.00104,7.8,0,359000,34,0,0.053
C-01791,0.1683,0.0,0.0,-0.162,0.5614,0,-0.0052,0.00689,-0.00231,8.8,0,3772500,64,0,0.049
C-01792,0.0474,0.6364,0.0302,-0.0474,0.9091,1,0.0085,0.011,0.0018,6.1,0,116000,46,1,0.576
C-01793,0.0807,0.0,0.0,-0.0665,0.4324,0,0.0077,0.00814,-0.00106,5.8,0,1605500,53,0,0.038
C-01794,0.5498,0.6208,0.3413,-0.5498,0.1309,1,0.0473,0.01081,0.00161,9.6,1,271000,65,1,0.852
C-01795,0.2224,0.5285,0.1175,-0.2141,0.9793,0,0.03,0.00994,0.00074,5.4,0,434000,68,0,0.113
C-01796,0.0818,0.0,0.0,-0.0613,0.2985,0,-0.0117,0.01003,0.00083,6,0,409500,28,0,0.015
C-01797,0.0968,0.0,0.0,0.3419,0.0,0,0.0095,0.011,0.0018,0.7,0,46500,37,0,0.045
C-01798,0.1645,0.0,0.0,-0.1611,0.6696,0,0.0029,0.00839,-0.00081,0.4,0,1389000,58,0,0.066
C-01799,0.1337,0.0,0.0,-0.05,0.1739,0,0.0423,0.011,0.0018,2.1,0,86000,29,0,0.086
C-01800,0.1165,0.6022,0.0702,-0.1165,0.7634,1,0.0466,0.01007,0.00087,6.2,0,399000,61,0,0.052
C-01801,0.1421,0.0,0.0,-0.0284,0.2281,0,-0.0009,0.011,0.0018,2.6,1,200500,51,0,0.004
C-01802,0.1264,0.0,0.0,-0.1264,0.4245,1,0.0184,0.00572,-0.00348,9.4,0,9894500,73,0,0.039
C-01803,0.1161,0.0,0.0,-0.0619,0.6389,0,0.0056,0.011,0.0018,2.5,0,155000,75,0,0.04
C-01804,0.0822,0.0,0.0,-0.0274,0.5833,0,-0.0114,0.00945,0.00025,12.4,0,657000,45,0,0.033
C-01805,0.1015,0.0,0.0,-0.054,0.0,0,0.0081,0.01005,0.00085,13,1,404000,35,0,0.006
C-01806,0.0862,0.0,0.0,0.0721,0.2449,0,0.0178,0.0096,0.0004,9.3,0,568500,53,0,0.016
C-01807,0.1479,0.5064,0.0749,-0.1309,0.6242,0,0.0084,0.00897,-0.00023,2.1,0,1061500,68,0,0.008
C-01808,0.1593,0.4444,0.0708,-0.0106,0.8333,0,0.0112,0.011,0.0018,2.3,0,56500,56,0,0.061
C-01809,0.1132,0.0,0.0,-0.0321,0.2687,0,-0.0177,0.01061,0.00141,3.7,0,296000,52,0,0.083
C-01810,0.1934,0.0,0.0,-0.1896,0.238,0,0.0007,0.00818,-0.00102,11.9,1,1564000,74,0,0.098
C-01811,0.1111,0.0,0.0,-0.0767,0.4968,0,0.0034,0.0094,0.0002,5.9,1,697500,40,0,0.052
C-01812,0.0617,0.0,0.0,-0.0617,0.2885,1,0.0441,0.00924,4e-05,4.8,1,843000,70,0,0.051
C-01813,0.178,0.1586,0.0282,-0.178,0.6047,1,-0.0032,0.00766,-0.00154,3.7,1,2266500,52,0,0.063
C-01814,0.0472,0.0,0.0,0.134,0.0,0,-0.0171,0.011,0.0018,5,0,53000,27,0,0.011
C-01815,0.1321,0.0,0.0,0.0264,0.5,0,-0.0052,0.011,0.0018,3,0,53000,25,0,0.049
C-01816,0.0754,0.0,0.0,-0.0559,0.2615,0,-0.0092,0.00995,0.00075,5.3,0,431000,29,0,0.045
C-01817,0.0851,0.0,0.0,-0.0851,0.5,1,0.0185,0.011,0.0018,2.5,0,47000,39,0,0.04
C-01818,0.1282,0.0,0.0,-0.1282,0.3684,1,-0.0106,0.01019,0.00099,2.4,0,370500,41,0,0.021
C-01819,0.1004,0.0,0.0,0.0513,0.5556,0,0.0088,0.011,0.0018,1.5,0,134500,47,0,0.021
C-01820,0.0821,0.3922,0.0322,-0.0319,0.5882,0,0.0078,0.01051,0.00131,2.9,1,310500,30,0,0.062
C-01821,0.0708,0.0,0.0,0.0236,0.5873,0,0.009,0.0099,0.0007,3.2,0,445000,56,0,0.048
C-01822,0.1678,0.0,0.0,-0.0986,0.0938,0,0.0337,0.01014,0.00094,3.2,0,381500,37,0,0.0
C-01823,0.1879,0.0,0.0,-0.1638,0.3571,0,0.0516,0.011,0.0018,24.3,0,149000,75,1,0.228
C-01824,0.2043,0.3684,0.0753,0.2086,0.6316,0,0.0054,0.011,0.0018,6.0,0,46500,36,0,0.052
C-01825,0.1196,0.0,0.0,-0.1196,0.2112,1,0.0195,0.00802,-0.00118,12.9,0,1722500,40,0,0.068
C-01826,0.0323,0.0,0.0,-0.0323,0.6667,1,0.0127,0.011,0.0018,5.9,0,46500,73,0,0.037
C-01827,0.117,0.0,0.0,0.0106,0.5455,0,0.026,0.011,0.0018,16.7,0,47000,67,0,0.075
C-01828,0.1064,0.0,0.0,-0.1064,0.4,1,0.0344,0.011,0.0018,0.8,1,47000,25,0,0.073
C-01829,0.1699,0.5649,0.096,-0.117,0.6565,0,0.04,0.01012,0.00092,0.8,0,385500,38,0,0.009
C-01830,0.1224,0.0,0.0,-0.1057,0.0455,0,0.0334,0.01024,0.00104,10.0,1,359500,60,0,0.06
C-01831,0.1896,0.0,0.0,-0.0986,0.45,0,-0.0036,0.011,0.0018,7.2,0,105500,50,0,0.026
C-01832,0.2006,0.3286,0.0659,-0.2006,0.1714,1,-0.0073,0.011,0.0018,7.3,1,174500,48,1,0.44
C-01833,0.0538,0.0,0.0,-0.0538,0.4167,1,0.045,0.0092,0.0,4.5,0,892000,63,0,0.05
C-01834,0.1368,0.0,0.0,0.0423,0.5455,0,-0.0072,0.011,0.0018,3.9,0,201000,47,0,0.0
C-01835,0.0208,0.0,0.0,-0.0208,0.2174,1,0.0046,0.00963,0.00043,3.1,0,554000,51,0,0.047
C-01836,0.1255,0.0,0.0,-0.0603,0.4667,0,-0.0174,0.011,0.0018,7.2,0,239000,58,0,0.0
C-01837,0.0735,0.0,0.0,-0.0615,0.0,0,-0.0034,0.00939,0.00019,15.5,0,700500,75,0,0.06
C-01838,0.0847,0.0,0.0,-0.0315,0.6746,0,-0.0014,0.00934,0.00014,2.4,1,744000,56,0,0.015
C-01839,0.0566,0.0,0.0,-0.0566,0.0,1,0.0055,0.00997,0.00077,9.8,0,424000,40,0,0.031
C-01840,0.1724,0.15,0.0259,-0.1103,0.3833,0,0.0012,0.0103,0.0011,0.3,1,348000,43,0,0.014
C-01841,0.1352,0.0,0.0,-0.0623,0.2844,0,-0.0123,0.00928,8e-05,8.6,0,806000,60,0,0.064
C-01842,0.1103,0.6,0.0662,0.1721,0.6,0,0.0107,0.011,0.0018,3.2,1,68000,32,1,0.739
C-01843,0.1358,0.0,0.0,-0.1358,0.2686,1,-0.0057,0.00786,-0.00134,2.6,1,1933000,48,0,0.057
C-01844,0.1584,0.4673,0.074,-0.1561,0.7632,0,0.0287,0.00909,-0.00011,1.5,0,1013000,70,1,0.622
C-01845,0.0877,0.0,0.0,0.201,0.2857,0,-0.0129,0.011,0.0018,0.4,0,199500,48,0,0.077
C-01846,0.1744,0.0,0.0,-0.0804,0.1633,0,0.0046,0.011,0.0018,3.4,1,140500,72,0,0.05
C-01847,0.0194,0.0,0.0,-0.0117,1.0,0,0.0023,0.00951,0.00031,3.1,0,617500,57,0,0.096
C-01848,0.249,0.2065,0.0514,-0.249,0.5,1,0.0101,0.01019,0.00099,7.4,1,369500,66,1,0.484
C-01849,0.0976,0.0,0.0,-0.0976,1.0,1,0.0256,0.011,0.0018,2.8,0,123000,30,0,0.0
C-01850,0.0922,0.0,0.0,0.0115,0.0,0,0.0035,0.011,0.0018,1.3,1,173500,27,0,0.016
C-01851,0.0882,0.0,0.0,0.0471,0.1389,0,-0.0029,0.01003,0.00083,1.1,0,408000,51,0,0.02
C-01852,0.1158,0.0,0.0,0.0611,0.3636,0,0.0029,0.011,0.0018,5.6,0,47500,34,0,0.025
C-01853,0.0884,0.0,0.0,-0.0884,0.0,1,-0.013,0.00925,5e-05,0.9,0,831000,35,0,0.032
C-01854,0.1642,0.2707,0.0444,-0.1642,0.2481,1,-0.0016,0.01004,0.00084,12.4,1,405000,67,0,0.0
C-01855,0.1203,0.0,0.0,-0.1122,0.4131,0,0.0247,0.00921,1e-05,4.1,0,885000,73,0,0.022
C-01856,0.0689,0.0,0.0,-0.0603,0.3117,0,0.0173,0.00962,0.00042,13.0,0,559000,72,0,0.034
C-01857,0.1053,0.0,0.0,-0.1053,0.2024,1,-0.0029,0.00814,-0.00106,8.2,0,1596000,52,0,0.0
C-01858,0.1498,0.0,0.0,-0.1498,0.6628,1,0.0064,0.01068,0.00148,5.1,1,287000,67,0,0.034
C-01859,0.1131,0.0,0.0,-0.1099,0.1695,0,0.0062,0.00636,-0.00284,14.9,1,5242500,69,0,0.023
C-01860,0.1707,0.0,0.0,-0.1707,0.5027,1,-0.0153,0.00772,-0.00148,10.1,1,2150000,40,0,0.0
C-01861,0.0601,0.0,0.0,-0.0197,0.48,0,-0.0179,0.011,0.0018,0.7,1,208000,60,0,0.051
C-01862,0.0902,0.0,0.0,-0.0902,0.4,1,-0.0027,0.01055,0.00135,0.4,0,305000,49,0,0.086
C-01863,0.0793,0.6061,0.0481,-0.0101,0.0,0,-0.0029,0.011,0.0018,8.8,0,208000,38,0,0.045
C-01864,0.157,0.0,0.0,0.0413,0.3684,0,-0.021,0.011,0.0018,1.0,0,60500,52,0,0.026
C-01865,0.1126,0.0,0.0,-0.1065,0.3008,0,-0.0051,0.00956,0.00036,7.0,0,590500,74,0,0.069
C-01866,0.1261,0.0,0.0,-0.1261,0.25,1,0.0439,0.01029,0.00109,1.4,0,349000,43,0,0.066
C-01867,0.0303,0.0,0.0,0.0226,0.3636,0,-0.002,0.011,0.0018,7.4,1,181500,30,0,0.065
C-01868,0.1216,0.0,0.0,-0.1216,0.6854,1,0.0148,0.01021,0.00101,2.1,0,366000,38,0,0.016
C-01869,0.2717,0.6,0.163,-0.2717,1.0,1,0.0278,0.011,0.0018,20.2,0,46000,51,1,0.605
C-01870,0.123,0.0,0.0,-0.0659,0.3548,0,0.0494,0.011,0.0018,9.5,0,126000,33,0,0.004
C-01871,0.0766,0.0,0.0,-0.0628,0.2473,0,0.0016,0.00953,0.00033,2.4,0,607000,73,0,0.046
C-01872,0.1205,0.0,0.0,-0.0503,0.7041,0,0.004,0.00939,0.00019,3.0,0,701500,35,0,0.092
C-01873,0.2466,0.4676,0.1153,-0.2195,0.3507,0,0.0432,0.00814,-0.00106,0.9,0,1596000,44,0,0.059
C-01874,0.1305,0.0,0.0,-0.1305,0.7606,1,0.0195,0.0108,0.0016,16.0,1,272000,66,0,0.068
C-01875,0.1476,0.0,0.0,-0.1316,0.0,0,0.0405,0.00975,0.00055,0.4,0,501500,63,0,0.004
C-01876,0.2736,0.3251,0.089,-0.2701,0.2809,0,0.0236,0.00805,-0.00115,1.8,0,1697500,61,0,0.066
C-01877,0.1025,0.0,0.0,-0.0763,0.7954,0,0.001,0.00805,-0.00115,1.3,0,1692500,68,0,0.0
C-01878,0.1098,0.0,0.0,-0.0971,0.3899,0,0.0105,0.00771,-0.00149,16.8,0,2172000,51,0,0.014
C-01879,0.2255,0.1359,0.0306,-0.2255,0.1359,1,-0.0027,0.00948,0.00028,5.9,1,636500,66,1,0.374
C-01880,0.1444,0.0,0.0,0.1622,0.0,0,0.0128,0.011,0.0018,0.3,0,90000,61,0,0.034
C-01881,0.0966,0.0,0.0,0.1403,0.2391,0,0.0267,0.011,0.0018,4.9,1,238000,48,0,0.038
C-01882,0.0803,0.0,0.0,0.0073,0.3636,0,0.0099,0.011,0.0018,1.6,0,68500,70,0,0.049
C-01883,0.191,0.3529,0.0674,0.2135,0.5294,0,-0.0058,0.011,0.0018,0.5,0,44500,52,0,0.036
C-01884,0.0681,0.0,0.0,-0.0681,0.7143,1,0.0521,0.01093,0.00173,11.7,0,257000,73,0,0.0
C-01885,0.088,0.0,0.0,-0.083,0.6928,0,-0.0071,0.00646,-0.00274,7.5,1,4866000,58,0,0.047
C-01886,0.0689,0.0,0.0,-0.0689,0.7209,1,0.0257,0.0105,0.0013,4.9,0,312000,67,0,0.008
C-01887,0.172,0.0,0.0,0.3441,1.0,0,-0.0016,0.011,0.0018,7.0,1,46500,33,0,0.067
C-01888,0.0876,0.0,0.0,-0.0687,0.4414,0,-0.0002,0.00949,0.00029,9.3,0,633500,68,0,0.066
C-01889,0.2692,0.0,0.0,-0.1989,0.5238,0,-0.0165,0.01079,0.00159,9.8,0,273000,41,0,0.04
C-01890,0.1392,0.0,0.0,-0.1392,0.2468,1,0.006,0.00963,0.00043,15.2,0,553000,56,0,0.024
C-01891,0.1468,0.0,0.0,-0.1468,0.5934,1,-0.0225,0.00951,0.00031,3.4,1,620000,75,0,0.05
C-01892,0.1205,0.0,0.0,-0.1205,0.45,1,0.0543,0.011,0.0018,3.7,1,166000,65,1,0.557
C-01893,0.102,0.0,0.0,0.0694,0.0,0,0.0292,0.011,0.0018,0.6,0,49000,27,0,0.0
C-01894,0.0719,0.0,0.0,-0.0346,0.5045,0,-0.0049,0.00931,0.00011,1.5,0,772000,60,0,0.027
C-01895,0.1634,0.0,0.0,-0.1592,0.164,0,0.0083,0.00694,-0.00226,11.5,1,3674500,68,0,0.005
C-01896,0.1603,0.0,0.0,-0.1267,0.7222,0,-0.0079,0.01009,0.00089,1.7,0,393000,68,0,0.0
C-01897,0.1918,0.0,0.0,-0.1599,0.2822,0,-0.0073,0.00969,0.00049,5.6,1,526500,42,0,0.069
C-01898,0.1066,0.0,0.0,-0.0184,0.0,0,-0.0141,0.011,0.0018,5.4,0,136000,60,0,0.093
C-01899,0.1111,0.4545,0.0505,-0.0141,0.1818,0,-0.0085,0.011,0.0018,10.2,0,49500,70,0,0.101
C-01900,0.1087,0.0,0.0,-0.1087,0.9,1,-0.0066,0.011,0.0018,4,0,46000,26,0,0.021
C-01901,0.1476,0.0,0.0,-0.1476,0.3608,1,0.0411,0.00775,-0.00145,28.8,0,2093000,51,0,0.031
C-01902,0.0745,0.5714,0.0426,0.4872,0.7143,0,0.0042,0.011,0.0018,13,0,47000,35,0,0.031
C-01903,0.1287,0.0,0.0,-0.0857,0.4051,0,-0.0035,0.01054,0.00134,11.0,0,307000,62,0,0.025
C-01904,0.0642,0.0,0.0,-0.035,0.0,0,-0.0201,0.00988,0.00068,4.8,0,452000,67,0,0.028
C-01905,0.1897,0.0,0.0,-0.1897,0.2973,1,-0.0026,0.011,0.0018,0.3,0,97500,65,0,0.069
C-01906,0.0838,0.0,0.0,-0.0436,0.4308,0,0.0365,0.01011,0.00091,8.9,0,388000,39,0,0.066
C-01907,0.2296,0.3855,0.0885,-0.2296,0.2711,1,0.0106,0.01023,0.00103,1.8,1,361500,30,0,0.031
C-01908,0.2812,0.7037,0.1979,-0.2062,0.9259,0,0.0276,0.011,0.0018,21.2,0,48000,69,0,0.008
C-01909,0.1747,0.2,0.0349,-0.1624,0.35,0,0.0427,0.011,0.0018,6,0,114500,28,0,0.016
C-01910,0.0575,0.0,0.0,-0.0011,0.0,0,0.0176,0.00817,-0.00103,1.3,1,1575000,45,0,0.096
C-01911,0.0943,0.0,0.0,0.0868,0.0,0,0.0146,0.011,0.0018,5.1,0,53000,28,0,0.017
C-01912,0.1429,0.0,0.0,0.0376,0.0,0,0.0083,0.011,0.0018,0.3,0,66500,26,0,0.065
C-01913,0.1092,0.0,0.0,-0.0983,0.0,0,0.0447,0.00887,-0.00033,13.8,0,1108500,45,0,0.009
C-01914,0.1662,0.5863,0.0974,-0.1513,0.4137,0,0.0083,0.00831,-0.00089,20.1,1,1447000,60,0,0.042
C-01915,0.1255,0.0,0.0,-0.0793,0.5132,0,-0.013,0.00824,-0.00096,6.9,0,1506500,51,0,0.019
C-01916,0.1129,0.0,0.0,-0.0499,0.1163,0,0.0004,0.011,0.0018,7.9,0,190500,63,0,0.058
C-01917,0.0849,0.0,0.0,-0.0583,0.5217,0,0.0283,0.011,0.0018,3.1,0,135500,55,0,0.046
C-01918,0.0716,0.0,0.0,-0.0716,0.2073,1,0.0263,0.00845,-0.00075,4.7,0,1348500,27,0,0.067
C-01919,0.0973,0.4474,0.0435,-0.0973,0.0,1,-0.0073,0.0101,0.0009,1.3,1,390500,75,0,0.003
C-01920,0.068,0.0,0.0,0.065,0.7407,0,-0.0043,0.011,0.0018,3.8,0,198500,60,0,0.038
C-01921,0.0676,0.0,0.0,-0.0324,0.1957,0,0.0065,0.01034,0.00114,0.9,0,340000,68,0,0.06
C-01922,0.3557,0.8333,0.2964,-0.3557,0.0,1,0.0539,0.011,0.0018,5.1,1,126500,31,1,0.538
C-01923,0.3338,0.6996,0.2335,-0.2789,0.616,0,0.0458,0.01009,0.00089,3.9,1,394000,48,0,0.027
C-01924,0.0667,0.0,0.0,0.1467,0.4,0,0.0045,0.011,0.0018,3.0,0,112500,51,0,0.01
C-01925,0.059,0.0,0.0,-0.0334,0.0,0,0.0471,0.00927,7e-05,13.5,0,814000,41,0,0.07
C-01926,0.0966,0.0,0.0,-0.0682,0.7959,0,-0.0044,0.01097,0.00177,2.6,0,253500,44,0,0.019
C-01927,0.1526,0.0,0.0,-0.1415,0.4828,0,0.038,0.00752,-0.00168,1.0,0,2578000,45,0,0.0
C-01928,0.3821,0.8743,0.3341,-0.3821,0.32,1,0.0485,0.011,0.0018,5.1,0,229000,71,1,0.825
C-01929,0.1257,0.0,0.0,-0.0377,0.4583,0,0.0284,0.011,0.0018,4.7,0,95500,30,1,0.326
C-01930,0.0994,0.0,0.0,-0.0941,0.1525,0,0.0099,0.00884,-0.00036,5.6,1,1121500,73,0,0.035
C-01931,0.1458,0.0,0.0,-0.1458,0.3059,1,-0.0063,0.01064,0.00144,0.5,1,291500,59,0,0.046
C-01932,0.1735,0.0,0.0,-0.1735,0.5882,1,0.0436,0.011,0.0018,6,0,49000,28,0,0.055
C-01933,0.4213,0.7191,0.303,-0.4213,0.8735,1,0.0393,0.01013,0.00093,17.2,1,384500,61,1,0.616
C-01934,0.085,0.0,0.0,-0.085,0.0,1,0.009,0.011,0.0018,5,0,229500,27,0,0.021
C-01935,0.135,0.4,0.054,-0.0734,0.17,0,0.0103,0.01019,0.00099,9.1,1,370500,51,0,0.064
C-01936,0.0524,0.0,0.0,-0.0398,0.25,0,0.0515,0.00932,0.00012,3.7,0,763000,28,0,0.077
C-01937,0.1032,0.0,0.0,-0.0434,0.3448,0,-0.008,0.011,0.0018,5.2,0,140500,35,0,0.038
C-01938,0.0354,0.0,0.0,0.0212,0.0,0,0.0218,0.011,0.0018,8.4,1,56500,31,0,0.057
C-01939,0.4717,0.82,0.3868,-0.4717,0.9,1,0.0313,0.011,0.0018,4.4,1,53000,42,1,0.397
C-01940,0.1505,0.0,0.0,0.2624,0.0714,0,0.0081,0.011,0.0018,3.7,1,46500,35,0,0.06
C-01941,0.1343,0.0,0.0,-0.1265,0.5771,0,-0.0015,0.00783,-0.00137,1.0,1,1980000,74,0,0.032
C-01942,0.1321,0.0,0.0,-0.1321,0.6136,1,-0.0051,0.011,0.0018,3.8,0,166500,44,0,0.032
C-01943,0.1283,0.0,0.0,-0.0827,0.7593,0,-0.0042,0.011,0.0018,4.8,0,210500,65,1,0.345
C-01944,0.067,0.4333,0.0291,-0.0429,0.4,0,-0.0285,0.0099,0.0007,0.3,0,447500,66,0,0.0
C-01945,0.1163,0.0,0.0,-0.0791,0.4333,0,-0.0104,0.011,0.0018,0.3,0,129000,28,0,0.017
C-01946,0.1429,0.0,0.0,0.0029,0.0,0,0.0075,0.011,0.0018,0.3,0,140000,48,0,0.0
C-01947,0.0962,0.25,0.024,0.0077,0.75,0,0.0053,0.011,0.0018,7.9,0,104000,66,0,0.069
C-01948,0.1892,0.0,0.0,-0.0162,0.381,0,-0.011,0.011,0.0018,8.3,0,55500,65,0,0.002
C-01949,0.0776,0.0,0.0,-0.0754,0.5875,0,-0.0014,0.00723,-0.00197,3.9,1,3201500,75,0,0.047
C-01950,0.0765,0.0,0.0,0.0123,0.0,0,0.0148,0.011,0.0018,1.5,0,202500,53,0,0.05
C-01951,0.1263,0.4332,0.0547,-0.1232,0.5668,0,0.0271,0.00707,-0.00213,29.2,1,3435500,64,0,0.071
C-01952,0.1185,0.0,0.0,-0.1185,0.4239,1,0.046,0.00764,-0.00156,15.1,0,2300000,58,1,0.449
C-01953,0.1128,0.4236,0.0478,-0.0884,0.5764,0,0.0436,0.00798,-0.00122,5.4,1,1768500,50,0,0.083
C-01954,0.5165,0.8085,0.4176,-0.5165,0.4894,1,0.0537,0.011,0.0018,0.9,0,45500,40,1,0.757
C-01955,0.2305,0.2535,0.0584,-0.2305,0.493,1,-0.0014,0.011,0.0018,2.6,0,154000,69,0,0.065
C-01956,0.078,0.0,0.0,-0.0602,0.3482,0,0.0037,0.00772,-0.00148,4.8,0,2153000,60,0,0.036
C-01957,0.07,0.0,0.0,-0.07,0.4286,1,0.0028,0.011,0.0018,4.3,1,100000,31,0,0.048
C-01958,0.1381,0.0,0.0,-0.0955,0.3571,0,0.0012,0.01097,0.00177,0.9,0,253500,60,0,0.045
C-01959,0.0703,0.0,0.0,-0.0703,0.4091,1,-0.004,0.011,0.0018,4.1,0,156500,71,0,0.078
C-01960,0.2043,0.0,0.0,-0.2043,0.1972,1,0.0039,0.0103,0.0011,18.2,0,347500,42,1,0.369
C-01961,0.0316,0.0,0.0,0.12,0.3333,0,0.0399,0.011,0.0018,3.1,0,47500,28,0,0.046
C-01962,0.0991,0.0,0.0,-0.0991,0.3333,1,-0.0137,0.011,0.0018,21,0,106000,43,0,0.044
C-01963,0.062,0.0,0.0,-0.0332,0.1935,0,-0.0087,0.011,0.0018,5.5,0,250000,71,0,0.0
C-01964,0.1626,0.2727,0.0443,-0.1034,0.3333,0,0.0054,0.011,0.0018,3.0,1,101500,26,0,0.024
C-01965,0.186,0.5362,0.0997,-0.186,0.3043,1,0.027,0.011,0.0018,0.8,0,185500,71,1,0.621
C-01966,0.0812,0.0,0.0,-0.0812,0.6774,1,0.0443,0.011,0.0018,14.7,0,191000,73,1,0.591
C-01967,0.052,0.0,0.0,-0.0074,0.0,0,0.0027,0.011,0.0018,12.8,0,134500,69,0,0.083
C-01968,0.0857,0.0,0.0,-0.0733,0.7229,0,-0.0053,0.00979,0.00059,20.9,0,484000,67,0,0.0
C-01969,0.0603,0.0,0.0,0.1501,0.0,0,-0.0172,0.011,0.0018,1.7,0,182500,35,0,0.0
C-01970,0.0526,0.0,0.0,-0.0028,0.6579,0,-0.0086,0.01023,0.00103,6.6,0,361000,32,0,0.054
C-01971,0.0428,0.0,0.0,-0.0428,0.1034,1,0.0084,0.01034,0.00114,5.9,0,339000,49,1,0.442
C-01972,0.091,0.0,0.0,-0.0827,0.3701,0,0.0181,0.00713,-0.00207,1.0,1,3341500,71,0,0.031
C-01973,0.2236,0.2973,0.0665,-0.1076,0.5946,0,0.0047,0.011,0.0018,2.4,0,165500,71,1,0.46
C-01974,0.1283,0.0,0.0,-0.1283,0.283,1,-0.0016,0.01001,0.00081,6.2,0,413000,30,0,0.087
C-01975,0.1439,0.0,0.0,-0.1439,0.5145,1,0.0001,0.0098,0.0006,5.3,0,479500,30,0,0.055
C-01976,0.0793,0.0,0.0,-0.0305,1.0,0,0.012,0.00914,-6e-05,2.3,0,983500,54,0,0.024
C-01977,0.1622,0.0,0.0,-0.1622,0.4245,1,0.0065,0.00996,0.00076,20.1,0,428500,43,0,0.08
C-01978,0.0916,0.0,0.0,-0.0738,1.0,0,0.0068,0.00836,-0.00084,7.5,0,1414000,64,0,0.0
C-01979,0.1044,0.0,0.0,0.0021,0.2,0,-0.0088,0.011,0.0018,16.1,1,191500,71,0,0.053
C-01980,0.0853,0.0,0.0,-0.0463,0.4762,0,0.0023,0.01019,0.00099,17.8,0,369500,51,0,0.0
C-01981,0.125,0.0,0.0,0.625,0.0,0,-0.0265,0.011,0.0018,2.0,1,48000,54,0,0.006
C-01982,0.1409,0.0,0.0,-0.0337,0.7073,0,0.0132,0.011,0.0018,0.3,1,145500,59,0,0.073
C-01983,0.2519,0.0,0.0,-0.2428,0.5279,0,0.0293,0.00849,-0.00071,4.6,0,1316000,46,0,0.072
C-01984,0.0602,0.0,0.0,-0.0602,0.3125,1,0.0263,0.01085,0.00165,0.9,0,266000,27,0,0.01
C-01985,0.1377,0.0,0.0,-0.1305,0.4323,0,0.0062,0.00925,5e-05,4.7,1,831500,51,0,0.045
C-01986,0.1582,0.0,0.0,-0.14,0.6233,0,-0.0219,0.00985,0.00065,3.2,0,461500,31,0,0.028
C-01987,0.1602,0.0,0.0,-0.1567,0.2473,0,-0.0141,0.00615,-0.00305,3.4,0,6172000,61,0,0.077
C-01988,0.1889,0.0,0.0,-0.1356,0.5294,0,0.0297,0.011,0.0018,0.6,1,45000,73,1,0.29
C-01989,0.2041,0.0,0.0,-0.0571,0.7,0,0.0025,0.011,0.0018,15,1,49000,37,0,0.031
C-01990,0.1079,0.0,0.0,-0.0043,0.1778,0,-0.0048,0.011,0.0018,11.9,0,208500,50,0,0.05
C-01991,0.1449,0.0,0.0,-0.1449,0.4859,1,0.0092,0.00978,0.00058,2.7,0,490000,49,0,0.058
C-01992,0.1684,0.1875,0.0316,0.0337,0.875,0,-0.0022,0.011,0.0018,1.9,0,47500,36,0,0.036
C-01993,0.1264,0.6818,0.0862,-0.0023,0.9545,0,0.0094,0.011,0.0018,7.9,0,87000,71,0,0.081
C-01994,0.1782,0.4259,0.0759,-0.1228,0.3889,0,0.0092,0.011,0.0018,5,0,151500,27,0,0.046
C-01995,0.0857,0.0,0.0,0.1714,0.3333,0,-0.0148,0.011,0.0018,0.8,1,70000,44,0,0.045
C-01996,0.0957,0.0,0.0,0.0574,0.5556,0,-0.0063,0.011,0.0018,4.4,1,47000,30,0,0.021
C-01997,0.0825,0.625,0.0515,-0.0825,0.0,1,-0.0057,0.011,0.0018,0.7,0,48500,28,0,0.035
C-01998,0.0438,0.0,0.0,-0.0165,0.0,0,-0.0047,0.00918,-2e-05,14.3,0,925000,74,0,0.0
C-01999,0.1087,0.0,0.0,-0.102,0.4331,0,0.0052,0.00578,-0.00342,4.6,0,9109500,53,0,0.092
C-02000,0.1667,0.0,0.0,0.0833,0.25,0,-0.0184,0.011,0.0018,4,0,48000,26,0,0.017
C-02001,0.1419,0.3344,0.0475,-0.1265,0.5812,0,0.0541,0.00892,-0.00028,8.1,1,1085000,49,1,0.4
C-02002,0.1163,0.0,0.0,-0.1163,0.325,1,0.0196,0.011,0.0018,2.0,1,172000,48,0,0.073
C-02003,0.1766,0.3307,0.0584,-0.1666,0.622,0,-0.0064,0.01024,0.00104,1.1,0,359500,67,0,0.003
C-02004,0.1711,0.0,0.0,-0.1499,0.3436,0,-0.0113,0.00923,3e-05,8.1,0,850500,61,0,0.085
C-02005,0.1623,0.0,0.0,-0.1623,0.72,1,0.0332,0.011,0.0018,3.6,1,77000,50,0,0.033
C-02006,0.0884,0.0,0.0,-0.0884,0.1154,1,0.0457,0.011,0.0018,0.3,0,147000,62,0,0.048
C-02007,0.0541,0.0,0.0,-0.0541,0.5,1,0.0131,0.011,0.0018,1.6,0,129500,60,0,0.03
C-02008,0.0521,0.0,0.0,0.0223,0.1351,0,-0.0053,0.01026,0.00106,6.2,0,355000,38,0,0.022
C-02009,0.0731,0.0,0.0,0.0737,0.449,0,-0.0076,0.01037,0.00117,17.0,1,335000,65,0,0.012
C-02010,0.1371,0.6667,0.0914,-0.0891,0.8125,0,0.002,0.011,0.0018,4.6,0,175000,34,1,0.098
C-02011,0.1781,0.0,0.0,-0.1671,0.4615,0,0.0081,0.0104,0.0012,2.9,1,328500,65,0,0.013
C-02012,0.1304,0.0,0.0,0.1304,0.3333,0,-0.008,0.011,0.0018,2.0,0,46000,69,0,0.085
C-02013,0.0803,0.0,0.0,-0.0803,0.0,1,0.0408,0.00793,-0.00127,8.1,0,1842000,71,0,0.05
C-02014,0.1158,0.0,0.0,-0.0653,0.6364,0,0.0097,0.011,0.0018,2.5,0,47500,73,1,0.201
C-02015,0.1309,0.0,0.0,-0.114,0.9077,0,0.0008,0.00976,0.00056,5.2,0,496500,51,0,0.001
C-02016,0.2421,0.4783,0.1158,-0.0147,0.3478,0,0.0102,0.011,0.0018,17.5,1,47500,66,0,0.0
C-02017,0.0789,0.0,0.0,-0.0386,0.0,0,0.0064,0.0106,0.0014,2.7,0,298000,26,0,0.001
C-02018,0.1454,0.0,0.0,-0.1454,0.2556,1,0.0115,0.01052,0.00132,3.3,0,309500,44,1,0.406
C-02019,0.162,0.0,0.0,-0.1542,0.7164,0,0.006,0.00951,0.00031,19.4,0,620500,71,0,0.079
C-02020,0.1007,0.0,0.0,-0.0424,0.1034,0,-0.001,0.011,0.0018,7.4,0,144000,75,0,0.065
C-02021,0.1368,0.0,0.0,-0.0779,0.3333,0,0.0154,0.011,0.0018,4.3,0,142500,32,0,0.062
C-02022,0.1754,0.0,0.0,-0.1409,0.4631,0,0.0044,0.00839,-0.00081,5.4,0,1391000,62,0,0.037
C-02023,0.1507,0.0,0.0,-0.0356,0.8182,0,-0.0085,0.011,0.0018,8,0,73000,30,0,0.03
C-02024,0.0337,0.0,0.0,0.182,0.0,0,-0.0094,0.011,0.0018,4.3,1,44500,32,0,0.023
C-02025,0.0294,0.0,0.0,-0.0294,0.0,1,-0.0075,0.011,0.0018,10.7,0,85000,47,0,0.077
C-02026,0.058,0.0,0.0,-0.0547,0.5026,0,-0.0126,0.00719,-0.00201,7.1,1,3257500,41,0,0.074
C-02027,0.0909,0.0,0.0,-0.013,0.2143,0,0.0041,0.011,0.0018,1.9,0,77000,31,0,0.094
C-02028,0.1026,0.0,0.0,0.0821,0.4167,0,-0.0076,0.011,0.0018,5.2,0,58500,28,0,0.079
C-02029,0.1667,0.0,0.0,0.081,0.2381,0,-0.0012,0.011,0.0018,0.3,0,63000,52,0,0.042
C-02030,0.0471,0.0,0.0,-0.0274,0.1429,0,-0.0114,0.00943,0.00023,0.6,0,668500,36,0,0.0
C-02031,0.123,0.2727,0.0336,-0.1009,0.2727,0,-0.0052,0.00823,-0.00097,3.7,0,1520000,74,0,0.0
C-02032,0.1131,0.3108,0.0352,-0.0728,0.0,0,0.0193,0.01041,0.00121,2.1,0,327000,28,0,0.031
C-02033,0.25,0.2917,0.0729,0.05,0.4167,0,0.0008,0.011,0.0018,2.7,1,48000,42,0,0.045
C-02034,0.0968,0.0,0.0,-0.0581,0.6389,0,-0.0052,0.011,0.0018,9.8,0,186000,71,0,0.0
C-02035,0.1516,0.0,0.0,-0.1429,0.603,0,-0.006,0.00769,-0.00151,0.3,0,2209500,50,0,0.019
C-02036,0.0778,0.3333,0.0259,-0.0333,0.3333,0,-0.0086,0.011,0.0018,0.8,0,135000,25,0,0.045
C-02037,0.0741,0.0,0.0,0.1291,0.7857,0,0.008,0.011,0.0018,3.4,0,94500,33,0,0.025
C-02038,0.1027,0.0,0.0,-0.1027,0.0,1,0.0307,0.01047,0.00127,7.9,0,316500,48,0,0.0
C-02039,0.1132,0.0,0.0,-0.1084,0.2715,0,-0.0146,0.00781,-0.00139,1.7,0,2001000,52,0,0.052
C-02040,0.1627,0.0,0.0,0.0754,0.4634,0,-0.0108,0.011,0.0018,5.1,1,126000,38,0,0.097
C-02041,0.2209,0.5,0.1104,-0.1325,0.1667,0,-0.01,0.011,0.0018,9,1,81500,31,1,0.566
C-02042,0.4294,0.7,0.3006,-0.2748,0.3857,0,0.055,0.011,0.0018,1.6,0,163000,39,1,1.0
C-02043,0.0938,0.4128,0.0387,-0.0532,0.1977,0,0.0051,0.00918,-2e-05,8.6,0,917000,47,0,0.07
C-02044,0.1283,0.0,0.0,-0.1219,0.2604,0,-0.0026,0.01017,0.00097,5.6,1,374000,68,0,0.069
C-02045,0.1164,0.0,0.0,-0.0465,0.5,0,0.0042,0.011,0.0018,5.4,0,137500,58,0,0.073
C-02046,0.0851,0.0,0.0,-0.0085,0.5,0,0.0086,0.011,0.0018,1.7,0,47000,68,0,0.012
C-02047,0.1554,0.6304,0.098,-0.1554,0.7391,1,0.0025,0.011,0.0018,2.4,0,148000,55,0,0.126
C-02048,0.1447,0.0,0.0,-0.0482,0.5347,0,-0.0143,0.00976,0.00056,0.8,0,497500,57,0,0.058
C-02049,0.3604,0.5828,0.21,-0.3604,0.1987,1,0.0487,0.011,0.0018,4.0,0,209500,31,1,0.581
C-02050,0.0974,0.0,0.0,-0.0287,0.1176,0,-0.0151,0.011,0.0018,3.4,0,174500,30,0,0.025
C-02051,0.1729,0.0,0.0,-0.1278,0.5,0,0.0171,0.01085,0.00165,2.9,0,266000,50,0,0.092
C-02052,0.0554,0.0,0.0,0.0576,0.45,0,0.0019,0.011,0.0018,9.7,1,180500,55,0,0.056
C-02053,0.237,0.0,0.0,-0.0948,0.3438,0,0.0304,0.011,0.0018,3.9,0,67500,31,0,0.048
C-02054,0.1536,0.0,0.0,-0.1176,0.3171,0,-0.0155,0.011,0.0018,2.8,0,133500,39,0,0.015
C-02055,0.1037,0.3556,0.0369,-0.0539,0.3333,0,0.0025,0.011,0.0018,3.2,0,217000,72,0,0.033
C-02056,0.1367,0.0,0.0,-0.1367,0.5853,1,-0.0009,0.00916,-4e-05,2.8,1,944000,53,0,0.013
C-02057,0.0781,0.0,0.0,-0.0426,0.3145,0,0.0473,0.00929,9e-05,0.4,0,793500,36,0,0.0
C-02058,0.049,0.0,0.0,-0.0359,0.8889,0,-0.0088,0.01077,0.00157,7.5,0,275500,53,0,0.0
C-02059,0.1374,0.0,0.0,-0.1374,0.4918,1,0.0398,0.011,0.0018,5.4,0,222000,67,0,0.009
C-02060,0.164,0.5597,0.0918,-0.1023,0.6343,0,0.0312,0.01003,0.00083,3.6,0,408500,65,0,0.074
C-02061,0.283,0.5167,0.1462,-0.2462,0.7333,0,0.029,0.011,0.0018,3.6,1,212000,45,1,0.223
C-02062,0.0468,0.0,0.0,-0.0072,0.0,0,0.0098,0.01022,0.00102,3.7,0,363000,69,0,0.04
C-02063,0.0769,0.0,0.0,0.0286,0.0,0,-0.0049,0.011,0.0018,3,1,45500,25,0,0.084
C-02064,0.1284,0.0,0.0,-0.1284,0.6316,1,0.0063,0.00991,0.00071,4.6,0,444000,69,0,0.019
C-02065,0.0882,0.0,0.0,-0.0882,0.0,1,0.0008,0.008,-0.0012,0.5,0,1752500,44,0,0.047
C-02066,0.1986,0.0,0.0,0.0227,0.1429,0,-0.0189,0.011,0.0018,3.9,0,70500,34,0,0.054
C-02067,0.1595,0.0,0.0,-0.0859,0.5385,0,0.0102,0.011,0.0018,2.5,0,81500,29,0,0.026
C-02068,0.085,0.0,0.0,-0.0756,0.0,0,0.0025,0.00856,-0.00064,8.6,1,1276500,59,0,0.056
C-02069,0.1115,0.0,0.0,-0.1115,0.6812,1,0.0458,0.01052,0.00132,18.7,0,309500,52,0,0.107
C-02070,0.1061,0.7143,0.0758,0.3121,0.0,0,0.0166,0.011,0.0018,6.5,0,66000,30,0,0.047
C-02071,0.216,0.2162,0.0467,-0.1132,0.5946,0,-0.0071,0.01093,0.00173,2.4,0,257000,44,0,0.0
C-02072,0.2277,0.0,0.0,-0.2064,0.2667,0,0.0263,0.01061,0.00141,1.4,1,296500,55,0,0.0
C-02073,0.0754,0.0,0.0,-0.0518,0.4261,0,0.006,0.00932,0.00012,0.3,0,763000,61,0,0.061
C-02074,0.1949,0.7391,0.1441,-0.1746,0.4565,0,0.0439,0.011,0.0018,12.0,0,118000,47,0,0.047
C-02075,0.0722,0.0,0.0,-0.0301,0.8286,0,0.0088,0.00979,0.00059,4.4,0,485000,58,0,0.079
C-02076,0.102,0.0,0.0,0.0449,0.8,0,-0.0058,0.011,0.0018,0.4,1,49000,31,0,0.046
C-02077,0.1818,0.0,0.0,-0.154,0.7128,0,-0.0052,0.01092,0.00172,0.7,1,258500,75,0,0.033
C-02078,0.1041,0.0,0.0,-0.086,0.2464,0,0.0202,0.01039,0.00119,3.9,0,331500,33,0,0.055
C-02079,0.0876,0.2917,0.0255,0.2803,0.75,0,-0.0016,0.011,0.0018,1.3,0,137000,40,0,0.062
C-02080,0.045,0.0,0.0,-0.045,0.3846,1,0.005,0.01066,0.00146,26.8,0,289000,73,1,0.5
C-02081,0.0661,0.3409,0.0225,-0.03,0.3409,0,-0.0003,0.01038,0.00118,1.0,0,333000,51,0,0.058
C-02082,0.0491,0.0,0.0,-0.0332,0.0,0,-0.0084,0.00824,-0.00096,3.4,0,1508000,43,0,0.025
C-02083,0.4159,0.6369,0.2649,-0.4054,0.0798,0,0.0428,0.00837,-0.00083,13.2,1,1400500,59,0,0.136
C-02084,0.532,0.5494,0.2923,-0.532,0.4883,1,0.0499,0.00969,0.00049,6.8,1,523500,56,0,0.095
C-02085,0.0598,0.0,0.0,0.0439,0.6667,0,0.0195,0.011,0.0018,4,0,150500,26,0,0.049
C-02086,0.0835,0.0,0.0,-0.0491,0.2959,0,-0.0065,0.00909,-0.00011,2.5,0,1012500,41,0,0.0
C-02087,0.1158,0.0,0.0,0.0358,0.4545,0,-0.0023,0.011,0.0018,3.0,0,47500,28,0,0.0
C-02088,0.0645,0.0,0.0,0.1419,0.6667,0,-0.0034,0.011,0.0018,2.9,1,46500,67,0,0.0
C-02089,0.1889,0.0,0.0,-0.1684,0.3933,0,-0.0003,0.00782,-0.00138,4.4,0,1985000,53,0,0.005
C-02090,0.2799,0.2298,0.0643,-0.2799,0.6895,1,0.0464,0.00991,0.00071,6.8,0,443000,36,0,0.009
C-02091,0.1081,0.0,0.0,-0.1061,0.5096,0,0.0422,0.00697,-0.00223,3.1,0,3614000,53,0,0.003
C-02092,0.2059,0.6667,0.1373,-0.2059,0.2576,1,0.0324,0.01045,0.00125,5.1,0,320500,51,0,0.067
C-02093,0.1242,0.425,0.0528,-0.1242,0.1625,1,0.0361,0.01044,0.00124,0.6,0,322000,47,0,0.0
C-02094,0.086,0.0,0.0,0.1638,0.5263,0,-0.0051,0.011,0.0018,2.0,0,110500,47,0,0.002
C-02095,0.2012,0.303,0.061,-0.1427,0.2424,0,0.0003,0.011,0.0018,11.9,0,82000,45,0,0.043
C-02096,0.1513,0.4026,0.0609,-0.0428,0.4935,0,-0.0006,0.01096,0.00176,2.2,0,254500,62,0,0.048
C-02097,0.2211,0.0,0.0,-0.2211,0.3333,1,0.0089,0.011,0.0018,1.6,0,47500,30,0,0.065
C-02098,0.1819,0.0,0.0,-0.1666,0.5739,0,0.032,0.0093,0.0001,7.9,0,780500,43,0,0.033
C-02099,0.1533,0.0,0.0,-0.0131,0.4524,0,0.0022,0.01078,0.00158,5.6,1,274000,35,0,0.012
C-02100,0.1135,0.0,0.0,-0.1087,0.806,0,0.0297,0.008,-0.0012,0.4,1,1749000,62,0,0.001
C-02101,0.0775,0.0,0.0,-0.0775,0.8113,1,0.0298,0.01033,0.00113,1.1,0,342000,43,0,0.091
C-02102,0.1388,0.0,0.0,-0.1388,0.0709,1,0.0489,0.00908,-0.00012,6.4,0,1016000,68,1,0.592
C-02103,0.093,0.0,0.0,-0.093,0.625,1,-0.0094,0.01092,0.00172,2.2,0,258000,67,0,0.022
C-02104,0.0606,0.0,0.0,-0.0453,0.0,0,-0.0219,0.01049,0.00129,3.2,0,313500,63,0,0.0
C-02105,0.1803,0.0,0.0,0.1541,0.6364,0,0.0109,0.011,0.0018,2.3,0,61000,73,0,0.034
C-02106,0.1181,0.0,0.0,-0.1045,0.6436,0,0.0006,0.00815,-0.00105,1.5,1,1592500,38,0,0.086
C-02107,0.1838,0.0,0.0,0.0632,0.56,0,-0.0063,0.011,0.0018,3.4,0,68000,73,0,0.0
C-02108,0.1499,0.3503,0.0525,-0.1397,0.7062,0,-0.0085,0.00956,0.00036,1.6,0,590500,65,0,0.001
C-02109,0.0527,0.0,0.0,-0.0412,0.1623,0,0.0416,0.0083,-0.0009,11.5,0,1460500,42,0,0.029
C-02110,0.1481,0.0,0.0,-0.1481,0.5,1,0.0047,0.011,0.0018,4.8,0,121500,73,0,0.043
C-02111,0.1474,0.0,0.0,-0.0463,0.3571,0,-0.0104,0.011,0.0018,4.3,1,47500,28,0,0.026
C-02112,0.2048,0.0,0.0,-0.1775,0.6616,0,0.0101,0.00979,0.00059,1.5,0,483500,75,0,0.0
C-02113,0.1272,0.25,0.0318,-0.0998,0.75,0,-0.004,0.00952,0.00032,1.4,0,613000,70,0,0.034
C-02114,0.1703,0.0,0.0,-0.1493,0.5556,0,-0.0055,0.01032,0.00112,20.4,0,343500,44,0,0.071
C-02115,0.0618,0.0,0.0,-0.0596,0.1162,0,0.0457,0.006,-0.0032,1.3,0,7098500,68,1,0.157
C-02116,0.1489,0.0,0.0,-0.0979,0.5,0,0.0497,0.011,0.0018,12,0,47000,34,0,0.074
C-02117,0.1419,0.0,0.0,-0.0982,0.2569,0,0.0041,0.01013,0.00093,2.7,0,384000,45,0,0.071
C-02118,0.0855,0.0,0.0,-0.0855,0.1745,1,0.034,0.00922,2e-05,11.2,0,871000,57,0,0.013
C-02119,0.1299,0.0,0.0,-0.1101,0.7619,0,0.0056,0.011,0.0018,14.0,0,242500,70,0,0.002
C-02120,0.0667,0.0,0.0,-0.0667,0.0,1,0.0183,0.011,0.0018,3.2,1,142500,67,0,0.042
C-02121,0.1814,0.0,0.0,-0.1621,0.0,0,0.0237,0.00994,0.00074,3.0,0,435500,60,0,0.047
C-02122,0.081,0.0,0.0,0.2276,0.3529,0,-0.0277,0.011,0.0018,16.3,1,105000,50,0,0.02
C-02123,0.029,0.0,0.0,-0.0213,1.0,0,0.0452,0.00838,-0.00082,3.2,0,1395500,48,0,0.024
C-02124,0.1379,0.0,0.0,0.2552,0.4375,0,0.0009,0.011,0.0018,4.8,1,58000,37,0,0.089
C-02125,0.1925,0.3274,0.063,-0.1925,0.469,1,0.005,0.01063,0.00143,4.4,0,293500,45,0,0.073
C-02126,0.0802,0.0,0.0,-0.0626,0.4634,0,0.0033,0.00907,-0.00013,1.9,0,1022000,37,0,0.056
C-02127,0.0848,0.697,0.0591,0.0201,0.697,0,-0.0098,0.011,0.0018,7.9,0,194500,31,0,0.087
C-02128,0.1079,0.0,0.0,-0.1079,0.434,1,-0.0017,0.00803,-0.00117,2.5,0,1719000,55,0,0.062
C-02129,0.1398,0.0,0.0,0.0409,0.3077,0,0.0098,0.011,0.0018,4.6,0,46500,35,0,0.055
C-02130,0.1453,0.0,0.0,0.265,0.5882,0,-0.0046,0.011,0.0018,4.6,0,58500,35,0,0.037
C-02131,0.1017,0.0,0.0,-0.1017,0.6071,1,0.0314,0.00915,-5e-05,2.2,0,964000,49,0,0.08
C-02132,0.2947,0.7398,0.218,-0.2947,0.5255,1,0.0291,0.01038,0.00118,4.2,0,332500,39,0,0.066
C-02133,0.0537,0.0,0.0,-0.0455,1.0,0,-0.0005,0.00921,1e-05,2.2,0,875500,67,0,0.08
C-02134,0.1074,0.0,0.0,-0.1074,0.8,1,-0.0025,0.011,0.0018,4.9,0,163000,56,0,0.041
C-02135,0.2294,0.8713,0.1998,-0.2294,0.6931,1,0.0509,0.00945,0.00025,2.5,0,660500,65,0,0.055
C-02136,0.1209,0.0,0.0,-0.1209,0.3171,1,-0.0028,0.011,0.0018,15.0,0,169500,51,0,0.009
C-02137,0.0596,0.0,0.0,-0.0596,0.2857,1,0.031,0.00885,-0.00035,22.7,0,1115500,55,0,0.038
C-02138,0.1019,0.4474,0.0456,-0.0568,0.0789,0,0.0086,0.011,0.0018,3.0,0,186500,73,1,0.21
C-02139,0.0646,0.0,0.0,-0.0583,0.4382,0,0.0126,0.00637,-0.00283,1.5,0,5197500,57,0,0.007
C-02140,0.1558,0.0,0.0,-0.1365,0.4452,0,0.0119,0.00976,0.00056,0.3,0,497500,49,0,0.038
C-02141,0.1648,0.0,0.0,-0.1444,0.3744,0,0.0102,0.00759,-0.00161,3.6,0,2415500,44,0,0.021
C-02142,0.2184,0.5372,0.1173,-0.2184,0.6489,1,0.0222,0.00995,0.00075,5.9,1,430500,63,1,0.627
C-02143,0.5885,0.7063,0.4156,-0.5885,0.5524,1,0.0484,0.011,0.0018,8.4,1,243000,60,1,0.305
C-02144,0.1115,0.3099,0.0345,-0.0662,0.507,0,0.0088,0.01046,0.00126,5.1,0,318500,43,0,0.066
C-02145,0.0379,0.0,0.0,-0.0048,0.0909,0,0.0508,0.011,0.0018,1.9,0,145000,32,0,0.115
C-02146,0.167,0.0,0.0,-0.0668,0.1951,0,0.0032,0.00977,0.00057,1.3,1,491000,63,0,0.0
C-02147,0.179,0.349,0.0625,-0.1486,0.8308,0,0.0192,0.00851,-0.00069,0.4,0,1304500,39,0,0.019
C-02148,0.0946,0.0,0.0,-0.0601,0.3418,0,-0.0148,0.01,0.0008,5.0,0,417500,46,0,0.034
C-02149,0.096,0.0,0.0,-0.0588,0.5806,0,-0.0099,0.01043,0.00123,3.5,1,323000,28,1,0.539
C-02150,0.0876,0.0,0.0,-0.0876,0.7097,1,0.0046,0.011,0.0018,5.2,0,177000,45,0,0.057
C-02151,0.0904,0.0,0.0,-0.0904,0.4906,1,-0.0112,0.01063,0.00143,8.5,1,293000,75,0,0.012
C-02152,0.1007,0.0,0.0,-0.0429,0.8913,0,0.0168,0.011,0.0018,8.2,0,228500,52,0,0.072
C-02153,0.3423,0.5118,0.1752,-0.3423,0.6772,1,0.0376,0.011,0.0018,1.1,1,185500,50,0,0.039
C-02154,0.1189,0.0,0.0,-0.1189,0.1765,1,-0.0019,0.011,0.0018,0.3,1,71500,26,0,0.075
C-02155,0.1717,0.2941,0.0505,-0.0505,0.5294,0,-0.0217,0.011,0.0018,4,1,99000,26,1,0.404
C-02156,0.1009,0.0,0.0,-0.1009,0.0909,1,0.0391,0.011,0.0018,1.1,1,109000,53,0,0.09
C-02157,0.1719,0.0,0.0,-0.1582,0.3149,0,-0.007,0.00969,0.00049,1.1,0,526500,31,0,0.071
C-02158,0.1253,0.0,0.0,-0.1237,0.2986,0,0.0046,0.00663,-0.00257,1.0,1,4368000,67,0,0.05
C-02159,0.0963,0.0,0.0,-0.0877,0.1938,0,-0.002,0.00925,5e-05,6.0,0,830500,59,0,0.07
C-02160,0.075,0.0,0.0,-0.0477,0.4545,0,-0.008,0.011,0.0018,11.6,0,220000,51,0,0.003
C-02161,0.1087,0.2517,0.0274,-0.0661,0.1497,0,-0.0131,0.00942,0.00022,11.0,1,676000,54,0,0.066
C-02162,0.0729,0.0,0.0,-0.0602,0.5329,0,-0.0059,0.00902,-0.00018,0.3,0,1042500,53,0,0.046
C-02163,0.0969,0.0,0.0,-0.0969,0.8676,1,0.0101,0.00939,0.00019,3.4,0,702000,72,0,0.037
C-02164,0.1355,0.0,0.0,0.1742,0.4286,0,0.0198,0.011,0.0018,5.3,0,77500,67,0,0.071
C-02165,0.0539,0.0,0.0,-0.0539,1.0,1,0.0032,0.011,0.0018,2.5,1,232000,64,0,0.0
C-02166,0.1607,0.3492,0.0561,-0.1607,0.0,1,0.0078,0.011,0.0018,11.4,0,196000,65,0,0.047
C-02167,0.0458,0.0,0.0,-0.0458,0.24,1,-0.0005,0.01079,0.00159,2.4,0,273000,58,0,0.062
C-02168,0.0601,0.0,0.0,0.0317,0.0,0,-0.0149,0.011,0.0018,2.0,1,91500,70,0,0.119
C-02169,0.2272,0.391,0.0888,-0.2178,0.391,0,0.0286,0.00948,0.00028,1.2,0,636000,75,0,0.018
C-02170,0.2398,0.2736,0.0656,-0.229,0.4969,0,0.0011,0.00944,0.00024,0.5,0,663000,55,0,0.0
C-02171,0.0512,0.0,0.0,-0.0512,0.1307,1,-0.0056,0.00803,-0.00117,4.0,1,1718000,65,0,0.042
C-02172,0.0498,0.0,0.0,-0.0498,0.3704,1,0.0094,0.01081,0.00161,20.4,0,271000,62,0,0.02
C-02173,0.1914,0.2726,0.0522,-0.1914,0.5022,1,0.0484,0.00622,-0.00298,1.5,0,5825500,60,0,0.052
C-02174,0.0912,0.0,0.0,-0.0514,0.0727,0,-0.0073,0.01057,0.00137,13.3,1,301500,42,0,0.011
C-02175,0.1679,0.0,0.0,-0.0031,0.4545,0,-0.0015,0.011,0.0018,2.8,1,65500,32,1,0.283
C-02176,0.0944,0.0,0.0,-0.0835,0.7229,0,-0.0162,0.00992,0.00072,1.2,0,439500,70,0,0.067
C-02177,0.1426,0.0,0.0,-0.103,0.2632,0,-0.0043,0.01038,0.00118,1.0,0,333000,25,0,0.041
C-02178,0.0968,0.0,0.0,-0.0798,0.6634,0,0.0103,0.00898,-0.00022,6.4,0,1059000,65,0,0.009
C-02179,0.1174,0.3906,0.0459,-0.0558,0.5703,0,0.0461,0.00965,0.00045,0.3,0,545000,41,0,0.031
C-02180,0.09,0.0,0.0,0.0009,0.4737,0,-0.019,0.011,0.0018,3.6,1,105500,69,0,0.021
C-02181,0.1481,0.0,0.0,-0.1313,0.1775,0,-0.0074,0.0096,0.0004,6.1,0,570500,56,0,0.073
C-02182,0.1225,0.0,0.0,-0.1225,0.0,1,0.0165,0.01005,0.00085,1.3,1,404000,34,1,0.465
C-02183,0.0764,0.0,0.0,-0.0764,0.5278,1,-0.0015,0.011,0.0018,5.0,0,235500,30,0,0.029
C-02184,0.1096,0.0,0.0,-0.0877,0.3125,0,0.0113,0.011,0.0018,0.3,0,219000,37,0,0.078
C-02185,0.1333,0.425,0.0567,-0.1221,0.65,0,0.0078,0.00933,0.00013,6.9,0,750000,75,0,0.017
C-02186,0.3509,0.5565,0.1953,-0.3377,0.707,0,0.027,0.00968,0.00048,10.8,1,530000,73,0,0.102
C-02187,0.0562,0.0,0.0,-0.02,0.6585,0,0.0094,0.01021,0.00101,7.8,0,365000,68,0,0.0
C-02188,0.028,0.0,0.0,0.207,0.5,0,0.0048,0.011,0.0018,2.6,0,71500,45,0,0.019
C-02189,0.1496,0.212,0.0317,-0.1174,0.2826,0,0.0082,0.00863,-0.00057,4.9,0,1230000,49,0,0.041
C-02190,0.0403,0.0,0.0,-0.0278,0.4194,0,-0.0073,0.01012,0.00092,10.7,0,385000,46,0,0.024
C-02191,0.0642,0.0,0.0,-0.0286,0.5,0,0.0531,0.011,0.0018,8.6,0,202500,40,0,0.042
C-02192,0.0552,0.0,0.0,-0.0447,0.7018,0,0.0046,0.00904,-0.00016,5.7,0,1033000,53,0,0.071
C-02193,0.1197,0.0,0.0,-0.1069,0.4,0,-0.0006,0.01016,0.00096,1.9,0,376000,70,0,0.029
C-02194,0.1522,0.0,0.0,-0.1472,0.5306,0,-0.0018,0.00979,0.00059,1.4,0,483000,66,0,0.014
C-02195,0.1247,0.0,0.0,-0.1068,0.4169,0,-0.002,0.00828,-0.00092,2.5,0,1471500,74,0,0.057
C-02196,0.1744,0.0,0.0,-0.1744,0.2348,1,-0.0038,0.01015,0.00095,5.5,1,378500,50,0,0.042
C-02197,0.1675,0.0,0.0,-0.0896,0.2113,0,0.006,0.00924,4e-05,8.7,0,848000,62,0,0.023
C-02198,0.1223,0.0,0.0,0.223,1.0,0,0.0035,0.011,0.0018,1.0,0,69500,47,0,0.04
C-02199,0.1079,0.0,0.0,-0.1032,0.4312,0,0.0107,0.00974,0.00054,2.9,1,505000,70,0,0.022
C-02200,0.0772,0.0,0.0,-0.0309,0.45,0,0.0479,0.011,0.0018,2.9,0,129500,39,1,0.115
C-02201,0.0922,0.0,0.0,-0.0812,0.076,0,0.0214,0.00834,-0.00086,2.8,1,1427000,55,0,0.058
C-02202,0.0215,0.0,0.0,0.2108,0.0,0,-0.0017,0.011,0.0018,2.4,0,46500,31,0,0.077
C-02203,0.1263,0.0,0.0,0.0758,0.8333,0,0.001,0.011,0.0018,12,0,47500,34,0,0.024
C-02204,0.1145,0.5333,0.0611,-0.0046,0.2667,0,0.0125,0.011,0.0018,25.0,1,65500,53,0,0.037
C-02205,0.0924,0.0,0.0,-0.0085,0.2432,0,0.0383,0.01006,0.00086,0.3,0,400500,35,0,0.029
C-02206,0.1659,0.0,0.0,-0.1644,0.6,0,0.0026,0.00811,-0.00109,19.5,0,1627500,52,0,0.07
C-02207,0.1538,0.0,0.0,0.044,0.4286,0,-0.0051,0.011,0.0018,4.2,0,91000,57,0,0.014
C-02208,0.1048,0.0,0.0,0.0187,0.2182,0,-0.01,0.01088,0.00168,3.7,0,262500,36,0,0.025
C-02209,0.0483,0.0,0.0,-0.0229,0.3171,0,0.002,0.00997,0.00077,7.9,0,424000,62,0,0.074
C-02210,0.2117,0.2313,0.049,-0.2117,0.694,1,0.0081,0.01047,0.00127,10.2,1,316500,70,0,0.072
C-02211,0.1357,0.0,0.0,-0.0889,0.475,0,0.0461,0.00956,0.00036,8.1,0,589500,52,1,0.114
C-02212,0.1195,0.0,0.0,-0.115,0.4951,0,0.0035,0.00772,-0.00148,30,1,2155000,74,0,0.062
C-02213,0.1513,0.0,0.0,-0.1416,0.3371,0,-0.0271,0.00751,-0.00169,10.4,0,2607500,46,0,0.029
C-02214,0.1357,0.4293,0.0582,-0.1276,0.9474,0,-0.0007,0.00685,-0.00235,1.2,0,3855000,61,0,0.037
C-02215,0.2403,0.4865,0.1169,-0.2403,0.1622,1,0.0352,0.01053,0.00133,1.9,1,308000,72,1,0.463
C-02216,0.0862,0.0,0.0,0.0793,0.6,0,-0.0066,0.011,0.0018,8.3,0,87000,72,0,0.044
C-02217,0.0387,0.0,0.0,-0.0387,0.3333,1,-0.0048,0.011,0.0018,0.3,0,155000,39,0,0.048
C-02218,0.0638,0.0,0.0,-0.0298,0.6667,0,-0.0061,0.011,0.0018,8.1,0,70500,31,0,0.045
C-02219,0.3481,0.4917,0.1712,-0.3296,0.5691,0,0.0283,0.0097,0.0005,0.8,1,520000,63,0,0.111
C-02220,0.0356,0.0,0.0,-0.0139,0.0,0,0.0,0.00916,-4e-05,2.1,0,940000,46,0,0.064
C-02221,0.1236,0.0,0.0,-0.1236,0.0,1,-0.0168,0.00919,-1e-05,1.2,0,910000,53,0,0.0
C-02222,0.0748,0.0,0.0,0.1048,0.6364,0,-0.006,0.011,0.0018,11.2,1,73500,49,0,0.092
C-02223,0.0612,0.0,0.0,-0.0612,0.0,1,-0.0121,0.01,0.0008,6.2,0,416500,47,0,0.025
C-02224,0.1182,0.0,0.0,-0.1182,0.3986,1,0.053,0.0095,0.0003,4.8,0,626000,53,0,0.077
C-02225,0.2515,0.5873,0.1477,-0.2515,0.7619,1,0.0476,0.011,0.0018,8.8,0,250500,31,0,0.047
C-02226,0.0931,0.4098,0.0382,-0.0931,1.0,1,0.0368,0.01041,0.00121,7.4,1,327500,34,0,0.012
C-02227,0.1838,0.0,0.0,-0.1838,0.56,1,0.0018,0.011,0.0018,4.6,0,68000,32,0,0.047
C-02228,0.1451,0.0,0.0,-0.1293,0.2364,0,-0.0128,0.01015,0.00095,0.3,1,379000,72,0,0.0
C-02229,0.0928,0.0,0.0,0.0489,0.8182,0,-0.0036,0.011,0.0018,1.9,0,118500,43,0,0.041
C-02230,0.1058,0.0,0.0,-0.0244,0.6154,0,-0.0079,0.0102,0.001,0.4,1,368500,48,0,0.045
C-02231,0.3462,0.7354,0.2546,-0.3462,0.2381,1,0.0401,0.01079,0.00159,9.7,1,273000,74,1,0.675
C-02232,0.0432,0.0,0.0,0.3459,1.0,0,-0.0031,0.011,0.0018,3.8,1,92500,42,0,0.05
C-02233,0.1784,0.0,0.0,-0.1601,0.3641,0,0.0035,0.00804,-0.00116,5.4,0,1701000,50,0,0.051
C-02234,0.1186,0.0,0.0,-0.0863,0.9205,0,-0.0124,0.01018,0.00098,12,0,371000,34,0,0.032
C-02235,0.1491,0.0,0.0,-0.1405,0.625,0,-0.0048,0.0094,0.0002,1.1,1,697500,75,0,0.013
C-02236,0.0328,0.0,0.0,-0.0328,0.6207,1,0.04,0.00991,0.00071,12.5,0,442500,71,1,0.276
C-02237,0.188,0.0,0.0,-0.1113,0.1,0,-0.0144,0.01085,0.00165,1.9,0,266000,39,0,0.079
C-02238,0.1002,0.0,0.0,-0.0937,0.6712,0,-0.0085,0.00792,-0.00128,7.5,0,1851000,47,0,0.031
C-02239,0.0816,0.0,0.0,-0.0727,0.4318,0,0.0099,0.00893,-0.00027,5.8,1,1079000,49,0,0.032
C-02240,0.1368,0.0,0.0,-0.1368,0.6154,1,-0.0021,0.011,0.0018,1.1,1,47500,43,0,0.028
C-02241,0.1797,0.5755,0.1034,-0.1614,0.2736,0,-0.0002,0.00956,0.00036,5.3,1,590000,55,1,0.559
C-02242,0.268,0.3943,0.1057,-0.268,0.2581,1,0.0353,0.0097,0.0005,3.1,0,520500,30,0,0.026
C-02243,0.1174,0.0,0.0,-0.1157,0.3165,0,-0.0152,0.00706,-0.00214,4.7,1,3457500,74,1,0.289
C-02244,0.0721,0.0,0.0,-0.0184,0.1724,0,-0.0028,0.011,0.0018,10.7,0,201000,66,0,0.089
C-02245,0.0213,0.0,0.0,-0.0213,0.0,1,0.0012,0.011,0.0018,0.3,0,47000,33,0,0.073
C-02246,0.1052,0.0,0.0,-0.1052,0.5962,1,-0.0062,0.00976,0.00056,1.9,0,494500,39,0,0.05
C-02247,0.0325,0.0,0.0,-0.0081,0.0,0,0.0499,0.01019,0.00099,8.2,0,369000,56,0,0.019
C-02248,0.0309,0.0,0.0,0.1918,0.0,0,-0.0065,0.011,0.0018,0.7,0,48500,41,0,0.018
C-02249,0.0663,0.0,0.0,-0.0337,0.3614,0,-0.004,0.0095,0.0003,10.3,1,626000,40,0,0.034
C-02250,0.0896,0.0,0.0,-0.0896,0.4667,1,-0.0005,0.011,0.0018,10,0,167500,32,0,0.0
C-02251,0.0561,0.0,0.0,-0.0406,0.0,0,-0.018,0.00911,-9e-05,3.2,1,1007000,59,0,0.009
C-02252,0.0956,0.0,0.0,-0.0276,0.3148,0,0.0026,0.01071,0.00151,3.5,0,282500,40,0,0.058
C-02253,0.1247,0.0,0.0,-0.0796,0.3978,0,-0.0203,0.01018,0.00098,1.9,0,373000,32,0,0.031
C-02254,0.2625,0.6042,0.1586,-0.2362,0.2619,0,0.05,0.00948,0.00028,5.0,0,640000,66,0,0.0
C-02255,0.1245,0.0,0.0,-0.1178,0.4,0,0.0386,0.01023,0.00103,4.9,1,361500,67,0,0.049
C-02256,0.15,0.0,0.0,-0.09,0.0741,0,-0.0168,0.011,0.0018,0.3,1,180000,52,0,0.024
C-02257,0.1138,0.5714,0.065,-0.1138,0.0,1,0.0126,0.011,0.0018,0.3,1,246000,72,0,0.031
C-02258,0.2872,0.2679,0.0769,0.0821,0.2679,0,0.0029,0.011,0.0018,5.4,0,97500,33,0,0.049
C-02259,0.068,0.0,0.0,-0.0433,0.5152,0,-0.0014,0.011,0.0018,3.7,0,242500,70,0,0.031
C-02260,0.0692,0.0,0.0,-0.0692,0.3636,1,-0.0188,0.011,0.0018,5.7,0,159000,40,0,0.015
C-02261,0.0787,0.0,0.0,-0.0157,0.6667,0,0.0066,0.011,0.0018,12.5,0,133500,55,0,0.077
C-02262,0.1235,0.0,0.0,-0.1235,0.6718,1,-0.0048,0.00816,-0.00104,2.6,0,1578500,70,0,0.032
C-02263,0.1458,0.0,0.0,-0.1458,0.5,1,-0.006,0.011,0.0018,6,0,48000,28,1,0.221
C-02264,0.2392,0.604,0.1445,-0.2392,0.651,1,0.0079,0.01051,0.00131,0.3,1,311500,40,0,0.013
C-02265,0.053,0.0,0.0,-0.0323,0.0,0,0.0132,0.00866,-0.00054,4.7,1,1218000,57,0,0.046
C-02266,0.0673,0.0,0.0,-0.0162,0.5862,0,0.031,0.011,0.0018,3,0,215500,25,0,0.058
C-02267,0.1253,0.0,0.0,-0.1133,0.192,0,-0.0039,0.00744,-0.00176,9.9,0,2805500,62,0,0.0
C-02268,0.175,0.0,0.0,-0.175,0.5572,1,-0.0039,0.00931,0.00011,2.6,0,774500,31,0,0.056
C-02269,0.1243,0.0,0.0,-0.0141,0.6522,0,-0.0076,0.011,0.0018,1.5,0,185000,42,0,0.016
C-02270,0.0784,0.0,0.0,-0.0784,0.5,1,0.0058,0.011,0.0018,4.7,0,178500,63,0,0.018
C-02271,0.1087,0.0,0.0,-0.1087,0.3302,1,-0.0053,0.00826,-0.00094,0.7,0,1490500,71,0,0.05
C-02272,0.1031,0.0,0.0,-0.0733,0.3735,0,0.0079,0.01005,0.00085,5.0,0,402500,55,0,0.036
C-02273,0.0988,0.0,0.0,-0.0988,0.36,1,0.0062,0.011,0.0018,3.5,1,126500,34,0,0.013
C-02274,0.1869,0.2258,0.0422,-0.1869,0.629,1,0.0529,0.00913,-7e-05,8.1,0,995000,40,0,0.003
C-02275,0.156,0.0,0.0,-0.156,0.0455,1,-0.0033,0.011,0.0018,4.2,0,70500,64,0,0.008
C-02276,0.0407,0.0,0.0,0.0652,0.4167,0,-0.0108,0.01062,0.00142,2.7,0,294500,30,0,0.0
C-02277,0.3916,0.7433,0.2911,-0.3509,0.58,0,0.0545,0.01013,0.00093,3.3,0,383000,44,0,0.029
C-02278,0.2283,0.7143,0.163,-0.1065,0.1429,0,0.0354,0.011,0.0018,8,0,46000,30,1,0.722
C-02279,0.1653,0.0,0.0,-0.1333,0.7175,0,-0.0091,0.00943,0.00023,9.6,0,674500,54,0,0.05
C-02280,0.1486,0.7405,0.1101,-0.1486,0.7722,1,0.0024,0.00968,0.00048,13.6,1,531500,46,0,0.021
C-02281,0.2422,0.55,0.1332,-0.1882,0.0786,0,0.0312,0.01066,0.00146,8.0,0,289000,69,1,0.313
C-02282,0.1965,0.0,0.0,-0.1936,0.848,0,0.0479,0.00753,-0.00167,9.0,0,2545000,68,0,0.033
C-02283,0.1327,0.0,0.0,-0.0347,0.5385,0,0.0035,0.011,0.0018,9,0,49000,31,0,0.029
C-02284,0.0321,0.0,0.0,0.0225,1.0,0,0.0079,0.00979,0.00059,30,1,483500,57,0,0.031
C-02285,0.0944,0.0,0.0,0.1056,0.5294,0,0.0139,0.011,0.0018,0.6,0,90000,73,0,0.058
C-02286,0.1453,0.0,0.0,-0.1409,0.1713,0,0.0044,0.00714,-0.00206,2.6,1,3335500,48,0,0.026
C-02287,0.2062,0.1,0.0206,0.0165,0.5,0,0.0355,0.011,0.0018,2.8,0,48500,27,0,0.013
C-02288,0.2091,0.0,0.0,0.0527,0.3478,0,0.001,0.011,0.0018,1.4,1,55000,30,0,0.023
C-02289,0.0787,0.0,0.0,-0.0605,0.0,0,-0.0015,0.00936,0.00016,6.8,1,724000,61,0,0.038
C-02290,0.1407,0.0,0.0,-0.0519,0.6316,0,-0.0057,0.011,0.0018,1.1,0,67500,45,0,0.041
C-02291,0.117,0.5682,0.0665,-0.0915,0.9545,0,-0.0116,0.011,0.0018,4.1,1,188000,64,1,0.356
C-02292,0.1613,0.0,0.0,-0.1613,0.1333,1,-0.0174,0.011,0.0018,0.3,0,46500,57,0,0.028
C-02293,0.081,0.0,0.0,-0.0743,0.454,0,-0.003,0.00721,-0.00199,2.6,0,3220500,34,0,0.091
C-02294,0.1946,0.3456,0.0673,-0.1559,0.5806,0,-0.0085,0.00962,0.00042,1.6,1,557500,73,0,0.025
C-02295,0.1241,0.0,0.0,-0.1241,0.7318,1,0.0386,0.00803,-0.00117,6.9,0,1713000,41,0,0.103
C-02296,0.1759,0.4984,0.0877,-0.1639,0.4984,0,0.0401,0.00919,-1e-05,11.6,1,901000,38,0,0.0
C-02297,0.1388,0.4138,0.0574,-0.1388,0.4138,1,-0.0047,0.011,0.0018,4.2,1,104500,30,0,0.0
C-02298,0.1829,0.1333,0.0244,-0.0951,0.5667,0,-0.018,0.011,0.0018,14.3,0,82000,42,0,0.064
C-02299,0.0215,0.0,0.0,0.1591,0.5,0,0.0068,0.011,0.0018,1.4,1,46500,68,0,0.029
C-02300,0.0903,0.0,0.0,-0.0713,0.912,0,-0.0131,0.0087,-0.0005,4.8,0,1195500,70,0,0.038
C-02301,0.1364,0.0,0.0,-0.1239,0.2857,0,-0.0119,0.01012,0.00092,5.0,0,385000,69,0,0.026
C-02302,0.1921,0.5444,0.1046,-0.1921,0.1472,1,0.0472,0.00917,-3e-05,1.0,0,937000,37,0,0.067
C-02303,0.0917,0.0,0.0,-0.0917,0.3902,1,-0.0003,0.011,0.0018,6.5,1,223500,39,0,0.026
C-02304,0.1684,0.0,0.0,-0.1654,0.4798,0,0.0094,0.00581,-0.00339,1.9,0,8802500,57,0,0.049
C-02305,0.219,0.4891,0.1071,-0.1333,0.4891,0,0.0083,0.011,0.0018,3.9,1,210000,32,0,0.035
C-02306,0.1859,0.4828,0.0897,-0.109,0.7241,0,-0.0125,0.011,0.0018,2.5,1,78000,52,0,0.086
C-02307,0.1373,0.0,0.0,-0.1373,0.5312,1,-0.0095,0.00927,7e-05,8.6,0,815500,71,0,0.04
C-02308,0.1036,0.4467,0.0463,-0.0733,0.4315,0,0.0413,0.00916,-4e-05,0.3,0,951000,59,0,0.032
C-02309,0.1108,0.0,0.0,-0.1072,0.0,0,0.0087,0.00749,-0.00171,2.5,0,2644000,57,0,0.026
C-02310,0.1939,0.1579,0.0306,-0.1939,0.5263,1,-0.0025,0.011,0.0018,4.7,0,49000,29,0,0.06
C-02311,0.3846,0.5143,0.1978,-0.3846,0.0857,1,0.0536,0.011,0.0018,2.6,0,45500,73,1,0.106
C-02312,0.1514,0.0,0.0,-0.1427,0.046,0,-0.0031,0.00809,-0.00111,2.6,0,1651500,61,0,0.038
C-02313,0.1893,0.6549,0.124,-0.1893,0.6549,1,0.0004,0.01059,0.00139,4.2,1,298500,44,0,0.103
C-02314,0.111,0.0,0.0,-0.0967,0.8273,0,0.0122,0.00755,-0.00165,3.3,0,2503500,60,0,0.063
C-02315,0.0809,0.0,0.0,-0.0809,0.7917,1,0.0056,0.01061,0.00141,2.4,0,296500,58,0,0.002
C-02316,0.0481,0.0,0.0,-0.0481,0.6034,1,0.0422,0.00954,0.00034,6.8,0,603500,61,0,0.131
C-02317,0.1039,0.0,0.0,-0.1039,0.6988,1,0.0026,0.01006,0.00086,6.1,0,399500,48,0,0.0
C-02318,0.126,0.4316,0.0544,-0.1101,0.4842,0,-0.0136,0.01016,0.00096,13.1,0,377000,73,0,0.045
C-02319,0.1565,0.0,0.0,-0.1443,0.2532,0,0.0366,0.00977,0.00057,0.7,0,492000,73,0,0.075
C-02320,0.0683,0.0,0.0,-0.0683,0.5909,1,-0.0052,0.011,0.0018,4.6,1,161000,41,0,0.029
C-02321,0.16,0.0,0.0,-0.16,0.6255,1,-0.0115,0.00925,5e-05,6.4,0,834500,47,0,0.069
C-02322,0.1757,0.2965,0.0521,-0.1581,0.6242,0,-0.0109,0.00843,-0.00077,7.9,1,1363000,61,0,0.031
C-02323,0.1474,0.0,0.0,-0.1474,0.7857,1,0.0117,0.011,0.0018,1.6,0,47500,25,0,0.07
C-02324,0.0712,0.3067,0.0218,-0.0712,1.0,1,-0.0043,0.00899,-0.00021,19.6,0,1053000,52,1,0.458
C-02325,0.1562,0.0,0.0,-0.1562,0.6899,1,0.0046,0.01001,0.00081,9.2,0,413000,34,0,0.0
C-02326,0.1414,0.0,0.0,-0.0471,0.1984,0,0.0052,0.0099,0.0007,22,0,445500,44,0,0.038
C-02327,0.2716,0.7765,0.2109,-0.2581,0.7765,0,0.0293,0.011,0.0018,2.7,1,156500,65,0,0.036
C-02328,0.1049,0.0,0.0,-0.1049,0.5581,1,-0.0023,0.01002,0.00082,4.3,1,410000,52,0,0.095
C-02329,0.0537,0.0,0.0,-0.0537,0.0,1,0.0396,0.011,0.0018,3.1,1,74500,50,0,0.122
C-02330,0.1041,0.5652,0.0588,-0.0063,0.0,0,-0.0173,0.011,0.0018,2.9,1,110500,33,0,0.049
C-02331,0.1357,0.0,0.0,-0.1357,0.5926,1,0.0133,0.011,0.0018,1.0,0,199000,61,0,0.065
C-02332,0.0904,0.0,0.0,0.0253,0.7333,0,0.0104,0.011,0.0018,10.0,0,83000,62,0,0.043
C-02333,0.1355,0.0,0.0,-0.1121,0.4551,0,-0.005,0.00863,-0.00057,7.6,0,1232500,65,0,0.083
C-02334,0.097,0.0,0.0,-0.097,0.1935,1,-0.0168,0.00948,0.00028,4.2,0,639500,57,0,0.024
C-02335,0.1457,0.0,0.0,-0.1457,0.0,1,0.0438,0.00914,-6e-05,3.3,1,978000,29,0,0.013
C-02336,0.2847,0.6667,0.1898,-0.2847,0.3333,1,0.043,0.011,0.0018,1.4,0,68500,51,0,0.038
C-02337,0.284,0.3478,0.0988,-0.0617,0.413,0,-0.0117,0.011,0.0018,7.3,1,81000,67,0,0.018
C-02338,0.1655,0.2449,0.0405,-0.0115,0.6735,0,-0.0103,0.011,0.0018,1.0,0,148000,35,0,0.0
C-02339,0.08,0.0,0.0,-0.08,0.0,1,0.0258,0.011,0.0018,6,0,150000,28,0,0.049
C-02340,0.0486,0.0,0.0,-0.0203,0.6667,0,-0.0175,0.01034,0.00114,0.3,1,339500,58,0,0.124
C-02341,0.0461,0.0,0.0,0.0396,0.4839,0,0.0132,0.01036,0.00116,3.8,1,336000,35,0,0.041
C-02342,0.1088,0.0,0.0,-0.0939,0.4122,0,-0.0115,0.00883,-0.00037,0.3,0,1126000,45,0,0.076
C-02343,0.0796,0.0,0.0,-0.0199,0.8542,0,-0.0065,0.01057,0.00137,0.9,0,301500,50,0,0.047
C-02344,0.2254,0.2564,0.0578,-0.0312,0.7692,0,-0.0096,0.011,0.0018,0.3,0,86500,32,0,0.037
C-02345,0.0342,0.0,0.0,0.0144,0.0,0,0.0107,0.01008,0.00088,16.3,1,394500,42,0,0.046
C-02346,0.2054,0.2527,0.0519,-0.1846,0.1557,0,0.0062,0.00797,-0.00123,0.6,0,1781500,55,0,0.044
C-02347,0.1235,0.3172,0.0392,-0.0652,0.5,0,-0.0052,0.00873,-0.00047,1.2,0,1174500,39,0,0.06
C-02348,0.0857,0.0,0.0,-0.0857,0.2308,1,0.0021,0.011,0.0018,3.6,1,227500,70,0,0.054
C-02349,0.0892,0.5018,0.0448,-0.0807,0.8036,0,-0.0149,0.0082,-0.001,1.3,1,1541000,32,0,0.08
C-02350,0.0892,0.0,0.0,-0.0892,0.0,1,0.047,0.00971,0.00051,0.3,0,515500,38,1,0.05
C-02351,0.1852,0.0,0.0,0.0104,0.72,0,-0.0119,0.011,0.0018,3,0,67500,25,0,0.046
C-02352,0.3335,0.6598,0.22,-0.3253,0.1049,0,0.0522,0.00864,-0.00056,2.4,1,1229500,59,1,0.626
C-02353,0.053,0.0,0.0,-0.053,0.5714,1,0.0312,0.01087,0.00167,1.8,0,264000,42,0,0.024
C-02354,0.0367,0.0,0.0,-0.0311,0.6553,0,-0.0022,0.00722,-0.00198,8.3,0,3203000,59,0,0.055
C-02355,0.2197,0.6646,0.146,-0.2197,0.6646,1,0.0378,0.01024,0.00104,2.7,0,359500,70,1,0.589
C-02356,0.2442,0.5714,0.1395,-0.2442,0.7619,1,0.0081,0.011,0.0018,2.2,1,86000,29,1,0.662
C-02357,0.101,0.0,0.0,-0.101,0.1321,1,0.0102,0.01088,0.00168,17.3,1,262500,68,0,0.007
C-02358,0.1198,0.0,0.0,-0.1142,0.2323,0,-0.0064,0.00947,0.00027,12.7,0,647000,66,0,0.053
C-02359,0.1249,0.0,0.0,-0.1249,0.1019,1,0.0035,0.00949,0.00029,2.4,0,628500,69,0,0.052
C-02360,0.1067,0.0,0.0,-0.0792,0.6913,0,0.0411,0.00939,0.00019,2.8,0,698500,55,0,0.027
C-02361,0.0873,0.2538,0.0221,-0.073,0.0,0,0.0042,0.00824,-0.00096,0.3,0,1512500,46,0,0.106
C-02362,0.1339,0.4086,0.0547,-0.1064,0.4086,0,0.0115,0.00915,-5e-05,9.6,1,959500,56,0,0.05
C-02363,0.1094,0.0,0.0,-0.084,0.2629,0,0.0331,0.00675,-0.00245,2.2,0,4068000,54,0,0.04
C-02364,0.2305,0.5704,0.1315,-0.2305,0.7606,1,0.0445,0.00951,0.00031,2.2,0,616000,38,1,0.443
C-02365,0.1472,0.0,0.0,-0.0172,0.4245,0,0.0027,0.01024,0.00104,1.6,0,360000,44,0,0.015
C-02366,0.1843,0.25,0.0461,-0.1843,0.525,1,-0.0115,0.011,0.0018,0.5,1,108500,27,0,0.016
C-02367,0.1074,0.0,0.0,-0.0903,0.3094,0,0.0011,0.00924,4e-05,3.2,1,842500,32,0,0.025
C-02368,0.116,0.4473,0.0519,-0.0836,0.6436,0,0.0065,0.00871,-0.00049,11.6,0,1185500,51,0,0.09
C-02369,0.0962,0.0,0.0,0.3423,0.4,0,-0.0041,0.011,0.0018,1.0,0,52000,27,0,0.065
C-02370,0.1444,0.0,0.0,-0.1111,0.3584,0,0.0537,0.00783,-0.00137,0.3,0,1981000,54,0,0.009
C-02371,0.0769,0.0,0.0,0.2923,0.5,0,0.0442,0.011,0.0018,1.3,0,52000,53,0,0.032
C-02372,0.1812,0.0,0.0,-0.1745,0.5667,0,0.0027,0.00894,-0.00026,7.7,0,1076000,56,0,0.054
C-02373,0.1789,0.1176,0.0211,0.1747,0.0,0,0.0078,0.011,0.0018,3.1,1,47500,32,0,0.0
C-02374,0.0916,0.0,0.0,-0.0674,0.93,0,0.0047,0.00964,0.00044,13.1,1,546000,48,0,0.0
C-02375,0.1755,0.0,0.0,-0.1593,0.2628,0,-0.0047,0.00991,0.00071,17.4,1,444500,72,0,0.0
C-02376,0.0501,0.0,0.0,-0.0171,0.0,0,0.0022,0.0075,-0.0017,8.6,0,2612500,61,0,0.032
C-02377,0.0636,0.5714,0.0364,-0.0636,0.0,1,-0.0047,0.011,0.0018,4,1,220000,26,0,0.0
C-02378,0.1845,0.0,0.0,-0.1733,0.195,0,0.0094,0.00995,0.00075,0.3,0,431000,69,0,0.01
C-02379,0.1752,0.3007,0.0527,-0.1021,0.4543,0,0.013,0.00855,-0.00065,2.1,0,1281500,57,1,0.62
C-02380,0.1043,0.0,0.0,0.0777,0.0,0,0.0117,0.011,0.0018,6,0,105500,28,0,0.013
C-02381,0.128,0.0,0.0,-0.128,0.1216,1,0.0273,0.01066,0.00146,0.7,1,289000,70,0,0.0
C-02382,0.0908,0.2249,0.0204,-0.0741,0.2297,0,-0.0186,0.00878,-0.00042,8.4,1,1151000,66,0,0.04
C-02383,0.1836,0.4571,0.0839,-0.1836,0.1429,1,0.0069,0.01069,0.00149,8.6,1,286000,46,0,0.047
C-02384,0.1656,0.0,0.0,-0.151,0.8799,0,0.0337,0.00863,-0.00057,3.1,0,1232000,57,0,0.063
C-02385,0.1107,0.0,0.0,-0.1107,0.6724,1,0.0062,0.01089,0.00169,3.4,0,262000,69,0,0.062
C-02386,0.1,0.0,0.0,-0.1,0.0,1,0.04,0.011,0.0018,3.1,1,115000,75,1,0.093
C-02387,0.0874,0.0,0.0,-0.0383,0.0,0,0.022,0.01082,0.00162,10.1,0,269000,47,0,0.049
C-02388,0.125,0.0,0.0,0.475,0.4167,0,-0.004,0.011,0.0018,6.2,0,48000,33,0,0.053
C-02389,0.0856,0.0,0.0,-0.0653,0.5058,0,-0.0063,0.00911,-9e-05,6.6,0,1004500,75,0,0.024
C-02390,0.1469,0.0,0.0,-0.1147,0.3942,0,0.011,0.00926,6e-05,8.1,1,820500,36,0,0.072
C-02391,0.0496,0.0,0.0,-0.0177,0.0,0,0.0161,0.01071,0.00151,0.6,1,282500,74,0,0.1
C-02392,0.2046,0.0,0.0,-0.1309,0.3125,0,0.0151,0.011,0.0018,3.1,0,195500,62,0,0.092
C-02393,0.0476,0.0,0.0,-0.0215,0.0,0,0.0064,0.0102,0.001,2.4,0,367500,28,0,0.065
C-02394,0.101,0.0,0.0,0.0202,0.0,0,0.0005,0.011,0.0018,4.4,0,49500,69,0,0.029
C-02395,0.0796,0.0,0.0,-0.0451,0.5556,0,-0.0041,0.00988,0.00068,20.2,0,452500,56,0,0.061
C-02396,0.0741,0.0,0.0,-0.0623,0.7219,0,0.0094,0.00908,-0.00012,3.7,0,1018500,52,0,0.057
C-02397,0.0885,0.0,0.0,-0.0423,0.587,0,-0.0203,0.0109,0.0017,7.1,0,260000,57,0,0.018
C-02398,0.1193,0.4384,0.0523,-0.0997,0.9452,0,-0.0093,0.00952,0.00032,5,1,612000,27,0,0.034
C-02399,0.0936,0.5926,0.0555,-0.0624,0.0,0,-0.0036,0.00877,-0.00043,6.5,1,1154000,55,1,0.649
C-02400,0.1305,0.5464,0.0713,-0.1094,0.7447,0,0.0291,0.00795,-0.00125,7.4,0,1815500,64,1,0.604
C-02401,0.0432,0.0,0.0,0.0086,0.2778,0,0.0105,0.011,0.0018,9.3,1,208500,41,0,0.059
C-02402,0.1662,0.0,0.0,-0.0665,0.375,0,0.0146,0.011,0.0018,4.4,0,168500,75,0,0.075
C-02403,0.3636,0.5,0.1818,-0.3636,0.8137,1,0.0527,0.01073,0.00153,0.4,0,280500,51,0,0.033
C-02404,0.1446,0.0,0.0,-0.1189,0.3016,0,-0.0155,0.00946,0.00026,1.7,0,653500,56,0,0.024
C-02405,0.0846,0.0,0.0,0.5246,0.0,0,-0.0026,0.011,0.0018,2.7,1,65000,37,0,0.037
C-02406,0.0977,0.0,0.0,-0.0977,0.3711,1,-0.0047,0.00927,7e-05,5.9,1,813500,71,0,0.047
C-02407,0.1093,0.2687,0.0294,-0.0858,0.7164,0,0.0014,0.01054,0.00134,2.0,0,306500,75,0,0.068
C-02408,0.1254,0.0,0.0,-0.1204,0.5337,0,-0.0109,0.00938,0.00018,1.3,0,709500,56,0,0.054
C-02409,0.0798,0.0,0.0,-0.0544,0.7965,0,0.0288,0.00938,0.00018,2.0,0,708000,56,0,0.019
C-02410,0.1513,0.0,0.0,-0.0755,0.2489,0,0.0097,0.00934,0.00014,11.2,0,743500,51,0,0.021
C-02411,0.1198,0.0,0.0,-0.0406,0.0,0,0.0107,0.00968,0.00048,2.6,0,530000,45,0,0.075
C-02412,0.1708,0.1629,0.0278,-0.1132,0.236,0,0.0344,0.0097,0.0005,5.8,0,521000,33,0,0.046
C-02413,0.0908,0.0,0.0,-0.0686,0.6102,0,-0.0051,0.01042,0.00122,6.3,0,325000,69,0,0.0
C-02414,0.1646,0.1818,0.0299,-0.1526,0.8889,0,0.0092,0.00954,0.00034,2.3,0,601500,71,0,0.048
C-02415,0.1741,0.5349,0.0931,-0.0089,0.6744,0,-0.0051,0.011,0.0018,0.3,1,123500,51,0,0.067
C-02416,0.0786,0.5737,0.0451,-0.0548,0.5737,0,0.0014,0.00761,-0.00159,4.0,1,2372500,64,0,0.035
C-02417,0.0692,0.0,0.0,-0.0613,1.0,0,0.0103,0.00953,0.00033,0.3,0,607000,73,0,0.047
C-02418,0.1102,0.0,0.0,-0.1102,0.0,1,0.0125,0.00959,0.00039,0.6,1,576000,62,0,0.024
C-02419,0.3196,0.5806,0.1856,-0.2082,0.129,0,0.0349,0.011,0.0018,3,1,48500,25,1,0.575
C-02420,0.1808,0.0,0.0,-0.13,0.0426,0,0.0348,0.0109,0.0017,2.0,1,260000,28,0,0.066
C-02421,0.1439,0.0,0.0,-0.1242,0.4177,0,0.0099,0.00964,0.00044,4.5,0,549000,46,0,0.032
C-02422,0.098,0.0,0.0,-0.098,0.7,1,0.0071,0.011,0.0018,1.4,0,51000,25,0,0.025
C-02423,0.3456,0.5986,0.2069,-0.3392,0.7564,0,0.0351,0.0095,0.0003,1.4,1,623500,66,0,0.061
C-02424,0.195,0.6,0.117,-0.0353,0.8,0,0.027,0.011,0.0018,1.4,0,218000,30,0,0.051
C-02425,0.0883,0.0,0.0,-0.0595,0.0583,0,0.0387,0.00957,0.00037,1.2,0,583000,29,0,0.006
C-02426,0.1215,0.0,0.0,-0.0534,0.4,0,0.0066,0.011,0.0018,1.2,0,123500,29,0,0.021
C-02427,0.1318,0.0,0.0,-0.008,0.2174,0,-0.0044,0.011,0.0018,2.5,0,174500,34,0,0.013
C-02428,0.1622,0.0,0.0,-0.0984,0.623,0,0.0098,0.011,0.0018,8,0,188000,30,0,0.059
C-02429,0.1369,0.0,0.0,-0.0841,0.219,0,0.004,0.00975,0.00055,9.5,1,500500,37,0,0.018
C-02430,0.274,0.926,0.2537,-0.274,0.074,1,0.0533,0.0096,0.0004,0.4,0,567500,71,1,0.583
C-02431,0.1243,0.0,0.0,-0.1112,0.2144,0,-0.0044,0.00793,-0.00127,1.3,1,1838500,29,0,0.0
C-02432,0.1321,0.1905,0.0252,-0.1321,0.381,1,0.052,0.011,0.0018,11.2,0,79500,34,0,0.067
C-02433,0.1469,0.0,0.0,-0.098,0.1908,0,0.0122,0.00956,0.00036,2.0,0,589000,37,1,0.113
C-02434,0.1554,0.0,0.0,0.0716,0.4783,0,-0.0096,0.011,0.0018,5.6,0,74000,47,0,0.083
C-02435,0.1623,0.625,0.1014,-0.1623,0.8214,1,0.0114,0.011,0.0018,3.0,0,172500,73,0,0.044
C-02436,0.1377,0.0,0.0,-0.1318,0.2815,0,0.0547,0.0077,-0.0015,3.3,1,2193500,60,0,0.043
C-02437,0.0909,0.0,0.0,-0.0909,0.0,1,-0.0014,0.011,0.0018,5.7,1,148500,65,0,0.052
C-02438,0.1644,0.0,0.0,-0.158,0.8197,0,0.045,0.00807,-0.00113,0.7,0,1669500,75,0,0.018
C-02439,0.0729,0.0,0.0,-0.0291,0.0,0,0.0063,0.0097,0.0005,3.5,0,521500,38,0,0.029
C-02440,0.083,0.0,0.0,0.0266,0.55,0,-0.0053,0.011,0.0018,6.3,0,120500,47,0,0.092
C-02441,0.15,0.3056,0.0458,-0.15,0.0,1,-0.0007,0.011,0.0018,0.8,1,120000,50,0,0.116
C-02442,0.2538,0.2713,0.0689,-0.2538,0.6057,1,0.0063,0.0095,0.0003,1.4,0,624500,36,0,0.0
C-02443,0.1209,0.0,0.0,-0.1209,0.5152,1,0.0256,0.01079,0.00159,9.6,0,273000,38,0,0.062
C-02444,0.0455,0.0,0.0,-0.0455,0.1667,1,-0.0049,0.011,0.0018,7.4,0,66000,36,0,0.0
C-02445,0.1507,0.5,0.0753,-0.0521,0.9773,0,0.0007,0.011,0.0018,0.3,0,146000,34,0,0.003
C-02446,0.1048,0.0,0.0,0.1695,0.3636,0,-0.006,0.011,0.0018,12.4,0,52500,40,0,0.02
C-02447,0.1397,0.6809,0.0951,-0.1076,0.0745,0,0.0119,0.01036,0.00116,2.1,0,336500,65,1,0.588
C-02448,0.051,0.0,0.0,0.0469,0.6,0,-0.0014,0.011,0.0018,6.2,1,49000,29,0,0.039
C-02449,0.2251,0.4124,0.0928,-0.0858,0.567,0,0.011,0.011,0.0018,8.8,0,215500,53,0,0.006
C-02450,0.1754,0.22,0.0386,-0.0625,0.4,0,0.0336,0.011,0.0018,16.4,0,142500,46,0,0.062
C-02451,0.1027,0.0,0.0,-0.0638,0.7895,0,-0.0007,0.011,0.0018,2.7,0,92500,68,0,0.0
C-02452,0.1436,0.0,0.0,-0.1269,0.3622,0,-0.0069,0.00947,0.00027,6.6,0,644000,59,0,0.059
C-02453,0.1351,0.0,0.0,-0.0772,0.4714,0,-0.0236,0.00971,0.00051,10.8,0,518000,58,0,0.024
C-02454,0.1557,0.2273,0.0354,-0.1387,0.0,0,0.0142,0.00997,0.00077,5.1,1,424000,69,1,0.28
C-02455,0.1225,0.0,0.0,-0.1225,0.3226,1,-0.0072,0.011,0.0018,5.8,1,126500,67,0,0.077
C-02456,0.0488,0.0,0.0,-0.0261,0.8065,0,0.0006,0.01047,0.00127,2.3,0,317500,69,0,0.014
C-02457,0.1398,0.0,0.0,-0.0882,0.2308,0,-0.0008,0.011,0.0018,1.9,0,46500,68,0,0.024
C-02458,0.1457,0.1859,0.0271,-0.1322,0.5256,0,-0.0112,0.00967,0.00047,0.5,0,535500,73,1,0.493
C-02459,0.1498,0.4949,0.0741,-0.1437,0.2492,0,0.0068,0.00913,-7e-05,19.8,0,991500,70,0,0.023
C-02460,0.1604,0.0,0.0,-0.1391,0.3543,0,-0.0207,0.01008,0.00088,1.3,1,396000,75,0,0.048
C-02461,0.0415,0.0,0.0,-0.0415,0.8974,1,0.0458,0.00983,0.00063,15.6,1,469500,42,0,0.031
C-02462,0.1813,0.7714,0.1399,-0.1813,1.0,1,0.0473,0.011,0.0018,9.0,0,96500,51,1,1.0
C-02463,0.0853,0.0,0.0,-0.0719,0.3258,0,0.0494,0.00742,-0.00178,6.0,0,2860500,56,0,0.052
C-02464,0.0436,0.0,0.0,0.1323,0.2273,0,-0.0007,0.01098,0.00178,0.9,0,252500,43,0,0.056
C-02465,0.1496,0.65,0.0973,-0.0778,0.9,0,0.0077,0.00954,0.00034,0.3,1,601500,75,1,0.528
C-02466,0.0842,0.0,0.0,0.0674,0.375,0,-0.0135,0.011,0.0018,7.0,0,47500,33,0,0.007
C-02467,0.1028,0.0,0.0,-0.1028,0.5659,1,0.0043,0.00913,-7e-05,0.8,0,997000,62,0,0.0
C-02468,0.2669,0.2708,0.0723,-0.261,0.1519,0,0.0334,0.00835,-0.00085,3.3,0,1418000,39,1,0.574
C-02469,0.1751,0.0,0.0,-0.1145,0.4414,0,-0.0047,0.01047,0.00127,9.7,0,317000,68,0,0.051
C-02470,0.2049,0.1987,0.0407,-0.1365,0.3907,0,-0.0063,0.0102,0.001,2.6,0,368500,42,0,0.014
C-02471,0.3587,0.8182,0.2935,-0.1761,0.8788,0,0.0527,0.011,0.0018,2.2,0,46000,30,1,0.528
C-02472,0.0744,0.0,0.0,-0.028,0.1104,0,0.0023,0.00904,-0.00016,10.5,0,1034500,60,0,0.025
C-02473,0.2297,0.6176,0.1419,-0.2297,0.1691,1,0.0309,0.01061,0.00141,4.4,0,296000,37,0,0.003
C-02474,0.1123,0.0,0.0,-0.0816,0.456,0,-0.0139,0.00923,3e-05,12.8,0,859000,43,0,0.004
C-02475,0.1362,0.0,0.0,-0.0617,0.2975,0,-0.0021,0.00958,0.00038,6.0,0,580000,71,0,0.047
C-02476,0.092,0.0,0.0,-0.0152,0.0,0,-0.0117,0.011,0.0018,0.5,0,125000,40,0,0.0
C-02477,0.1482,0.0,0.0,-0.1033,0.4414,0,-0.0023,0.01017,0.00097,7.8,0,374500,64,0,0.031
C-02478,0.2976,0.3408,0.1014,-0.2614,0.3831,0,-0.003,0.00955,0.00035,1.7,1,596500,25,0,0.031
C-02479,0.119,0.0,0.0,-0.0436,1.0,0,0.008,0.01057,0.00137,7.3,0,302500,74,0,0.057
C-02480,0.2321,0.0,0.0,0.4107,0.6538,0,-0.0079,0.011,0.0018,6,0,56000,28,0,0.041
C-02481,0.1214,0.0,0.0,-0.0014,0.5294,0,0.0055,0.011,0.0018,0.7,1,70000,30,0,0.027
C-02482,0.1277,0.0,0.0,0.0409,0.0833,0,0.002,0.011,0.0018,1.8,0,235000,38,0,0.049
C-02483,0.0718,0.0,0.0,-0.0528,0.7669,0,0.0272,0.00881,-0.00039,0.3,1,1135000,52,0,0.088
C-02484,0.1551,0.5701,0.0884,-0.0959,0.5701,0,0.0075,0.01031,0.00111,4.9,0,345000,55,0,0.071
C-02485,0.115,0.0,0.0,0.4372,0.3846,0,0.0533,0.011,0.0018,0.6,0,56500,36,1,0.227
C-02486,0.1232,0.0,0.0,-0.0436,0.4231,0,0.0022,0.011,0.0018,3.5,0,105500,39,0,0.006
C-02487,0.0532,0.0,0.0,-0.0444,0.6154,0,0.0426,0.00889,-0.00031,14.4,0,1100500,71,0,0.082
C-02488,0.0659,0.0,0.0,-0.0659,0.4348,1,-0.0053,0.011,0.0018,1.7,0,174500,51,0,0.064
C-02489,0.0708,0.0,0.0,-0.0523,0.1957,0,-0.0121,0.01042,0.00122,5.7,1,325000,49,0,0.079
C-02490,0.1677,0.0,0.0,-0.1287,0.25,0,-0.0084,0.00957,0.00037,4.5,1,584500,42,0,0.064
C-02491,0.0597,0.0,0.0,-0.0271,0.0,0,-0.0004,0.00924,4e-05,1.2,1,846500,59,0,0.077
C-02492,0.1826,0.0,0.0,-0.1638,0.2791,0,0.0179,0.0092,0.0,7.9,0,892500,63,0,0.0
C-02493,0.0424,0.0,0.0,0.069,0.2812,0,-0.0052,0.01016,0.00096,12.1,1,377000,42,0,0.044
C-02494,0.1882,0.0,0.0,-0.1744,0.1145,0,-0.0053,0.0103,0.0011,7.6,0,348000,55,0,0.034
C-02495,0.1205,0.0,0.0,-0.1205,0.5943,1,0.026,0.00992,0.00072,1.8,0,440000,45,0,0.018
C-02496,0.0326,0.0,0.0,0.0457,1.0,0,0.007,0.011,0.0018,8.7,0,138000,31,0,0.064
C-02497,0.2962,0.7403,0.2192,-0.2962,0.5974,1,0.0534,0.011,0.0018,7.3,0,130000,43,0,0.09
C-02498,0.1628,0.0,0.0,-0.0512,0.7551,0,-0.0128,0.011,0.0018,3,0,150500,25,0,0.0
C-02499,0.1348,0.0,0.0,-0.0329,0.2603,0,-0.0189,0.00965,0.00045,7.7,0,541500,39,0,0.087
C-02500,0.0851,0.0,0.0,-0.0681,0.4167,0,0.0332,0.011,0.0018,15.8,0,211500,38,1,0.317
C-02501,0.0342,0.0,0.0,-0.0288,0.459,0,0.001,0.0092,0.0,9.0,0,891500,66,0,0.025
C-02502,0.1653,0.0,0.0,-0.1246,0.5779,0,0.0185,0.00929,9e-05,1.4,0,795500,52,0,0.064
C-02503,0.0919,0.0,0.0,-0.0251,0.4545,0,0.0047,0.011,0.0018,12.1,0,179500,39,0,0.037
C-02504,0.1541,0.0,0.0,-0.1541,0.0,1,0.0084,0.00933,0.00013,1.7,0,756000,72,0,0.114
C-02505,0.1684,0.5,0.0842,0.1095,0.625,0,0.0076,0.011,0.0018,15.4,0,47500,71,0,0.088
C-02506,0.0789,0.0,0.0,-0.0789,0.8333,1,0.0347,0.011,0.0018,4,0,228000,26,0,0.029
C-02507,0.1064,0.0,0.0,-0.0298,0.9,0,-0.0153,0.011,0.0018,1.0,0,47000,25,0,0.009
C-02508,0.1704,0.4098,0.0698,0.024,0.9344,0,0.0,0.011,0.0018,8.9,0,179000,51,0,0.037
C-02509,0.1519,0.0,0.0,-0.1519,0.4364,1,0.0098,0.011,0.0018,6.2,1,181000,67,0,0.048
C-02510,0.2876,0.6591,0.1895,-0.2876,0.9545,1,0.035,0.011,0.0018,3.0,1,229500,65,1,0.727
C-02511,0.0968,0.0,0.0,-0.0968,0.7955,1,0.0039,0.00692,-0.00228,3.1,1,3713500,44,0,0.049
C-02512,0.2198,0.0,0.0,-0.1578,0.3333,0,0.0317,0.011,0.0018,4.2,0,116000,71,0,0.042
C-02513,0.0821,0.0,0.0,0.0226,0.0938,0,0.0051,0.011,0.0018,1.7,0,195000,49,0,0.028
C-02514,0.1684,0.5,0.0842,-0.1179,0.75,0,0.0014,0.011,0.0018,0.3,0,47500,28,0,0.04
C-02515,0.1969,0.32,0.063,0.0488,0.24,0,0.0009,0.011,0.0018,0.3,1,127000,42,1,0.414
C-02516,0.154,0.0,0.0,-0.154,0.5082,1,0.0479,0.00699,-0.00221,7.5,1,3572500,56,0,0.042
C-02517,0.2182,0.2992,0.0653,-0.1811,0.7795,0,0.0113,0.01065,0.00145,4.8,0,291000,65,0,0.003
C-02518,0.1252,0.0,0.0,-0.1067,0.5848,0,0.0085,0.00887,-0.00033,1.9,1,1106500,65,0,0.0
C-02519,0.0917,0.0,0.0,-0.0917,0.0,1,0.009,0.00809,-0.00111,5.1,0,1653000,52,0,0.018
C-02520,0.0613,0.0,0.0,0.0668,0.0,0,-0.008,0.01097,0.00177,0.9,0,253000,61,0,0.028
C-02521,0.2482,0.4853,0.1204,-0.2482,0.7304,1,0.0298,0.01002,0.00082,4.1,0,411000,45,0,0.0
C-02522,0.0306,0.0,0.0,-0.0306,0.6667,1,-0.0025,0.011,0.0018,2.4,0,49000,44,0,0.0
C-02523,0.2283,0.2067,0.0472,-0.2283,0.4167,1,0.0403,0.00945,0.00025,0.3,0,657000,66,0,0.057
C-02524,0.1336,0.0,0.0,-0.112,0.0355,0,0.0064,0.00899,-0.00021,0.3,1,1055500,53,0,0.034
C-02525,0.0626,0.0,0.0,-0.0566,0.0,0,-0.0116,0.00928,8e-05,4.5,0,799000,74,0,0.015
C-02526,0.1736,0.0,0.0,-0.1397,0.4403,0,0.0505,0.00986,0.00066,5.2,0,458000,42,0,0.032
C-02527,0.2282,0.7114,0.1623,-0.2282,0.7852,1,0.0537,0.01041,0.00121,6,0,326500,28,0,0.011
C-02528,0.1846,0.0,0.0,-0.1349,0.5843,0,0.0119,0.011,0.0018,3.9,1,241000,74,0,0.054
C-02529,0.1938,0.7258,0.1406,-0.1938,0.2903,1,0.0397,0.011,0.0018,9.2,0,160000,37,1,0.571
C-02530,0.159,0.4909,0.078,-0.0965,0.1273,0,0.0013,0.01031,0.00111,9.1,0,346000,41,0,0.055
C-02531,0.1618,0.0,0.0,-0.0776,0.4217,0,0.0085,0.01094,0.00174,2.8,0,256500,35,0,0.054
C-02532,0.0779,0.0,0.0,0.0992,0.3158,0,-0.0055,0.011,0.0018,1.5,0,122000,38,0,0.076
C-02533,0.2032,0.3725,0.0757,0.055,0.3137,0,0.0027,0.011,0.0018,0.8,0,125500,32,0,0.076
C-02534,0.136,0.0,0.0,-0.136,0.3548,1,0.0008,0.011,0.0018,3.3,0,228000,35,0,0.028
C-02535,0.2573,0.7595,0.1954,-0.2573,0.5696,1,0.0457,0.011,0.0018,0.4,0,153500,55,1,0.745
C-02536,0.1839,0.4596,0.0845,-0.1674,0.2671,0,0.0331,0.00921,1e-05,11.7,0,875500,68,1,0.54
C-02537,0.1341,0.0,0.0,-0.1142,0.7654,0,0.0178,0.01057,0.00137,11.0,1,302000,65,0,0.039
C-02538,0.0493,0.0,0.0,-0.0493,0.1212,1,0.0388,0.01037,0.00117,6.3,0,334500,54,0,0.062
C-02539,0.0638,0.0,0.0,0.0638,0.3333,0,-0.0132,0.011,0.0018,7.5,1,47000,45,0,0.066
C-02540,0.1596,0.0,0.0,-0.1596,0.2667,1,0.0071,0.011,0.0018,1.1,0,47000,50,0,0.072
C-02541,0.0207,0.0,0.0,-0.0049,0.6,0,0.0327,0.00778,-0.00142,8.1,0,2058000,44,0,0.009
C-02542,0.2612,0.3857,0.1007,-0.2612,0.2857,1,0.003,0.011,0.0018,2.7,1,134000,29,1,0.227
C-02543,0.087,0.0,0.0,-0.0733,0.5443,0,0.0012,0.008,-0.0012,8.9,1,1752500,52,0,0.0
C-02544,0.0838,0.0,0.0,-0.0637,0.0,0,-0.0042,0.011,0.0018,1.9,0,179000,74,0,0.061
C-02545,0.1247,0.0,0.0,-0.1247,0.2889,1,0.0548,0.011,0.0018,8.2,0,180500,55,0,0.026
C-02546,0.1016,0.0,0.0,-0.0962,0.171,0,0.0164,0.00573,-0.00347,3.9,1,9756000,58,0,0.0
C-02547,0.1193,0.0,0.0,-0.1193,0.3529,1,0.0115,0.011,0.0018,0.8,0,142500,34,0,0.077
C-02548,0.2392,0.2473,0.0591,-0.2329,0.3132,0,-0.0029,0.00932,0.00012,23.6,0,761000,57,0,0.08
C-02549,0.0708,0.4412,0.0312,0.0692,0.4706,0,-0.0068,0.011,0.0018,1.5,0,240000,32,0,0.038
C-02550,0.0771,0.0,0.0,0.0088,0.5714,0,-0.006,0.011,0.0018,7.7,0,181500,71,0,0.03
C-02551,0.1232,0.0,0.0,-0.042,0.3333,0,-0.0085,0.011,0.0018,4.1,1,207000,53,0,0.065
C-02552,0.0383,0.0,0.0,-0.0383,0.5714,1,0.0149,0.011,0.0018,4.6,1,91500,38,0,0.075
C-02553,0.5354,0.6618,0.3543,-0.4315,0.5074,0,0.0377,0.011,0.0018,8.7,1,127000,35,1,0.371
C-02554,0.2078,0.0,0.0,-0.1928,0.2261,0,0.0134,0.00915,-5e-05,19.8,1,957500,47,0,0.047
C-02555,0.1268,0.0,0.0,-0.1268,0.1667,1,0.0072,0.011,0.0018,0.7,1,71000,44,0,0.079
C-02556,0.3109,0.7167,0.2228,-0.2197,0.6333,0,0.0534,0.011,0.0018,5.2,0,96500,32,1,0.324
C-02557,0.1521,0.0,0.0,-0.1078,0.2727,0,-0.0052,0.011,0.0018,0.6,0,108500,25,0,0.054
C-02558,0.1242,0.0,0.0,-0.0906,0.5484,0,-0.0015,0.011,0.0018,0.3,1,249500,70,0,0.038
C-02559,0.1955,0.2442,0.0477,-0.1818,0.5612,0,-0.0082,0.00709,-0.00211,8.6,0,3403500,60,0,0.042
C-02560,0.1293,0.0,0.0,-0.1132,0.1387,0,0.0143,0.00943,0.00023,0.3,0,669000,56,0,0.047
C-02561,0.0511,0.0,0.0,-0.0069,0.72,0,-0.0235,0.00978,0.00058,9.6,1,489500,54,0,0.052
C-02562,0.0995,0.4048,0.0403,0.0085,0.6905,0,-0.0058,0.011,0.0018,0.6,0,211000,53,0,0.03
C-02563,0.1959,0.0,0.0,-0.1926,0.7447,0,0.0097,0.00572,-0.00348,5.9,1,9899500,64,0,0.076
C-02564,0.206,0.418,0.0861,-0.1364,0.6562,0,0.0044,0.00951,0.00031,0.3,1,621500,47,1,0.273
C-02565,0.1381,0.0,0.0,0.0226,0.6364,0,0.0138,0.011,0.0018,4.3,0,119500,44,1,0.169
C-02566,0.055,0.0,0.0,-0.0162,0.5882,0,0.0145,0.011,0.0018,12.7,0,154500,75,0,0.087
C-02567,0.1527,0.0,0.0,-0.1444,0.1805,0,0.0025,0.00922,2e-05,11,1,871000,33,0,0.024
C-02568,0.0726,0.0,0.0,-0.0649,0.1706,0,0.0232,0.00762,-0.00158,5.1,0,2341000,60,0,0.078
C-02569,0.1339,0.0,0.0,-0.1319,0.6613,0,0.0305,0.00738,-0.00182,4.3,0,2987500,59,0,0.066
C-02570,0.2098,0.3151,0.0661,0.004,0.2192,0,0.0105,0.011,0.0018,2.9,1,174000,55,0,0.023
C-02571,0.1815,0.2459,0.0446,-0.153,0.3279,0,-0.0037,0.011,0.0018,10.3,0,168000,73,1,0.365
C-02572,0.0609,0.0,0.0,-0.023,0.0,0,-0.0099,0.011,0.0018,4.4,1,221500,29,0,0.056
C-02573,0.1211,0.5248,0.0635,-0.1211,0.5621,1,0.0031,0.00847,-0.00073,6.7,1,1330000,36,0,0.029
C-02574,0.1933,0.0,0.0,0.0387,0.6882,0,0.0085,0.0098,0.0006,0.3,0,481000,43,0,0.002
C-02575,0.247,0.6074,0.15,-0.2397,1.0,0,0.0142,0.01039,0.00119,0.7,1,330000,75,1,0.656
C-02576,0.4449,0.4956,0.2205,-0.4449,0.9027,1,0.0327,0.011,0.0018,1.5,0,127000,39,1,0.323
C-02577,0.0902,0.0,0.0,-0.0665,0.3333,0,-0.0079,0.00909,-0.00011,3.0,0,1014500,59,0,0.065
C-02578,0.098,0.0,0.0,-0.098,0.5942,1,-0.0111,0.01028,0.00108,3.3,0,352000,67,0,0.047
C-02579,0.1809,0.5,0.0904,-0.1426,0.5,0,0.0275,0.011,0.0018,9.0,0,188000,71,0,0.047
C-02580,0.1474,0.0,0.0,-0.1159,0.3259,0,-0.0053,0.00986,0.00066,0.7,1,458000,34,0,0.003
C-02581,0.2134,0.2584,0.0552,-0.1731,0.5056,0,0.0158,0.011,0.0018,2.6,1,208500,44,0,0.005
C-02582,0.1148,0.0,0.0,-0.0623,0.2381,0,-0.004,0.011,0.0018,10.6,0,91500,62,0,0.053
C-02583,0.0685,0.0,0.0,-0.0008,0.2706,0,-0.0005,0.00951,0.00031,1.5,0,620500,43,0,0.007
C-02584,0.154,0.0,0.0,-0.154,0.4888,1,0.0066,0.00958,0.00038,0.7,1,578000,39,0,0.053
C-02585,0.1299,0.0,0.0,-0.1299,0.3429,1,0.0152,0.01082,0.00162,1.4,0,269500,73,1,0.316
C-02586,0.1901,0.2174,0.0413,0.0083,0.3913,0,-0.0019,0.011,0.0018,10,0,60500,32,0,0.048
C-02587,0.2651,0.4177,0.1107,-0.2651,0.3291,1,0.0065,0.011,0.0018,18,0,149000,40,1,0.418
C-02588,0.1035,0.0,0.0,0.0494,0.6154,0,0.0003,0.01049,0.00129,13.0,0,314000,49,0,0.073
C-02589,0.1099,0.0,0.0,-0.1099,0.5,1,-0.0039,0.011,0.0018,10.9,0,182000,38,0,0.04
C-02590,0.0578,0.0,0.0,-0.0578,0.35,1,0.0319,0.011,0.0018,7,0,173000,29,0,0.069
C-02591,0.1287,0.0,0.0,-0.0835,0.2241,0,0.002,0.00989,0.00069,8.0,1,450500,52,0,0.025
C-02592,0.1146,0.0,0.0,0.1604,0.7273,0,0.0202,0.011,0.0018,0.4,0,48000,36,0,0.058
C-02593,0.1421,0.0,0.0,-0.1421,0.4231,1,-0.0107,0.011,0.0018,7.3,0,91500,65,0,0.008
C-02594,0.1597,0.0,0.0,-0.1516,0.3638,0,0.0175,0.00797,-0.00123,3.4,0,1781500,74,0,0.034
C-02595,0.1067,0.0,0.0,-0.0979,0.4549,0,0.0261,0.0089,-0.0003,2.9,0,1092000,47,0,0.034
C-02596,0.2774,0.6484,0.1799,-0.2774,0.1978,1,0.0531,0.011,0.0018,4.8,0,164000,65,0,0.0
C-02597,0.1107,0.0,0.0,0.0431,0.8316,0,-0.0159,0.00996,0.00076,0.7,1,429000,38,0,0.036
C-02598,0.1147,0.56,0.0642,0.0835,0.12,0,0.018,0.011,0.0018,11.2,0,109000,58,0,0.006
C-02599,0.1581,0.0,0.0,-0.1581,0.4595,1,-0.0147,0.011,0.0018,0.9,0,117000,57,0,0.051
C-02600,0.0582,0.0,0.0,-0.0582,0.4545,1,0.045,0.011,0.0018,9.4,0,94500,66,0,0.026
C-02601,0.4394,0.6724,0.2955,-0.4394,0.3966,1,0.0488,0.011,0.0018,11.9,0,132000,63,1,0.617
C-02602,0.1064,0.0,0.0,0.0016,0.8385,0,0.0029,0.00952,0.00032,0.3,0,611000,51,1,0.312
C-02603,0.1175,0.0,0.0,-0.0452,0.0,0,0.0078,0.011,0.0018,4.7,0,166000,71,0,0.012
C-02604,0.0532,0.0,0.0,-0.0135,0.3333,0,-0.0014,0.00998,0.00078,2.2,0,423000,53,0,0.031
C-02605,0.125,0.0,0.0,-0.0196,0.6757,0,0.0503,0.011,0.0018,4.9,1,148000,39,1,0.343
C-02606,0.0991,0.0,0.0,0.0212,0.3908,0,0.0016,0.00992,0.00072,25.0,1,439000,58,0,0.041
C-02607,0.0696,0.0,0.0,-0.0696,0.0,1,-0.0209,0.00831,-0.00089,4.1,1,1451000,61,0,0.055
C-02608,0.1593,0.0,0.0,-0.1171,0.2331,0,0.0012,0.00972,0.00052,11.5,0,511500,63,0,0.018
C-02609,0.2099,0.0,0.0,-0.2058,0.762,0,0.0027,0.00702,-0.00218,4.5,0,3532500,44,0,0.039
C-02610,0.0727,0.0,0.0,-0.031,0.2283,0,0.008,0.00949,0.00029,12.5,1,632500,36,1,0.072
C-02611,0.2168,0.0,0.0,-0.1743,0.551,0,-0.0057,0.011,0.0018,4.5,0,113000,75,1,0.358
C-02612,0.2357,0.4062,0.0958,-0.0722,0.0,0,0.0153,0.0108,0.0016,1.9,0,271500,54,0,0.037
C-02613,0.0649,0.0,0.0,-0.0344,0.6087,0,0.014,0.01026,0.00106,21.1,1,354500,70,0,0.035
C-02614,0.1322,0.0,0.0,0.1023,0.5217,0,-0.0118,0.011,0.0018,3.5,0,87000,28,0,0.061
C-02615,0.1857,0.0,0.0,-0.1249,0.9545,0,0.0111,0.011,0.0018,9.5,0,118500,32,0,0.024
C-02616,0.1188,0.0,0.0,-0.1018,0.6915,0,0.0134,0.00924,4e-05,2.4,0,846000,71,0,0.021
C-02617,0.1837,0.0,0.0,-0.1347,0.4815,0,0.0306,0.011,0.0018,0.9,0,73500,25,0,0.0
C-02618,0.17,0.0,0.0,-0.1558,0.207,0,0.01,0.00765,-0.00155,6.9,1,2273000,53,0,0.019
C-02619,0.0922,0.0,0.0,-0.0627,0.5333,0,0.0028,0.01042,0.00122,1.5,1,325500,74,0,0.007
C-02620,0.1157,0.0,0.0,-0.0829,0.2285,0,0.0163,0.00799,-0.00121,2.9,0,1759500,39,0,0.03
C-02621,0.1208,0.0,0.0,-0.0906,0.0,0,0.032,0.01007,0.00087,4.5,0,397500,46,0,0.037
C-02622,0.2159,0.0,0.0,-0.2063,0.6075,0,-0.0078,0.00976,0.00056,4.6,1,495500,67,0,0.088
C-02623,0.1108,0.0,0.0,-0.0424,0.0714,0,0.0059,0.01048,0.00128,1.3,0,316000,46,0,0.029
C-02624,0.0454,0.0,0.0,0.0168,0.0,0,-0.0193,0.011,0.0018,5.7,0,231500,51,0,0.014
C-02625,0.1693,0.1544,0.0261,-0.1693,0.4907,1,0.0372,0.00576,-0.00344,4.9,0,9394000,64,0,0.035
C-02626,0.0647,0.0,0.0,-0.0314,0.7714,0,0.0522,0.01081,0.00161,1.1,1,270500,72,0,0.067
C-02627,0.1345,0.0,0.0,-0.1037,0.0,0,-0.0005,0.00983,0.00063,2.1,0,468500,33,0,0.067
C-02628,0.113,0.0,0.0,-0.0922,0.7308,0,-0.0017,0.011,0.0018,0.7,0,230000,67,0,0.049
C-02629,0.1372,0.0,0.0,-0.1263,0.2103,0,0.0074,0.00666,-0.00254,0.5,0,4297000,59,0,0.05
C-02630,0.0892,0.0,0.0,-0.0794,0.3616,0,0.012,0.00724,-0.00196,0.4,0,3177500,43,0,0.05
C-02631,0.0756,0.0,0.0,-0.0721,0.783,0,-0.0119,0.00676,-0.00244,2.0,0,4052000,58,0,0.066
C-02632,0.1662,0.0,0.0,-0.1487,0.3421,0,0.0042,0.01032,0.00112,7.3,1,343000,64,0,0.078
C-02633,0.1079,0.0,0.0,-0.1015,0.0,0,0.0013,0.00778,-0.00142,10.5,1,2057500,57,0,0.084
C-02634,0.126,0.0,0.0,-0.0963,0.4754,0,0.0064,0.011,0.0018,6.8,1,242000,74,0,0.007
C-02635,0.0521,0.0,0.0,0.2479,1.0,0,0.0019,0.011,0.0018,1.0,1,48000,34,0,0.047
C-02636,0.1218,0.0,0.0,-0.0122,0.5417,0,0.027,0.011,0.0018,3,0,98500,25,0,0.042
C-02637,0.1859,0.1717,0.0319,-0.062,0.3535,0,-0.0162,0.00967,0.00047,2.8,1,532500,40,0,0.067
C-02638,0.2021,0.0,0.0,0.3596,0.4737,0,-0.0052,0.011,0.0018,1.6,1,47000,25,1,0.426
C-02639,0.193,0.0,0.0,-0.1323,0.7377,0,0.0256,0.011,0.0018,2.9,0,158000,49,0,0.064
C-02640,0.1569,0.0,0.0,-0.1569,0.3721,1,-0.0068,0.011,0.0018,1.0,0,137000,39,0,0.014
C-02641,0.0326,0.0,0.0,-0.0326,0.4333,1,0.0355,0.00986,0.00066,3.8,0,459500,66,0,0.063
C-02642,0.1068,0.0,0.0,-0.0818,0.7561,0,0.0103,0.011,0.0018,2.1,0,192000,45,0,0.0
C-02643,0.0549,0.0,0.0,-0.0549,0.0,1,0.0054,0.011,0.0018,1.8,0,164000,49,0,0.0
C-02644,0.0992,0.0,0.0,0.2244,0.9231,0,-0.0103,0.011,0.0018,4.9,0,196500,68,0,0.072
C-02645,0.1699,0.4972,0.0845,-0.1192,1.0,0,0.0315,0.0097,0.0005,20,0,521000,42,0,0.022
C-02646,0.043,0.0,0.0,-0.0064,0.0,0,0.0042,0.00937,0.00017,1.2,0,720500,43,0,0.068
C-02647,0.0259,0.0,0.0,-0.0234,0.4531,0,-0.0011,0.00756,-0.00164,0.7,0,2475000,73,0,0.0
C-02648,0.1345,0.2299,0.0309,-0.1048,0.5977,0,-0.0108,0.01043,0.00123,0.6,0,323500,53,0,0.0
C-02649,0.1018,0.0,0.0,-0.0731,1.0,0,-0.004,0.011,0.0018,5.9,0,250500,36,0,0.047
C-02650,0.0778,0.0,0.0,-0.0539,0.3605,0,-0.0158,0.00887,-0.00033,0.3,1,1105500,42,0,0.032
C-02651,0.0756,0.5294,0.04,-0.0009,0.5294,0,-0.0275,0.011,0.0018,6.2,0,112500,35,0,0.034
C-02652,0.1684,0.0,0.0,-0.0926,0.6875,0,0.0526,0.011,0.0018,7,0,47500,29,0,0.0
C-02653,0.211,0.0,0.0,-0.211,0.3673,1,0.0113,0.00985,0.00065,0.3,0,464500,47,0,0.029
C-02654,0.0482,0.0,0.0,0.0858,0.0,0,0.0109,0.011,0.0018,0.5,0,197000,57,0,0.101
C-02655,0.204,0.0,0.0,-0.204,0.6657,1,0.0342,0.00923,3e-05,5,0,850500,27,0,0.043
C-02656,0.2266,0.2529,0.0573,-0.1972,0.0969,0,-0.0011,0.00845,-0.00075,6.1,1,1343500,51,0,0.019
C-02657,0.1023,0.0,0.0,-0.0614,0.5556,0,0.0019,0.011,0.0018,13,0,88000,35,0,0.0
C-02658,0.1258,0.0,0.0,-0.1258,0.0884,1,0.0008,0.00667,-0.00253,10.1,0,4271000,61,0,0.07
C-02659,0.108,0.0,0.0,-0.0504,0.5556,0,0.0128,0.011,0.0018,0.5,0,125000,60,0,0.047
C-02660,0.0978,0.0,0.0,-0.0978,1.0,1,0.041,0.011,0.0018,4.4,0,46000,40,0,0.011
C-02661,0.1125,0.0,0.0,-0.1034,0.6067,0,0.0053,0.01008,0.00088,10.2,0,395500,43,0,0.02
C-02662,0.0877,0.0,0.0,0.0055,0.4672,0,0.001,0.0094,0.0002,18.9,0,695500,62,0,0.056
C-02663,0.1498,0.0,0.0,-0.1498,0.3871,1,-0.0113,0.011,0.0018,9.2,1,103500,52,1,0.304
C-02664,0.0802,0.0,0.0,-0.0802,0.8,1,-0.0151,0.011,0.0018,1.4,1,93500,28,0,0.0
C-02665,0.0412,0.0,0.0,-0.0321,0.0,0,-0.0043,0.00929,9e-05,0.8,0,788500,55,0,0.095
C-02666,0.1542,0.0,0.0,-0.1542,0.2568,1,-0.0006,0.011,0.0018,9.8,0,240000,33,0,0.031
C-02667,0.237,0.6323,0.1498,-0.2321,0.1581,0,0.0345,0.00952,0.00032,7.8,1,614000,72,1,0.768
C-02668,0.2101,0.86,0.1807,-0.1395,0.72,0,0.0254,0.011,0.0018,5.0,0,119000,28,0,0.021
C-02669,0.1292,0.0,0.0,-0.0483,0.2174,0,0.0331,0.011,0.0018,7.2,0,89000,32,0,0.013
C-02670,0.046,0.0,0.0,-0.046,0.0,1,0.0462,0.0079,-0.0013,4.8,0,1870500,70,0,0.021
C-02671,0.0418,0.0,0.0,-0.0418,0.0,1,-0.0049,0.00788,-0.00132,7.9,0,1900500,63,0,0.021
C-02672,0.1783,0.0,0.0,-0.156,0.3173,0,-0.0065,0.00775,-0.00145,7.4,0,2103500,61,0,0.059
C-02673,0.1091,0.0,0.0,-0.0974,0.2417,0,-0.0092,0.00809,-0.00111,2.7,0,1650500,71,0,0.032
C-02674,0.0903,0.0,0.0,0.031,0.8,0,-0.0047,0.011,0.0018,1.6,0,138500,62,0,0.071
C-02675,0.1959,0.0,0.0,-0.1513,0.4,0,-0.0159,0.011,0.0018,0.4,0,242500,58,1,0.104
C-02676,0.2451,0.36,0.0882,0.0373,0.46,0,0.0069,0.011,0.0018,2.6,0,102000,34,0,0.092
C-02677,0.188,0.0,0.0,-0.1834,0.3953,0,0.0026,0.00574,-0.00346,0.4,1,9661500,61,0,0.038
C-02678,0.0889,0.0,0.0,-0.0889,0.0,1,0.0261,0.011,0.0018,0.8,0,135000,61,0,0.047
C-02679,0.1988,0.0,0.0,-0.1458,0.2941,0,0.0378,0.01094,0.00174,4,0,256500,26,0,0.043
C-02680,0.1421,0.1566,0.0223,-0.1421,0.0,1,0.0322,0.01064,0.00144,15.4,0,292000,52,0,0.048
C-02681,0.1345,0.0,0.0,-0.1345,0.6486,1,0.0285,0.011,0.0018,7.8,0,137500,72,0,0.0
C-02682,0.1951,0.0,0.0,-0.1951,0.5827,1,0.0256,0.01042,0.00122,20.3,0,325500,74,0,0.071
C-02683,0.3125,0.6333,0.1979,-0.3125,0.0667,1,0.0434,0.011,0.0018,2.7,1,48000,71,1,0.715
C-02684,0.1098,0.5404,0.0593,-0.0982,0.5404,0,0.0108,0.00862,-0.00058,3.8,0,1238500,53,0,0.078
C-02685,0.1949,0.0,0.0,-0.1742,0.5718,0,0.0001,0.00791,-0.00129,0.3,0,1857500,51,0,0.057
C-02686,0.0412,0.0,0.0,0.0576,0.0,0,0.0109,0.011,0.0018,4.6,0,121500,29,0,0.087
C-02687,0.1129,0.0,0.0,-0.1031,0.8313,0,0.0015,0.0102,0.001,0.5,1,367500,26,0,0.062
C-02688,0.2075,0.4655,0.0966,-0.1732,0.0,0,0.0278,0.01074,0.00154,2.5,0,279500,60,0,0.078
C-02689,0.375,0.8642,0.3241,-0.375,0.9259,1,0.0534,0.011,0.0018,3.7,1,108000,68,1,0.914
C-02690,0.0863,0.392,0.0338,-0.0763,0.304,0,-0.0095,0.00936,0.00016,12.0,0,724500,70,0,0.016
C-02691,0.1203,0.0,0.0,0.0782,0.625,0,-0.0115,0.011,0.0018,2.2,1,66500,42,0,0.059
C-02692,0.1382,0.3816,0.0527,-0.0465,0.6184,0,-0.0141,0.01077,0.00157,0.7,0,275000,55,0,0.022
C-02693,0.0999,0.6038,0.0603,-0.0637,0.9245,0,-0.0028,0.00929,9e-05,19.7,1,795500,46,0,0.0
C-02694,0.1061,0.0,0.0,-0.0537,0.8382,0,0.0069,0.01045,0.00125,4.2,0,320500,73,0,0.003
C-02695,0.1095,0.0,0.0,-0.0692,0.0,0,0.0082,0.00973,0.00053,5.3,0,507000,50,0,0.046
C-02696,0.0835,0.0,0.0,-0.0835,0.6667,1,0.0031,0.011,0.0018,3,0,233500,25,0,0.088
C-02697,0.0992,0.0,0.0,-0.023,0.24,0,-0.0017,0.011,0.0018,2.1,0,126000,26,0,0.0
C-02698,0.1073,0.0,0.0,-0.0531,0.3684,0,-0.0247,0.011,0.0018,0.3,0,88500,67,0,0.071
C-02699,0.1706,0.0,0.0,-0.0724,0.24,0,-0.0121,0.011,0.0018,0.3,0,146500,27,0,0.048
C-02700,0.106,0.0,0.0,-0.0962,0.2656,0,0.0036,0.00783,-0.00137,7.6,0,1972000,73,0,0.092
C-02701,0.074,0.0,0.0,-0.074,0.6759,1,0.0185,0.00936,0.00016,3.9,0,729500,54,0,0.024
C-02702,0.1841,0.0,0.0,-0.1005,0.2162,0,-0.0158,0.011,0.0018,8.8,0,100500,56,0,0.049
C-02703,0.1597,0.0,0.0,-0.1597,0.6087,1,0.0125,0.011,0.0018,0.3,1,72000,73,0,0.078
C-02704,0.0497,0.0,0.0,0.0064,0.0,0,-0.0086,0.011,0.0018,0.6,0,171000,39,0,0.007
C-02705,0.0407,0.0,0.0,0.0218,0.0,0,-0.0013,0.01054,0.00134,5.0,0,307000,52,0,0.024
C-02706,0.0628,0.0,0.0,-0.028,0.8462,0,0.0006,0.011,0.0018,2.1,1,103500,66,0,0.091
C-02707,0.1851,0.4667,0.0864,-0.1347,0.8133,0,0.0254,0.00927,7e-05,1.9,0,810500,44,0,0.012
C-02708,0.0543,0.0,0.0,-0.0205,0.0,0,0.0075,0.00934,0.00014,13.8,0,745500,47,0,0.056
C-02709,0.0871,0.0,0.0,-0.0726,0.0,0,0.0017,0.00782,-0.00138,15.6,1,1986000,47,0,0.01
C-02710,0.1842,0.0,0.0,-0.1556,0.3226,0,-0.0036,0.01098,0.00178,5.1,0,252500,66,0,0.029
C-02711,0.0447,0.0,0.0,-0.042,0.3034,0,0.0316,0.00679,-0.00241,8.0,0,3978000,62,0,0.05
C-02712,0.1067,0.0,0.0,-0.1021,0.0816,0,-0.0019,0.00849,-0.00071,0.3,0,1322000,70,0,0.07
C-02713,0.1032,0.0,0.0,-0.0807,1.0,0,0.0004,0.0098,0.0006,8.3,0,479500,44,0,0.017
C-02714,0.1352,0.0,0.0,-0.1352,0.0809,1,0.044,0.00974,0.00054,2.8,1,503000,43,0,0.011
C-02715,0.0808,0.0,0.0,0.0889,1.0,0,0.0022,0.011,0.0018,3.4,1,49500,29,1,0.178
C-02716,0.0532,0.0,0.0,-0.0402,0.35,0,0.0335,0.00933,0.00013,1.5,1,751500,69,1,0.091
C-02717,0.1483,0.0,0.0,-0.1439,0.32,0,0.0124,0.00716,-0.00204,14.0,1,3297000,59,0,0.02
C-02718,0.1736,0.0,0.0,-0.1445,0.3953,0,0.0084,0.00976,0.00056,5.9,0,495500,51,0,0.055
C-02719,0.061,0.0,0.0,-0.061,0.7318,1,0.0358,0.00705,-0.00215,3.8,0,3481500,73,0,0.058
C-02720,0.1461,0.0,0.0,-0.1061,0.4857,0,-0.0137,0.011,0.0018,0.3,0,239500,28,0,0.033
C-02721,0.0373,0.0,0.0,-0.0373,0.8148,1,0.0006,0.01023,0.00103,4.1,0,362000,50,0,0.056
C-02722,0.0948,0.0,0.0,-0.022,0.38,0,-0.0147,0.00968,0.00048,0.3,0,527500,62,0,0.042
C-02723,0.2349,0.1286,0.0302,-0.1544,0.8714,0,-0.0056,0.0106,0.0014,2.5,0,298000,74,0,0.058
C-02724,0.0745,0.0,0.0,-0.0745,0.4286,1,-0.0146,0.011,0.0018,8.5,0,47000,32,0,0.021
C-02725,0.2405,0.3192,0.0768,-0.2094,0.6346,0,-0.0007,0.00966,0.00046,6.7,1,540500,73,0,0.024
C-02726,0.0965,0.0,0.0,-0.0333,0.2727,0,-0.0007,0.011,0.0018,5.3,0,57000,34,0,0.043
C-02727,0.0376,0.0,0.0,-0.034,1.0,0,0.0287,0.00914,-6e-05,5.0,0,983500,67,0,0.073
C-02728,0.1074,0.0,0.0,-0.0864,0.4188,0,0.0023,0.00934,0.00014,0.9,0,745000,50,0,0.084
C-02729,0.2177,0.1111,0.0242,0.0145,0.2593,0,0.051,0.011,0.0018,2.3,0,62000,54,1,0.05
C-02730,0.1359,0.0,0.0,-0.0188,0.4615,0,0.0079,0.011,0.0018,1.0,0,143500,70,0,0.031
C-02731,0.1234,0.0,0.0,-0.1234,0.3158,1,0.0184,0.011,0.0018,3.4,1,77000,36,0,0.055
C-02732,0.1541,0.3837,0.0591,-0.0939,0.4302,0,0.0017,0.01074,0.00154,4,0,279000,26,0,0.01
C-02733,0.1809,0.0,0.0,-0.1809,0.6,1,0.0453,0.011,0.0018,11,1,193500,33,0,0.026
C-02734,0.0619,0.0,0.0,0.1856,0.1667,0,0.0077,0.011,0.0018,2.3,1,48500,61,0,0.083
C-02735,0.1088,0.0,0.0,-0.1008,0.0,0,0.0406,0.00715,-0.00205,5.7,0,3313500,62,0,0.042
C-02736,0.0766,0.0,0.0,-0.0593,0.3412,0,0.0406,0.00963,0.00043,3.7,0,554500,67,0,0.061
C-02737,0.2231,0.3704,0.0826,-0.0129,0.763,0,-0.0093,0.01057,0.00137,0.6,1,302500,46,0,0.05
C-02738,0.1643,0.0,0.0,-0.1356,0.2114,0,0.0042,0.00799,-0.00121,18.1,0,1756000,55,0,0.016
C-02739,0.0451,0.0,0.0,-0.0156,1.0,0,-0.0152,0.011,0.0018,5.2,0,244000,51,0,0.058
C-02740,0.1031,0.0,0.0,-0.0953,0.3575,0,0.0266,0.00573,-0.00347,1.7,1,9753000,61,0,0.0
C-02741,0.1238,0.5,0.0619,-0.0852,1.0,0,-0.001,0.0095,0.0003,2.2,1,622000,42,0,0.089
C-02742,0.1011,0.0,0.0,-0.0715,0.6098,0,-0.0025,0.01004,0.00084,10.1,0,405500,42,0,0.081
C-02743,0.1538,0.0,0.0,-0.1538,0.2143,1,0.0389,0.011,0.0018,5.1,0,45500,60,0,0.068
C-02744,0.1284,0.0,0.0,-0.0973,0.5505,0,-0.0053,0.00856,-0.00064,5.5,1,1273000,57,0,0.017
C-02745,0.1138,0.0,0.0,-0.1138,0.3158,1,0.0039,0.011,0.0018,1.4,0,83500,40,0,0.029
C-02746,0.0746,0.0,0.0,-0.0746,0.6374,1,0.0533,0.00952,0.00032,2.5,0,610000,61,0,0.027
C-02747,0.1627,0.0,0.0,-0.1221,0.212,0,-0.0056,0.00931,0.00011,9.1,0,768500,60,0,0.025
C-02748,0.1232,0.0,0.0,-0.1211,0.451,0,0.0489,0.00743,-0.00177,2.6,0,2815500,41,1,0.12
C-02749,0.0891,0.0,0.0,-0.0547,0.1491,0,-0.0167,0.00787,-0.00133,4.4,0,1919000,59,0,0.037
C-02750,0.1936,0.1347,0.0261,-0.1503,0.6218,0,-0.0057,0.00975,0.00055,5.2,0,498500,60,0,0.068
C-02751,0.0326,0.0,0.0,-0.0277,1.0,0,0.0286,0.00803,-0.00117,4.1,1,1719500,40,0,0.002
C-02752,0.1916,0.2909,0.0557,-0.1666,1.0,0,0.0316,0.011,0.0018,1.5,0,143500,29,0,0.06
C-02753,0.0765,0.0,0.0,-0.0637,0.3671,0,0.0052,0.0074,-0.0018,7.0,0,2903000,61,0,0.003
C-02754,0.1448,0.4286,0.0621,-0.1448,0.8571,1,-0.0187,0.011,0.0018,1.1,1,72500,29,0,0.025
C-02755,0.1362,0.3139,0.0427,-0.1185,0.0,0,0.0128,0.00593,-0.00327,8.8,0,7684500,39,0,0.017
C-02756,0.1193,0.0,0.0,-0.1193,0.2821,1,0.0123,0.011,0.0018,0.7,0,163500,70,0,0.111
C-02757,0.1127,0.5397,0.0608,-0.1127,0.9365,1,-0.0029,0.01074,0.00154,3.2,1,279500,40,0,0.02
C-02758,0.0752,0.0,0.0,0.0014,0.2424,0,-0.0107,0.011,0.0018,15.6,1,219500,38,0,0.012
C-02759,0.2474,0.1455,0.036,-0.2294,0.6,0,-0.0228,0.01037,0.00117,10.9,0,333500,46,0,0.018
C-02760,0.1389,0.0,0.0,-0.1389,0.58,1,-0.0009,0.01024,0.00104,1.9,0,360000,70,0,0.0
C-02761,0.2175,0.0,0.0,-0.213,0.3107,0,0.0144,0.00721,-0.00199,1.1,0,3219000,68,0,0.046
C-02762,0.122,0.0,0.0,-0.122,0.0,1,0.0214,0.011,0.0018,2.2,1,205000,73,0,0.011
C-02763,0.0376,0.0,0.0,-0.0376,0.4,1,0.0492,0.011,0.0018,11,1,66500,33,1,0.342
C-02764,0.1013,0.0,0.0,-0.0101,0.075,0,-0.0008,0.01008,0.00088,3.8,1,395000,45,0,0.071
C-02765,0.2347,0.3043,0.0714,-0.0878,0.087,0,0.0071,0.011,0.0018,2.8,0,49000,65,0,0.04
C-02766,0.1087,0.0,0.0,-0.1087,1.0,1,0.0428,0.011,0.0018,3.1,0,46000,52,1,0.38
C-02767,0.0514,0.0,0.0,-0.0306,1.0,0,0.0038,0.0078,-0.0014,1.7,0,2025000,60,0,0.0
C-02768,0.1624,0.0,0.0,-0.1558,0.1898,0,-0.0058,0.00892,-0.00028,2.2,0,1086500,70,0,0.0
C-02769,0.1209,0.0,0.0,-0.1021,0.5723,0,0.0023,0.00783,-0.00137,4.5,1,1972500,63,0,0.019
C-02770,0.0914,0.0,0.0,-0.0914,0.381,1,0.0093,0.00941,0.00021,16.0,0,689500,48,0,0.075
C-02771,0.1269,0.0,0.0,-0.0955,0.0,0,-0.0092,0.01083,0.00163,14,0,268000,36,0,0.087
C-02772,0.0645,0.0,0.0,-0.0442,0.2787,0,0.0433,0.00916,-4e-05,5.7,0,946000,53,0,0.033
C-02773,0.1961,0.0,0.0,-0.1961,0.4857,1,0.0311,0.01025,0.00105,3.8,0,357000,32,0,0.04
C-02774,0.1124,0.0,0.0,-0.1073,0.6523,0,0.0194,0.00809,-0.00111,9.5,0,1651000,74,0,0.036
C-02775,0.1565,0.0,0.0,-0.1474,0.5297,0,0.0037,0.0075,-0.0017,1.0,0,2636500,46,0,0.061
C-02776,0.12,0.0,0.0,0.0144,0.3333,0,-0.0095,0.011,0.0018,0.5,0,62500,31,0,0.031
C-02777,0.0493,0.0,0.0,-0.0423,0.0,0,-0.0081,0.00643,-0.00277,2.4,1,4988500,46,0,0.072
C-02778,0.1477,0.0,0.0,-0.0923,0.0,0,-0.0074,0.01042,0.00122,2.9,0,325000,44,0,0.031
C-02779,0.124,0.0,0.0,-0.124,0.45,1,0.014,0.01044,0.00124,0.3,0,322500,52,0,0.051
C-02780,0.1831,0.0,0.0,-0.1324,0.0769,0,-0.0136,0.011,0.0018,2.8,0,71000,72,0,0.054
C-02781,0.1459,0.2008,0.0293,-0.1459,0.5433,1,0.0311,0.00751,-0.00169,0.4,0,2611000,58,1,0.273
C-02782,0.1072,0.0,0.0,-0.1072,0.2826,1,0.0015,0.011,0.0018,9.2,0,214500,46,0,0.006
C-02783,0.0948,0.0,0.0,-0.0948,0.55,1,0.0371,0.011,0.0018,5.2,1,105500,29,0,0.016
C-02784,0.1904,0.2764,0.0526,-0.1904,0.4724,1,-0.0005,0.0097,0.0005,2.7,0,522500,38,1,0.3
C-02785,0.1644,0.0,0.0,-0.109,0.6116,0,0.0072,0.0102,0.001,24.4,0,368000,61,0,0.027
C-02786,0.1714,0.0,0.0,-0.1263,0.8425,0,-0.0097,0.00997,0.00077,15.5,0,426000,63,0,0.011
C-02787,0.2063,0.4937,0.1018,-0.154,0.2278,0,0.0347,0.011,0.0018,0.5,0,191500,26,0,0.036
C-02788,0.1302,0.0,0.0,-0.1097,0.768,0,-0.0014,0.00873,-0.00047,7.5,0,1175500,49,0,0.0
C-02789,0.1238,0.0,0.0,-0.1099,0.56,0,0.013,0.011,0.0018,4.0,1,101000,74,0,0.0
C-02790,0.0722,0.0,0.0,-0.0529,0.9048,0,0.0028,0.00993,0.00073,1.6,0,436500,68,0,0.056
C-02791,0.1235,0.0,0.0,-0.1123,0.4605,0,0.0166,0.00873,-0.00047,2.8,0,1178000,75,0,0.036
C-02792,0.3526,0.5776,0.2036,-0.2948,0.9828,0,0.0473,0.011,0.0018,0.8,0,164500,27,1,0.457
C-02793,0.273,0.486,0.1327,-0.273,0.3738,1,0.0531,0.011,0.0018,4.6,0,196000,32,1,0.415
C-02794,0.0548,0.0,0.0,-0.0548,0.32,1,0.0062,0.011,0.0018,0.6,0,228000,71,0,0.055
C-02795,0.3047,0.7301,0.2224,-0.3047,0.1472,1,0.0342,0.01084,0.00164,10,0,267500,32,1,0.47
C-02796,0.1119,0.0,0.0,-0.0848,0.2584,0,-0.0116,0.01007,0.00087,14,0,397500,36,0,0.036
C-02797,0.1321,0.1892,0.025,0.0136,0.4324,0,0.0036,0.011,0.0018,14,0,140000,36,0,0.0
C-02798,0.0665,0.0,0.0,0.0095,0.2381,0,-0.0147,0.01048,0.00128,2.2,0,316000,48,0,0.025
C-02799,0.1875,0.6111,0.1146,-0.1875,0.1667,1,0.027,0.011,0.0018,7.8,1,48000,66,1,0.643
C-02800,0.1335,0.25,0.0334,-0.1193,0.636,0,-0.001,0.00908,-0.00012,1.3,0,1019000,70,0,0.051
C-02801,0.1121,0.0,0.0,-0.1121,0.0,1,-0.0023,0.011,0.0018,3.4,1,58000,26,1,0.178
C-02802,0.1282,0.0,0.0,-0.0957,0.5865,0,0.0114,0.01004,0.00084,1.5,1,405500,59,0,0.044
C-02803,0.1593,0.0,0.0,-0.1187,0.0,0,0.0004,0.00923,3e-05,0.4,0,857000,55,0,0.044
C-02804,0.2011,0.3608,0.0726,-0.2011,0.2557,1,0.0066,0.00868,-0.00052,4.2,1,1206000,75,0,0.086
C-02805,0.1409,0.0,0.0,-0.079,0.6707,0,-0.0134,0.01065,0.00145,3.6,0,291000,60,0,0.0
C-02806,0.082,0.0,0.0,0.0117,0.0,0,-0.0025,0.011,0.0018,8,0,128000,30,0,0.069
C-02807,0.1064,0.0,0.0,-0.1064,0.0,1,0.0372,0.011,0.0018,2.8,1,47000,39,0,0.086
C-02808,0.1644,0.0,0.0,-0.1147,0.6154,0,0.0015,0.00994,0.00074,1.7,0,435000,51,0,0.03
C-02809,0.041,0.0,0.0,-0.041,0.0,1,0.004,0.011,0.0018,7.3,0,122000,60,0,0.075
C-02810,0.2009,0.3209,0.0645,-0.1829,0.7388,0,-0.0038,0.01037,0.00117,4.2,0,333500,47,0,0.067
C-02811,0.2273,0.4667,0.1061,-0.0273,0.5333,0,0.012,0.011,0.0018,1.5,0,66000,26,1,0.671
C-02812,0.0713,0.0,0.0,-0.0713,0.0,1,-0.0106,0.01044,0.00124,2.9,0,322500,75,0,0.038
C-02813,0.118,0.0,0.0,-0.0211,0.0,0,-0.0052,0.011,0.0018,1.8,1,161000,37,0,0.036
C-02814,0.205,0.6188,0.1268,-0.205,0.1238,1,0.0295,0.00913,-7e-05,4.0,1,985500,38,1,0.708
C-02815,0.0859,0.3929,0.0337,-0.0196,0.3929,0,0.0083,0.011,0.0018,2.1,1,163000,48,1,0.44
C-02816,0.0882,0.0,0.0,-0.0048,0.1212,0,0.0118,0.011,0.0018,7.2,0,187000,42,0,0.046
C-02817,0.1371,0.0,0.0,-0.0891,0.2083,0,-0.0089,0.011,0.0018,2.5,0,175000,59,0,0.012
C-02818,0.0098,0.0,0.0,-0.0098,0.0,1,0.0362,0.00944,0.00024,8.3,1,666500,75,0,0.0
C-02819,0.1207,0.0,0.0,-0.1207,0.5,1,-0.0069,0.011,0.0018,3.5,0,58000,55,0,0.018
C-02820,0.0714,0.3333,0.0238,0.0619,0.3333,0,-0.0072,0.011,0.0018,0.6,1,63000,72,0,0.0
C-02821,0.1612,0.0,0.0,-0.1534,0.5878,0,0.0279,0.00986,0.00066,0.6,1,459000,66,0,0.041
C-02822,0.1083,0.0,0.0,-0.0933,1.0,0,0.02,0.011,0.0018,2.1,0,240000,73,0,0.043
C-02823,0.3067,0.6301,0.1933,-0.3067,0.726,1,0.0447,0.011,0.0018,6.0,0,119000,30,0,0.0
C-02824,0.1709,0.0,0.0,-0.1162,0.4667,0,0.0398,0.011,0.0018,10.4,0,175500,35,0,0.078
C-02825,0.117,0.0,0.0,-0.117,0.1364,1,-0.0047,0.011,0.0018,11.4,1,94000,66,0,0.01
C-02826,0.2269,0.6118,0.1388,-0.1872,0.0753,0,0.0376,0.00917,-3e-05,5.8,0,936500,40,0,0.044
C-02827,0.2464,0.3909,0.0963,-0.1765,0.7364,0,0.004,0.0099,0.0007,1.4,1,446500,43,0,0.0
C-02828,0.2026,0.1899,0.0385,-0.2005,0.5738,0,0.0052,0.00874,-0.00046,2.8,1,1170000,48,0,0.047
C-02829,0.0777,0.0,0.0,-0.0544,0.3631,0,0.0103,0.00893,-0.00027,5.7,0,1081500,55,0,0.055
C-02830,0.172,0.0,0.0,-0.0688,0.5,0,0.0041,0.011,0.0018,29.9,1,46500,72,0,0.027
C-02831,0.1606,0.0,0.0,0.1285,0.4091,0,-0.0083,0.011,0.0018,5.3,0,137000,61,0,0.04
C-02832,0.2767,0.2429,0.0672,-0.1249,0.6571,0,0.0134,0.011,0.0018,1.9,0,126500,36,1,0.481
C-02833,0.0848,0.0,0.0,0.212,1.0,0,0.0043,0.011,0.0018,16.1,1,141500,39,0,0.022
C-02834,0.121,0.0,0.0,0.0104,0.4524,0,0.0063,0.011,0.0018,0.3,0,173500,34,0,0.023
C-02835,0.271,0.5404,0.1465,-0.2306,0.3354,0,0.0104,0.0106,0.0014,0.9,1,297000,34,0,0.002
C-02836,0.186,0.5942,0.1105,-0.186,0.5942,1,0.0385,0.011,0.0018,3.5,0,185500,28,1,0.848
C-02837,0.2246,0.1948,0.0438,-0.2064,0.4,0,-0.0074,0.00923,3e-05,0.3,0,857000,51,0,0.076
C-02838,0.0808,0.0,0.0,0.1374,0.0,0,0.029,0.011,0.0018,20.7,0,49500,67,0,0.062
C-02839,0.2587,0.5,0.1294,-0.199,0.6538,0,0.0217,0.011,0.0018,7.0,0,100500,70,0,0.016
C-02840,0.0538,0.0,0.0,0.0081,0.0,0,0.0285,0.0099,0.0007,12.8,0,446500,52,0,0.081
C-02841,0.1721,0.0,0.0,-0.119,0.2377,0,0.0061,0.00897,-0.00023,1.4,0,1063500,41,0,0.007
C-02842,0.18,0.0,0.0,-0.18,0.3789,1,0.007,0.00789,-0.00131,12.5,0,1891500,49,0,0.058
C-02843,0.0957,0.0,0.0,-0.0957,0.5556,1,0.001,0.011,0.0018,8,0,47000,30,0,0.061
C-02844,0.1446,0.0,0.0,-0.1251,0.1566,0,0.0353,0.01068,0.00148,1.3,0,287000,63,0,0.065
C-02845,0.1018,0.0,0.0,-0.0392,0.359,0,-0.0193,0.011,0.0018,6,0,191500,28,0,0.048
C-02846,0.1546,0.6157,0.0952,-0.1173,0.0,0,0.0073,0.00922,2e-05,16.5,1,866500,39,1,0.498
C-02847,0.0346,0.0,0.0,-0.0346,0.0,1,0.0054,0.011,0.0018,6.7,0,202500,31,0,0.012
C-02848,0.14,0.0,0.0,-0.012,0.2381,0,-0.0131,0.011,0.0018,13.6,0,75000,36,0,0.001
C-02849,0.1566,0.0,0.0,-0.1354,0.6972,0,-0.0064,0.00988,0.00068,5.6,0,453500,60,0,0.076
C-02850,0.1053,0.0,0.0,-0.0816,0.2812,0,-0.0023,0.011,0.0018,4.4,0,152000,38,0,0.067
C-02851,0.1291,0.4103,0.053,-0.0735,0.6923,0,0.0188,0.011,0.0018,2.4,0,151000,70,0,0.0
C-02852,0.1174,0.0,0.0,-0.1138,0.4951,0,-0.0038,0.00851,-0.00069,7.0,0,1307000,67,0,0.023
C-02853,0.0823,0.0,0.0,-0.0489,0.5385,0,0.0093,0.01008,0.00088,6.2,0,395000,45,0,0.079
C-02854,0.1265,0.0,0.0,-0.1265,0.2744,1,0.0173,0.0075,-0.0017,8.1,0,2637000,38,0,0.0
C-02855,0.1007,0.0,0.0,-0.0821,0.6399,0,0.0025,0.00835,-0.00085,14.0,1,1420000,40,0,0.047
C-02856,0.1034,0.0,0.0,0.1803,0.3333,0,-0.0006,0.011,0.0018,25.6,0,101500,53,0,0.042
C-02857,0.1333,0.0,0.0,-0.119,0.6051,0,0.0321,0.00956,0.00036,3.3,0,589000,30,0,0.069
C-02858,0.0859,0.0,0.0,-0.0859,0.0667,1,0.0039,0.00952,0.00032,1.7,1,611500,35,0,0.022
C-02859,0.1665,0.0,0.0,-0.1409,0.2513,0,-0.008,0.00961,0.00041,0.6,0,561500,35,0,0.111
C-02860,0.1222,0.7791,0.0952,-0.1222,0.7791,1,-0.0008,0.00939,0.00019,1.1,1,704000,72,0,0.035
C-02861,0.1236,0.0,0.0,-0.0732,0.27,0,-0.0108,0.01005,0.00085,3.8,0,404500,54,0,0.02
C-02862,0.1256,0.0,0.0,-0.1256,0.2319,1,0.0137,0.00964,0.00044,6.4,0,549500,33,0,0.017
C-02863,0.0996,0.0,0.0,-0.0837,0.825,0,-0.0126,0.00954,0.00034,0.9,1,602500,71,0,0.067
C-02864,0.1458,0.0,0.0,0.3792,0.4286,0,-0.0001,0.011,0.0018,1.3,0,48000,65,0,0.056
C-02865,0.1091,0.0,0.0,-0.101,0.8769,0,-0.0099,0.0106,0.0014,0.3,1,298000,66,0,0.059
C-02866,0.1013,0.55,0.0557,0.0203,0.75,0,0.0017,0.011,0.0018,1.3,0,197500,33,0,0.081
C-02867,0.0539,0.0,0.0,0.0043,0.3,0,-0.0087,0.011,0.0018,13.3,1,185500,43,0,0.025
C-02868,0.1333,0.0,0.0,-0.0859,0.3889,0,-0.0053,0.011,0.0018,0.8,1,202500,68,0,0.009
C-02869,0.0558,0.0,0.0,-0.0462,0.7698,0,-0.0131,0.00883,-0.00037,10.7,0,1129000,38,0,0.095
C-02870,0.08,0.0,0.0,0.048,0.4167,0,-0.0113,0.011,0.0018,6.6,0,75000,46,0,0.0
C-02871,0.0923,0.0,0.0,0.4431,0.25,0,-0.002,0.011,0.0018,6,0,65000,28,0,0.067
C-02872,0.2198,0.3897,0.0857,-0.2198,0.2667,1,0.0035,0.00991,0.00071,9.8,1,443500,37,0,0.0
C-02873,0.2261,0.0,0.0,-0.1814,0.4,0,-0.0177,0.011,0.0018,1.4,0,188000,30,1,0.05
C-02874,0.13,0.3322,0.0432,-0.1111,0.0503,0,-0.0031,0.00879,-0.00041,2.9,0,1146500,57,1,0.611
C-02875,0.1493,0.0,0.0,-0.1493,0.4868,1,-0.0164,0.01096,0.00176,1.7,0,254500,61,0,0.034
C-02876,0.1842,0.43,0.0792,-0.1842,0.37,1,0.0136,0.0108,0.0016,4.7,0,271500,34,0,0.07
C-02877,0.1535,0.0,0.0,-0.1395,0.7542,0,0.0116,0.00731,-0.00189,19.9,0,3088500,57,0,0.071
C-02878,0.0511,0.0,0.0,0.0208,0.0,0,-0.012,0.0107,0.0015,1.2,0,284000,51,0,0.01
C-02879,0.1115,0.0,0.0,-0.097,0.0,0,-0.0103,0.00919,-1e-05,4.6,0,910000,69,0,0.038
C-02880,0.1137,0.0,0.0,-0.0811,0.1304,0,-0.0043,0.01005,0.00085,4.3,0,404500,51,0,0.025
C-02881,0.107,0.0,0.0,-0.0993,0.3961,0,0.001,0.0075,-0.0017,4.7,0,2630000,56,0,0.062
C-02882,0.2215,0.7679,0.1701,-0.2158,0.45,0,0.0226,0.00949,0.00029,2.1,1,632000,71,0,0.036
C-02883,0.0402,0.0,0.0,-0.0264,0.0,0,0.0043,0.00865,-0.00055,3.6,0,1220000,36,0,0.044
C-02884,0.0951,0.0,0.0,-0.0095,0.5893,0,0.0069,0.01062,0.00142,2.6,1,294500,73,0,0.029
C-02885,0.137,0.575,0.0788,-0.137,0.375,1,0.0302,0.011,0.0018,5.6,0,146000,39,0,0.025
C-02886,0.2421,0.4528,0.1096,-0.208,0.6026,0,0.0129,0.00949,0.00029,0.8,1,634000,60,0,0.094
C-02887,0.1277,0.0,0.0,-0.1277,0.0,1,0.0162,0.011,0.0018,5.0,0,47000,42,0,0.04
C-02888,0.0726,0.0,0.0,-0.0307,0.1519,0,-0.0092,0.00965,0.00045,3.4,0,544000,47,0,0.0
C-02889,0.1576,0.0,0.0,-0.1532,0.2235,0,0.0036,0.00927,7e-05,0.7,0,809000,75,0,0.028
C-02890,0.1379,0.3,0.0414,-0.1379,0.0,1,0.0076,0.011,0.0018,18.8,1,72500,46,0,0.0
C-02891,0.2313,0.6389,0.1478,-0.1953,0.1111,0,0.0393,0.011,0.0018,10.8,0,233500,42,1,0.657
C-02892,0.2011,0.5033,0.1012,-0.1853,0.6863,0,0.0245,0.01014,0.00094,2.5,0,380500,58,0,0.0
C-02893,0.2144,0.7955,0.1705,-0.2144,0.9393,1,0.0534,0.00936,0.00016,11.3,1,730000,53,1,0.145
C-02894,0.1296,0.0,0.0,-0.0356,0.2396,0,0.0041,0.01019,0.00099,0.7,0,370500,40,0,0.0
C-02895,0.1218,0.0,0.0,-0.0436,0.4225,0,0.0018,0.01064,0.00144,16.5,0,291500,49,0,0.016
C-02896,0.1034,0.0,0.0,-0.0836,0.708,0,-0.0165,0.00964,0.00044,7.9,0,546500,51,0,0.055
C-02897,0.1653,0.0,0.0,-0.142,0.5385,0,-0.0011,0.00943,0.00023,1.3,0,668500,59,0,0.06
C-02898,0.1008,0.0,0.0,-0.0889,0.582,0,-0.0036,0.00953,0.00033,18.2,0,605000,67,0,0.003
C-02899,0.1368,0.0,0.0,-0.1368,0.6207,1,-0.008,0.011,0.0018,0.3,0,106000,54,0,0.0
C-02900,0.1885,0.2074,0.0391,-0.1885,0.5333,1,0.0372,0.01025,0.00105,0.3,0,358000,38,0,0.035
C-02901,0.2519,0.3235,0.0815,0.0681,0.6471,0,0.0052,0.011,0.0018,3,0,67500,25,0,0.046
C-02902,0.1207,0.0,0.0,-0.1129,0.5568,0,0.0045,0.00772,-0.00148,9.7,0,2149500,74,0,0.111
C-02903,0.059,0.0,0.0,-0.01,0.1538,0,0.0024,0.011,0.0018,13.5,1,220500,70,0,0.043
C-02904,0.1104,0.0,0.0,0.0299,0.0588,0,0.008,0.011,0.0018,18.3,0,77000,46,0,0.058
C-02905,0.0605,0.0,0.0,0.0797,0.0,0,-0.0259,0.011,0.0018,0.9,0,239500,36,0,0.034
C-02906,0.0392,0.0,0.0,0.1054,0.5385,0,0.0034,0.011,0.0018,10.3,0,166000,48,1,0.381
C-02907,0.0699,0.0,0.0,-0.0609,0.4435,0,-0.0056,0.00759,-0.00161,16.7,0,2402500,55,0,0.049
C-02908,0.1226,0.0,0.0,-0.1226,0.4545,1,0.0014,0.011,0.0018,0.4,0,179500,36,0,0.0
C-02909,0.103,0.0,0.0,-0.0614,0.32,0,-0.0076,0.00953,0.00033,8.5,0,607000,38,0,0.0
C-02910,0.0747,0.0,0.0,0.2071,0.3333,0,0.0104,0.011,0.0018,11.5,0,140500,39,0,0.016
C-02911,0.1413,0.0,0.0,-0.119,0.2275,0,-0.0011,0.00956,0.00036,1.8,1,591000,60,0,0.054
C-02912,0.1298,0.0,0.0,-0.1298,0.5588,1,0.0086,0.011,0.0018,2.3,0,131000,69,0,0.054
C-02913,0.0644,0.0,0.0,-0.0579,0.0,0,-0.0086,0.00918,-2e-05,0.3,0,924000,67,0,0.081
C-02914,0.1454,0.0,0.0,-0.1454,0.4839,1,-0.0117,0.00967,0.00047,11.1,0,533000,51,0,0.057
C-02915,0.0449,0.0,0.0,0.0126,1.0,0,0.0086,0.011,0.0018,2.0,0,167000,44,0,0.055
C-02916,0.2064,0.3333,0.0688,-0.2064,0.0889,1,0.0095,0.011,0.0018,7.7,0,109000,30,0,0.043
C-02917,0.1583,0.0,0.0,-0.1583,0.0892,1,-0.0067,0.0068,-0.0024,2.3,0,3967000,59,0,0.035
C-02918,0.0521,0.0,0.0,0.0979,1.0,0,-0.0226,0.011,0.0018,10,0,48000,32,0,0.05
C-02919,0.0987,0.4808,0.0474,-0.0668,0.6731,0,-0.0189,0.01087,0.00167,6,0,263500,28,0,0.079
C-02920,0.0346,0.0,0.0,0.0185,0.0,0,0.0013,0.01023,0.00103,0.3,0,361500,34,0,0.046
C-02921,0.1105,0.0,0.0,0.1945,0.25,0,0.0023,0.011,0.0018,9.1,0,90500,50,0,0.036
C-02922,0.121,0.0,0.0,-0.0446,0.2632,0,-0.01,0.011,0.0018,1.6,1,78500,38,0,0.093
C-02923,0.0805,0.0,0.0,0.0,0.5833,0,-0.0089,0.011,0.0018,6,0,74500,28,0,0.066
C-02924,0.3568,0.7235,0.2581,-0.3568,0.8824,1,0.0526,0.00981,0.00061,3.4,1,476500,52,1,0.549
C-02925,0.3413,0.7368,0.2515,-0.1916,0.5614,0,0.0353,0.011,0.0018,1.8,1,167000,67,0,0.0
C-02926,0.12,0.0,0.0,-0.12,0.4,1,-0.0023,0.011,0.0018,18.5,1,125000,62,0,0.057
C-02927,0.5333,0.6786,0.3619,-0.5333,0.125,1,0.0481,0.011,0.0018,1.4,0,52500,35,1,0.756
C-02928,0.0566,0.6429,0.0364,-0.0299,0.1964,0,-0.0089,0.00976,0.00056,3.1,1,494500,60,0,0.023
C-02929,0.1478,0.0,0.0,-0.0827,0.3163,0,-0.0109,0.01039,0.00119,0.8,0,331500,73,0,0.075
C-02930,0.1755,0.0,0.0,-0.0989,0.1818,0,0.0006,0.011,0.0018,8.0,0,94000,42,0,0.023
C-02931,0.0968,0.0,0.0,-0.0968,0.0691,1,0.0013,0.00733,-0.00187,3.7,1,3063000,47,0,0.035
C-02932,0.1232,0.6316,0.0778,-0.0765,0.9211,0,0.0064,0.01053,0.00133,1.0,0,308500,73,1,0.575
C-02933,0.1338,0.0,0.0,-0.0898,0.6027,0,0.0004,0.0089,-0.0003,11.1,0,1091500,63,0,0.044
C-02934,0.0638,0.0,0.0,-0.0081,0.0,0,-0.0011,0.01092,0.00172,0.9,1,258500,34,0,0.025
C-02935,0.1081,0.0,0.0,-0.0173,0.45,0,0.0017,0.011,0.0018,1.2,1,92500,29,0,0.054
C-02936,0.0513,0.0,0.0,-0.0513,0.7857,1,-0.0055,0.011,0.0018,27.5,0,136500,59,0,0.043
C-02937,0.0692,0.0,0.0,-0.0531,0.5742,0,0.0534,0.00884,-0.00036,0.3,0,1120500,46,0,0.026
C-02938,0.0594,0.0,0.0,0.1545,0.0,0,0.0118,0.011,0.0018,10.9,1,101000,62,0,0.072
C-02939,0.1865,0.0,0.0,-0.1778,0.1005,0,0.0087,0.00678,-0.00242,2.0,0,4003000,39,0,0.044
C-02940,0.0523,0.0,0.0,-0.0523,0.44,1,0.0119,0.011,0.0018,4.1,1,239000,28,0,0.036
C-02941,0.0569,0.0,0.0,-0.0569,0.7381,1,-0.0067,0.01019,0.00099,5.7,1,369000,60,0,0.0
C-02942,0.4078,0.7898,0.3221,-0.4078,0.4777,1,0.0295,0.01012,0.00092,1.7,1,385000,73,1,0.883
C-02943,0.1619,0.6172,0.0999,-0.1619,0.918,1,-0.0014,0.00929,9e-05,10.7,1,790500,52,0,0.058
C-02944,0.1099,0.0,0.0,-0.1046,0.8485,0,0.0134,0.00919,-1e-05,1.5,0,901000,70,0,0.0
C-02945,0.1174,0.0,0.0,-0.0397,0.1379,0,0.0009,0.011,0.0018,6.9,0,123500,73,0,0.037
C-02946,0.0825,0.0,0.0,-0.0301,0.6176,0,0.0005,0.011,0.0018,21.2,0,206000,45,0,0.016
C-02947,0.0846,0.0,0.0,0.0323,0.2727,0,0.0337,0.011,0.0018,0.6,0,195000,49,1,0.141
C-02948,0.1284,0.1791,0.023,-0.087,0.6716,0,-0.014,0.01089,0.00169,4.7,0,261000,68,0,0.066
C-02949,0.1042,0.0,0.0,0.0019,0.5818,0,0.0323,0.01087,0.00167,8.3,0,264000,37,0,0.015
C-02950,0.1465,0.0,0.0,-0.1116,0.686,0,0.0028,0.01001,0.00081,0.8,0,413000,35,0,0.0
C-02951,0.1043,0.0,0.0,-0.0691,0.0,0,-0.0064,0.00958,0.00038,3.3,0,580000,66,0,0.065
C-02952,0.109,0.6087,0.0664,0.0389,0.7826,0,-0.0009,0.011,0.0018,2.9,0,105500,29,0,0.049
C-02953,0.2138,0.0,0.0,-0.2138,0.1399,1,0.0006,0.01037,0.00117,3.2,0,334500,63,0,0.123
C-02954,0.2905,0.6346,0.1844,-0.2458,0.9038,0,0.028,0.011,0.0018,8,1,89500,30,0,0.044
C-02955,0.1146,0.0,0.0,-0.0146,0.2727,0,0.0111,0.011,0.0018,2.6,0,48000,65,0,0.08
C-02956,0.1364,0.1852,0.0253,-0.1364,0.6667,1,0.0043,0.011,0.0018,12.8,0,99000,59,1,0.05
C-02957,0.188,0.5584,0.105,-0.188,0.4221,1,0.0419,0.01003,0.00083,0.3,1,409500,67,1,0.287
C-02958,0.1609,0.0,0.0,-0.1609,0.8225,1,0.0278,0.00744,-0.00176,5.6,1,2784500,69,1,0.614
C-02959,0.1434,0.0,0.0,-0.0743,0.1928,0,0.0385,0.01066,0.00146,1.9,0,289500,57,0,0.074
C-02960,0.1497,0.0,0.0,-0.1432,0.2289,0,-0.0028,0.00887,-0.00033,3.1,0,1109000,73,0,0.053
C-02961,0.068,0.0,0.0,0.2748,1.0,0,0.0076,0.011,0.0018,0.3,0,73500,50,0,0.061
C-02962,0.086,0.0,0.0,0.0946,0.0,0,-0.0101,0.011,0.0018,4,0,46500,26,0,0.075
C-02963,0.1268,0.0,0.0,-0.0592,0.1481,0,-0.0098,0.011,0.0018,1.7,0,106500,56,0,0.061
C-02964,0.2432,0.1389,0.0338,-0.1622,0.3611,0,-0.0006,0.011,0.0018,0.7,0,74000,40,0,0.0
C-02965,0.2222,0.4545,0.101,-0.198,0.2273,0,0.0059,0.011,0.0018,2.0,1,148500,68,0,0.051
C-02966,0.0858,0.0,0.0,-0.0456,0.2195,0,-0.0069,0.011,0.0018,8.0,0,239000,71,0,0.062
C-02967,0.1023,0.5253,0.0537,-0.075,0.5253,0,0.0486,0.00979,0.00059,2.0,1,484000,61,1,0.578
C-02968,0.0798,0.4792,0.0382,-0.0479,0.1562,0,0.0084,0.00954,0.00034,4.7,0,601500,60,0,0.017
C-02969,0.0982,0.0,0.0,-0.0688,0.5179,0,0.0096,0.01069,0.00149,4.1,0,285000,65,0,0.04
C-02970,0.0634,0.0,0.0,0.1707,1.0,0,0.0031,0.011,0.0018,1.0,0,102500,37,0,0.091
C-02971,0.1477,0.0,0.0,-0.1436,0.5161,0,-0.0145,0.00627,-0.00293,0.8,1,5590000,40,0,0.0
C-02972,0.0229,0.0,0.0,-0.0229,0.0,1,0.0465,0.00708,-0.00212,8.7,0,3430000,71,0,0.015
C-02973,0.1362,0.0,0.0,-0.0938,0.6107,0,0.0046,0.0098,0.0006,1.6,0,481000,30,0,0.042
C-02974,0.1123,0.0,0.0,-0.0066,0.0,0,-0.0038,0.011,0.0018,17.4,0,227000,75,0,0.037
C-02975,0.1469,0.0,0.0,-0.0737,0.3462,0,-0.0053,0.00991,0.00071,3.4,0,442500,36,0,0.038
C-02976,0.2081,0.7222,0.1503,0.1665,0.1111,0,0.0112,0.011,0.0018,3.7,1,86500,39,0,0.021
C-02977,0.1867,0.0,0.0,-0.1665,0.6475,0,-0.005,0.00946,0.00026,2.8,0,653500,75,0,0.025
C-02978,0.1029,0.0,0.0,-0.0986,0.268,0,-0.0155,0.00696,-0.00224,14.1,0,3643500,46,0,0.054
C-02979,0.1851,0.0,0.0,-0.1851,0.233,1,0.0194,0.00981,0.00061,21.8,0,475500,55,0,0.061
C-02980,0.1862,0.4855,0.0904,-0.1626,0.8348,0,0.027,0.00817,-0.00103,2.7,0,1576000,57,1,0.62
C-02981,0.0657,0.0,0.0,-0.0432,0.4,0,0.0019,0.01085,0.00165,10.1,1,266500,69,0,0.055
C-02982,0.1305,0.0,0.0,-0.0131,0.7679,0,-0.0016,0.011,0.0018,4.6,1,214500,63,0,0.072
C-02983,0.1457,0.2069,0.0302,-0.1457,0.3448,1,-0.0131,0.011,0.0018,1.2,1,99500,56,0,0.043
C-02984,0.1235,0.0,0.0,-0.1235,0.5315,1,-0.0067,0.00989,0.00069,14.8,1,449500,39,0,0.0
C-02985,0.0577,0.0,0.0,0.0313,0.4643,0,-0.0023,0.011,0.0018,1.9,0,242500,29,0,0.0
C-02986,0.1547,0.0,0.0,-0.1256,0.447,0,0.0002,0.00939,0.00019,2.6,1,701500,57,1,0.14
C-02987,0.1827,0.5455,0.0997,-0.1508,0.4545,0,0.006,0.011,0.0018,0.6,0,150500,70,0,0.029
C-02988,0.0954,0.0,0.0,-0.0808,0.8864,0,0.0329,0.00878,-0.00042,11.3,0,1153000,63,0,0.041
C-02989,0.1854,0.0,0.0,-0.18,0.2097,0,0.0067,0.00634,-0.00286,0.4,0,5298000,70,0,0.011
C-02990,0.0994,0.0,0.0,-0.094,0.6038,0,-0.0126,0.00847,-0.00073,11.3,1,1333500,67,0,0.051
C-02991,0.1139,0.0,0.0,-0.0832,0.2285,0,-0.0119,0.00874,-0.00046,1.3,0,1172000,67,0,0.11
C-02992,0.2218,0.5223,0.1158,-0.2218,0.8217,1,0.0354,0.01027,0.00107,5,0,354000,27,0,0.096
C-02993,0.1927,0.0,0.0,-0.1927,0.1892,1,-0.0004,0.011,0.0018,0.3,0,96000,72,0,0.065
C-02994,0.1389,0.0,0.0,-0.1389,0.2295,1,-0.0025,0.0071,-0.0021,16,1,3388000,38,0,0.042
C-02995,0.0769,0.0,0.0,-0.0173,0.0,0,0.0058,0.00998,0.00078,0.7,0,422500,40,0,0.047
C-02996,0.1067,0.2107,0.0225,-0.1067,0.0,1,-0.0194,0.0064,-0.0028,0.3,1,5095000,73,0,0.064
C-02997,0.1082,0.0,0.0,0.0334,0.6364,0,0.0137,0.011,0.0018,3.9,0,152500,29,0,0.06
C-02998,0.1158,0.0,0.0,-0.1107,0.0,0,0.0008,0.00681,-0.00239,6.1,1,3927500,45,0,0.029
C-02999,0.0517,0.0,0.0,0.0157,0.2857,0,0.002,0.01035,0.00115,3.1,1,338500,60,0,0.03
C-03000,0.0854,0.0,0.0,-0.0854,0.5572,1,-0.0089,0.00653,-0.00267,6.9,0,4656500,66,0,0.124
C-03001,0.0602,0.0,0.0,0.0063,0.0,0,0.0006,0.00925,5e-05,4.5,0,830000,43,0,0.076
C-03002,0.0719,0.0,0.0,0.1456,0.3913,0,0.0118,0.011,0.0018,9.6,0,160000,33,0,0.0
C-03003,0.1725,0.0,0.0,-0.1378,0.7186,0,-0.0072,0.00979,0.00059,7.6,0,484000,69,0,0.069
C-03004,0.172,0.2963,0.051,0.042,0.4074,0,0.0088,0.011,0.0018,2.6,1,78500,53,1,0.686
C-03005,0.1043,0.0,0.0,-0.0734,0.6292,0,0.0075,0.00923,3e-05,9.2,0,853000,33,0,0.063
C-03006,0.1627,0.0,0.0,-0.0484,0.5659,0,0.0141,0.00949,0.00029,4.9,0,630000,38,0,0.022
C-03007,0.2521,0.2659,0.067,-0.232,0.0906,0,0.002,0.00945,0.00025,11.2,0,656500,72,0,0.022
C-03008,0.1702,0.5,0.0851,-0.017,0.4375,0,0.0025,0.011,0.0018,0.9,0,47000,54,1,0.464
C-03009,0.2273,0.25,0.0568,-0.2273,0.15,1,0.0506,0.011,0.0018,14.5,0,176000,71,1,0.467
C-03010,0.0743,0.0,0.0,0.0047,0.0,0,0.0075,0.00946,0.00026,1.7,0,653000,39,0,0.062
C-03011,0.3579,0.7059,0.2526,-0.3284,0.8529,0,0.0447,0.011,0.0018,4.1,0,47500,69,1,0.616
C-03012,0.0727,0.0,0.0,-0.0208,0.1351,0,0.0078,0.01096,0.00176,0.8,1,254500,71,0,0.061
C-03013,0.085,0.0,0.0,-0.0714,0.0667,0,-0.0042,0.01027,0.00107,4.1,0,353000,45,0,0.0
C-03014,0.0579,0.0,0.0,0.1181,0.1333,0,-0.0058,0.011,0.0018,5.5,0,129500,40,0,0.034
C-03015,0.1189,0.0,0.0,-0.1189,0.2784,1,-0.0043,0.01003,0.00083,5.0,1,408000,58,0,0.033
C-03016,0.1321,0.0,0.0,-0.0206,0.5391,0,0.0004,0.00979,0.00059,1.2,0,484500,69,0,0.0
C-03017,0.0599,0.0,0.0,0.0479,0.5,0,0.0066,0.01084,0.00164,2.7,0,267000,37,0,0.036
C-03018,0.2737,0.5385,0.1474,-0.0968,0.3462,0,0.0391,0.011,0.0018,0.3,0,47500,60,1,0.698
C-03019,0.1165,0.6129,0.0714,-0.1165,0.6774,1,-0.0019,0.011,0.0018,1.4,0,133000,43,0,0.049
C-03020,0.0783,0.3077,0.0241,0.0084,0.5385,0,-0.0087,0.011,0.0018,4.3,0,83000,75,0,0.043
C-03021,0.1198,0.0,0.0,-0.0429,0.1977,0,0.0064,0.01024,0.00104,0.5,1,359000,42,0,0.055
C-03022,0.2552,0.1931,0.0493,-0.2501,0.769,0,0.014,0.00871,-0.00049,0.8,0,1187500,70,1,0.511
C-03023,0.2398,0.3537,0.0848,-0.1485,0.6463,0,0.0067,0.011,0.0018,10.5,0,171000,71,0,0.095
C-03024,0.1288,0.0,0.0,-0.1288,0.4452,1,0.0238,0.00954,0.00034,3.9,0,601500,27,0,0.034
C-03025,0.1846,0.3333,0.0615,-0.1846,0.5,1,0.0021,0.011,0.0018,7.1,0,65000,70,0,0.032
C-03026,0.1512,0.0,0.0,-0.1312,0.1851,0,-0.0023,0.00869,-0.00051,3.2,0,1197000,39,0,0.011
C-03027,0.0938,0.375,0.0352,-0.0938,0.875,1,0.0118,0.011,0.0018,4.4,0,128000,32,1,0.227
C-03028,0.1014,0.4898,0.0497,-0.0518,0.4082,0,-0.0085,0.011,0.0018,1.0,0,241500,32,0,0.026
C-03029,0.1012,0.4362,0.0441,-0.0702,0.4362,0,0.0352,0.00985,0.00065,0.5,1,464500,46,0,0.005
C-03030,0.2216,0.1144,0.0254,-0.1835,0.3316,0,-0.0057,0.00774,-0.00146,8.7,0,2109500,55,0,0.048
C-03031,0.1791,0.4528,0.0811,-0.0412,0.1132,0,0.0492,0.011,0.0018,9.5,0,148000,36,0,0.018
C-03032,0.0551,0.0,0.0,0.0309,0.15,0,-0.0165,0.011,0.0018,3.0,1,181500,56,0,0.021
C-03033,0.1757,0.0,0.0,-0.1241,0.4764,0,-0.0036,0.00848,-0.00072,1.9,1,1326000,52,0,0.072
C-03034,0.1258,0.0,0.0,-0.1258,0.6,1,0.0218,0.011,0.0018,0.3,0,79500,53,0,0.056
C-03035,0.1018,0.0,0.0,-0.0981,0.218,0,0.0067,0.00784,-0.00136,2.4,0,1959500,57,0,0.029
C-03036,0.148,0.2128,0.0315,-0.1216,0.4043,0,0.0028,0.01047,0.00127,5.7,0,317500,59,1,0.409
C-03037,0.0167,0.0,0.0,0.0278,0.7778,0,-0.0099,0.01081,0.00161,0.9,0,270000,38,0,0.019
C-03038,0.0831,0.0,0.0,-0.0831,0.0,1,0.0022,0.011,0.0018,3.2,1,150500,68,0,0.054
C-03039,0.0821,0.0,0.0,-0.0821,0.1429,1,-0.0023,0.01059,0.00139,1.6,0,298500,47,0,0.088
C-03040,0.0694,0.0,0.0,-0.0641,0.4061,0,0.0019,0.00688,-0.00232,0.8,1,3795000,57,0,0.019
C-03041,0.041,0.0,0.0,-0.041,0.25,1,0.0067,0.011,0.0018,13.0,1,146500,64,0,0.016
C-03042,0.1681,0.6833,0.1148,-0.1479,0.1667,0,0.0306,0.011,0.0018,0.3,0,178500,71,0,0.026
C-03043,0.0682,0.0,0.0,-0.062,0.7053,0,0.0529,0.0074,-0.0018,6.5,0,2912000,47,0,0.0
C-03044,0.1604,0.0,0.0,0.2245,0.4118,0,0.0029,0.011,0.0018,5.4,0,53000,33,0,0.0
C-03045,0.276,0.7829,0.2161,-0.2571,1.0,0,0.0505,0.01047,0.00127,7,1,317000,29,0,0.055
C-03046,0.165,0.2941,0.0485,-0.0485,0.7059,0,-0.014,0.011,0.0018,2.3,1,51500,30,0,0.02
C-03047,0.1374,0.0,0.0,-0.1157,0.4211,0,0.0032,0.00925,5e-05,0.8,0,829500,65,0,0.092
C-03048,0.0598,0.0,0.0,0.0185,0.5455,0,0.0007,0.011,0.0018,12.8,0,92000,72,0,0.02
C-03049,0.0549,0.0,0.0,-0.0549,0.0,1,0.0073,0.011,0.0018,0.5,1,82000,73,0,0.063
C-03050,0.1306,0.0,0.0,-0.118,1.0,0,0.0029,0.00834,-0.00086,1.7,0,1427500,45,0,0.089
C-03051,0.1818,0.0,0.0,-0.0591,0.2188,0,-0.0059,0.011,0.0018,4.3,0,88000,43,0,0.033
C-03052,0.197,0.4615,0.0909,-0.197,0.1923,1,0.0115,0.011,0.0018,14.7,1,66000,69,0,0.034
C-03053,0.0884,0.0,0.0,-0.0718,0.0781,0,0.007,0.01023,0.00103,1.3,0,362000,75,0,0.051
C-03054,0.2479,0.4188,0.1038,-0.2479,0.5128,1,0.0495,0.011,0.0018,6.5,0,236000,62,0,0.027
C-03055,0.1648,0.2373,0.0391,-0.1112,0.0678,0,0.0001,0.011,0.0018,4.3,1,179000,73,0,0.053
C-03056,0.1956,0.0,0.0,-0.1897,0.6241,0,0.0039,0.00907,-0.00013,10.9,0,1020000,69,0,0.015
C-03057,0.0349,0.0,0.0,-0.008,0.7692,0,0.0411,0.011,0.0018,0.4,1,186500,64,0,0.048
C-03058,0.0944,0.0,0.0,-0.0782,0.5265,0,-0.0042,0.00804,-0.00116,5.7,0,1699500,65,0,0.065
C-03059,0.0954,0.0,0.0,-0.0757,0.4844,0,0.0074,0.00943,0.00023,1.3,0,671000,65,0,0.074
C-03060,0.3425,0.6329,0.2168,-0.3425,0.7525,1,0.0449,0.00903,-0.00017,0.6,1,1038000,67,0,0.0
C-03061,0.1301,0.0,0.0,-0.1301,0.2429,1,-0.0066,0.00843,-0.00077,10.6,0,1360500,69,0,0.032
C-03062,0.1351,0.0,0.0,-0.123,0.4505,0,-0.0016,0.00826,-0.00094,3.9,0,1495500,66,0,0.012
C-03063,0.511,0.6882,0.3516,-0.511,0.7849,1,0.0481,0.011,0.0018,5.5,1,182000,63,1,0.732
C-03064,0.1656,0.1384,0.0229,-0.1656,0.8302,1,0.0021,0.0098,0.0006,6.4,1,480000,68,0,0.054
C-03065,0.1076,0.0,0.0,-0.1076,0.1837,1,0.0101,0.00987,0.00067,6.4,0,455500,71,0,0.028
C-03066,0.0874,0.0,0.0,-0.0874,0.5181,1,0.0067,0.00982,0.00062,10.9,0,475000,60,0,0.051
C-03067,0.0802,0.0,0.0,-0.0681,0.1482,0,0.0494,0.00764,-0.00156,3.9,1,2312500,43,0,0.047
C-03068,0.1041,0.0,0.0,-0.0821,0.8088,0,0.0009,0.01041,0.00121,1.2,0,326500,41,0,0.099
C-03069,0.0898,0.0,0.0,-0.0707,0.0,0,0.0106,0.011,0.0018,3.6,0,250500,57,0,0.028
C-03070,0.1863,0.0,0.0,-0.1267,0.75,0,-0.0179,0.011,0.0018,3.7,0,161000,44,0,0.003
C-03071,0.1211,0.0,0.0,-0.1021,0.8261,0,0.0109,0.011,0.0018,7,0,190000,29,0,0.103
C-03072,0.1194,0.0,0.0,0.0418,0.3125,0,0.0021,0.011,0.0018,8.6,0,67000,36,0,0.014
C-03073,0.1333,0.0,0.0,-0.1333,0.6176,1,-0.0009,0.011,0.0018,6.7,0,127500,29,0,0.105
C-03074,0.0682,0.0,0.0,0.0718,0.2,0,0.0338,0.011,0.0018,5.6,0,110000,35,0,0.05
C-03075,0.0879,0.0,0.0,-0.0088,0.375,0,0.0052,0.011,0.0018,10.0,0,45500,67,0,0.013
C-03076,0.0688,0.0,0.0,-0.0688,0.0,1,-0.0189,0.00954,0.00034,13.4,0,603500,45,0,0.096
C-03077,0.2897,0.6065,0.1757,-0.2897,0.1613,1,0.0262,0.01084,0.00164,17,1,267500,39,0,0.037
C-03078,0.173,0.2812,0.0486,-0.0692,0.9062,0,-0.0285,0.011,0.0018,5.4,0,92500,33,0,0.004
C-03079,0.1828,0.5294,0.0968,-0.0086,0.6471,0,0.0341,0.011,0.0018,4.8,0,46500,27,0,0.017
C-03080,0.0855,0.3462,0.0296,0.0013,0.6154,0,-0.0112,0.011,0.0018,2.5,1,152000,42,0,0.033
C-03081,0.2356,0.4803,0.1132,-0.2356,0.8976,1,0.033,0.01082,0.00162,7.9,1,269500,44,0,0.042
C-03082,0.1147,0.5781,0.0663,0.0401,0.0625,0,-0.0011,0.01074,0.00154,0.9,0,279000,43,0,0.013
C-03083,0.1065,0.0,0.0,-0.0896,0.1415,0,0.0004,0.00976,0.00056,0.3,0,497500,66,0,0.055
C-03084,0.1857,0.0,0.0,-0.1477,0.5311,0,0.0062,0.00926,6e-05,4.6,0,821000,56,0,0.046
C-03085,0.1579,0.6036,0.0953,-0.1524,0.1158,0,0.0293,0.00742,-0.00178,19.9,1,2844000,75,1,0.508
C-03086,0.0977,0.0,0.0,0.0809,0.0,0,0.0015,0.011,0.0018,12.6,1,107500,37,0,0.056
C-03087,0.0667,0.0,0.0,0.0344,0.0,0,0.0144,0.011,0.0018,11.1,0,142500,67,0,0.11
C-03088,0.1789,0.4354,0.0779,-0.1567,0.3911,0,0.0379,0.00933,0.00013,6.7,0,757500,75,0,0.014
C-03089,0.1732,0.0,0.0,-0.1197,0.6609,0,0.0323,0.00943,0.00023,1.8,0,672500,74,0,0.0
C-03090,0.0534,0.0,0.0,-0.051,0.1466,0,0.0011,0.00655,-0.00265,6.2,0,4599500,43,0,0.026
C-03091,0.1107,0.0,0.0,-0.1029,0.0,0,-0.0031,0.00642,-0.00278,3.5,0,5025500,63,0,0.068
C-03092,0.1582,0.0,0.0,0.0696,0.4,0,-0.0079,0.011,0.0018,5.5,1,79000,30,0,0.07
C-03093,0.138,0.0,0.0,-0.1061,0.6284,0,-0.0039,0.00929,9e-05,19.0,0,790000,59,0,0.033
C-03094,0.0246,0.0,0.0,-0.0246,1.0,1,-0.0287,0.00782,-0.00138,13.2,1,1992000,58,1,0.05
C-03095,0.0673,0.0,0.0,-0.0135,0.1852,0,0.0355,0.011,0.0018,0.3,0,200500,66,0,0.02
C-03096,0.2378,0.5333,0.1268,-0.2378,0.1949,1,0.0253,0.01002,0.00082,7.3,0,410000,37,1,0.602
C-03097,0.0505,0.0,0.0,0.0172,0.0,0,0.0203,0.00923,3e-05,4.1,0,851000,60,0,0.043
C-03098,0.0672,0.0,0.0,-0.0593,0.3415,0,-0.0078,0.01055,0.00135,2.8,0,305000,74,0,0.053
C-03099,0.0327,0.0,0.0,0.0164,0.0,0,0.0077,0.01021,0.00101,1.5,1,366500,37,0,0.009
C-03100,0.1891,0.0,0.0,-0.1481,0.5085,0,0.0021,0.00984,0.00064,2.0,1,468000,55,0,0.0
C-03101,0.1532,0.0,0.0,-0.1513,0.6279,0,-0.0105,0.00625,-0.00295,0.3,0,5700500,51,0,0.041
C-03102,0.0918,0.2222,0.0204,0.3245,0.7778,0,0.0014,0.011,0.0018,8,0,49000,30,0,0.025
C-03103,0.1605,0.0,0.0,-0.1085,0.0556,0,-0.0037,0.01009,0.00089,2.6,0,392500,46,0,0.089
C-03104,0.0982,0.0,0.0,0.2232,0.9091,0,-0.0011,0.011,0.0018,1.7,0,56000,52,0,0.002
C-03105,0.1439,0.0,0.0,-0.1055,0.0505,0,0.0128,0.01032,0.00112,18,0,344000,40,0,0.04
C-03106,0.0709,0.0,0.0,-0.051,0.3299,0,-0.0017,0.00839,-0.00081,4.0,0,1389000,63,0,0.0
C-03107,0.1518,0.0,0.0,-0.1192,0.2857,0,0.02,0.011,0.0018,6.5,1,184500,74,0,0.058
C-03108,0.0923,0.0,0.0,-0.0241,0.1385,0,0.0276,0.01028,0.00108,3.0,0,352000,47,0,0.0
C-03109,0.0426,0.0,0.0,-0.0426,1.0,1,0.0457,0.0104,0.0012,7.2,1,328500,65,0,0.047
C-03110,0.1186,0.0,0.0,-0.1186,0.5,1,0.0043,0.011,0.0018,0.7,0,59000,57,0,0.047
C-03111,0.0951,0.0,0.0,-0.0951,0.7234,1,0.0007,0.011,0.0018,4.5,0,247000,68,1,0.45
C-03112,0.0899,0.275,0.0247,-0.0899,0.45,1,0.0371,0.011,0.0018,0.4,0,222500,30,0,0.024
C-03113,0.1718,0.0,0.0,-0.135,0.7624,0,-0.0198,0.01063,0.00143,4,0,294000,26,0,0.04
C-03114,0.1478,0.0,0.0,0.0107,0.5106,0,-0.0173,0.011,0.0018,18.7,1,159000,57,0,0.082
C-03115,0.0745,0.0,0.0,0.0021,0.4286,0,0.0375,0.011,0.0018,10,0,47000,32,0,0.002
C-03116,0.1,0.0,0.0,-0.0859,0.55,0,0.0139,0.00804,-0.00116,9.0,0,1699500,63,0,0.01
C-03117,0.0432,0.0,0.0,-0.0432,0.5455,1,0.0137,0.0092,0.0,13.0,0,890500,61,0,0.047
C-03118,0.1543,0.0,0.0,-0.1014,0.2143,0,0.0043,0.011,0.0018,6.3,1,181500,65,0,0.054
C-03119,0.1368,0.0,0.0,-0.0611,0.4615,0,0.0075,0.011,0.0018,2.9,0,47500,31,0,0.024
C-03120,0.0439,0.0,0.0,0.0372,0.4615,0,0.0303,0.011,0.0018,7.0,0,148000,40,0,0.032
C-03121,0.0451,0.0,0.0,0.1233,0.0,0,0.051,0.011,0.0018,0.3,0,66500,39,0,0.03
C-03122,0.1349,0.1765,0.0238,-0.1349,0.4706,1,-0.0052,0.011,0.0018,10.0,0,63000,72,0,0.027
C-03123,0.0909,0.5217,0.0474,-0.0625,0.087,0,0.0259,0.011,0.0018,9.2,0,126500,32,0,0.0
C-03124,0.1872,0.2418,0.0453,-0.1872,0.3956,1,-0.0042,0.011,0.0018,3.2,0,243000,63,1,0.464
C-03125,0.1717,0.0,0.0,-0.1442,0.0485,0,0.0033,0.0098,0.0006,2.4,0,480500,67,0,0.013
C-03126,0.2292,0.3636,0.0833,0.0958,0.3636,0,-0.002,0.011,0.0018,0.3,1,48000,26,1,0.514
C-03127,0.0549,0.0,0.0,-0.0439,0.0833,0,-0.0236,0.00945,0.00025,10,1,656000,32,0,0.0
C-03128,0.0891,0.0,0.0,-0.0891,0.3333,1,0.0395,0.011,0.0018,1.3,0,50500,48,0,0.0
C-03129,0.0302,0.0,0.0,-0.0302,0.0,1,0.008,0.00864,-0.00056,1.4,1,1224500,46,0,0.07
C-03130,0.1326,0.0,0.0,-0.0398,0.2708,0,0.0044,0.01023,0.00103,0.4,1,362000,36,0,0.023
C-03131,0.0324,0.0,0.0,-0.0102,0.0,0,0.0032,0.00837,-0.00083,10.1,0,1405500,51,0,0.024
C-03132,0.1373,0.0,0.0,-0.1373,0.0519,1,0.0372,0.01073,0.00153,0.6,0,280500,45,1,0.369
C-03133,0.2229,0.3714,0.0828,-0.1465,0.2571,0,0.0109,0.011,0.0018,1.6,0,78500,74,0,0.068
C-03134,0.0988,0.0,0.0,-0.0988,0.125,1,0.053,0.011,0.0018,9.0,0,81000,31,0,0.038
C-03135,0.0756,0.0,0.0,0.0081,0.5385,0,0.0029,0.011,0.0018,5,0,86000,27,0,0.017
C-03136,0.0746,0.0,0.0,-0.0493,1.0,0,-0.0027,0.00938,0.00018,6.1,0,710000,35,0,0.0
C-03137,0.1304,0.0,0.0,-0.1304,0.6199,1,0.0517,0.00621,-0.00299,2.4,1,5872500,46,0,0.016
C-03138,0.1184,0.0,0.0,0.0286,0.0,0,-0.0174,0.011,0.0018,6.9,1,122500,67,0,0.093
C-03139,0.187,0.1867,0.0349,-0.187,0.2267,1,-0.0181,0.011,0.0018,5.1,1,200500,58,0,0.106
C-03140,0.0831,0.0,0.0,-0.08,0.1189,0,-0.003,0.00763,-0.00157,25.5,0,2329000,57,0,0.003
C-03141,0.0424,0.0,0.0,-0.0424,0.5714,1,0.0376,0.011,0.0018,2.3,0,82500,30,0,0.068
C-03142,0.1328,0.0,0.0,-0.083,0.4062,0,-0.0003,0.011,0.0018,2.3,1,120500,38,0,0.023
C-03143,0.1032,0.0,0.0,0.0361,0.625,0,0.0022,0.011,0.0018,5.1,0,77500,41,0,0.028
C-03144,0.107,0.0,0.0,-0.1002,0.2311,0,0.0028,0.009,-0.0002,12.1,0,1051000,71,0,0.038
C-03145,0.0962,0.0,0.0,-0.0962,0.513,1,0.0468,0.00869,-0.00051,1.9,1,1196000,62,0,0.036
C-03146,0.1239,0.0,0.0,-0.0932,0.7515,0,-0.0059,0.00944,0.00024,1.1,1,666000,63,0,0.053
C-03147,0.1593,0.0,0.0,-0.1593,0.3405,1,0.0108,0.00958,0.00038,0.3,0,580500,26,0,0.048
C-03148,0.2128,0.55,0.117,-0.2128,0.2,1,0.0317,0.011,0.0018,0.5,1,47000,29,1,0.402
C-03149,0.1521,0.5745,0.0874,0.0343,0.266,0,0.0016,0.01052,0.00132,4.2,0,309000,67,0,0.019
C-03150,0.0642,0.0,0.0,-0.0439,0.3158,0,-0.0116,0.01061,0.00141,5.4,0,296000,40,0,0.028
C-03151,0.0245,0.0,0.0,-0.0189,0.0,0,0.0057,0.00892,-0.00028,3.7,0,1083000,71,0,0.024
C-03152,0.0974,0.0,0.0,-0.0544,0.9521,0,0.0166,0.00779,-0.00141,0.3,0,2037000,49,0,0.037
C-03153,0.1791,0.4583,0.0821,-0.1791,0.875,1,0.0046,0.011,0.0018,13,0,67000,35,0,0.085
C-03154,0.0326,0.0,0.0,0.0978,0.0,0,0.0085,0.011,0.0018,0.3,1,46000,30,0,0.037
C-03155,0.1022,0.0,0.0,-0.0634,0.2105,0,-0.0058,0.011,0.0018,11,0,93000,33,0,0.023
C-03156,0.2487,0.383,0.0952,-0.2487,0.6596,1,0.011,0.011,0.0018,1.3,1,94500,69,1,0.309
C-03157,0.1161,0.0,0.0,-0.0978,0.3529,0,-0.0058,0.00861,-0.00059,0.3,1,1244500,55,0,0.011
C-03158,0.2221,0.4423,0.0982,-0.2221,0.1239,1,0.0015,0.00899,-0.00021,4.6,1,1053500,37,1,0.675
C-03159,0.1589,0.0,0.0,-0.1155,0.4012,0,0.0075,0.00969,0.00049,2.1,0,525500,39,0,0.037
C-03160,0.3292,0.6555,0.2158,-0.2595,0.3025,0,0.043,0.01023,0.00103,5.6,1,361500,50,1,0.643
C-03161,0.0438,0.0,0.0,0.0313,0.4286,0,-0.0065,0.011,0.0018,9.8,1,239500,33,0,0.071
C-03162,0.1767,0.0,0.0,-0.1767,0.1342,1,-0.021,0.00998,0.00078,12.2,0,421500,55,0,0.009
C-03163,0.043,0.0,0.0,-0.0186,0.0,0,0.0012,0.00745,-0.00175,12.3,0,2755000,52,0,0.014
C-03164,0.1265,0.0,0.0,0.0204,0.2258,0,-0.0006,0.011,0.0018,1.0,0,122500,57,0,0.029
C-03165,0.0664,0.0,0.0,-0.0622,0.0,0,0.0008,0.00923,3e-05,10.0,1,858000,71,0,0.057
C-03166,0.1183,0.0,0.0,0.114,0.8182,0,0.0009,0.011,0.0018,4.5,0,46500,36,0,0.044
C-03167,0.0908,0.0,0.0,-0.0908,0.7843,1,0.0011,0.00961,0.00041,1.7,0,561500,70,0,0.034
C-03168,0.1123,0.0,0.0,-0.1123,0.9383,1,0.0489,0.01023,0.00103,11.8,0,360500,67,0,0.025
C-03169,0.1783,0.0,0.0,-0.1311,0.5302,0,0.0127,0.00929,9e-05,1.9,0,788000,57,0,0.033
C-03170,0.0851,0.0,0.0,0.3234,0.0,0,0.0032,0.011,0.0018,0.3,0,47000,36,0,0.073
C-03171,0.2093,0.4,0.0837,-0.0753,0.4222,0,-0.0048,0.011,0.0018,0.7,0,107500,37,1,0.407
C-03172,0.1093,0.0,0.0,-0.1093,0.4028,1,-0.0045,0.0104,0.0012,0.7,0,329500,32,0,0.054
C-03173,0.0649,0.0,0.0,-0.0649,0.473,1,0.0028,0.0096,0.0004,2.9,0,570000,74,0,0.041
C-03174,0.1304,0.0,0.0,-0.1304,0.5833,1,0.0009,0.011,0.0018,7.6,0,46000,44,0,0.082
C-03175,0.0789,0.0,0.0,-0.0456,0.0,0,-0.0134,0.00919,-1e-05,5.5,0,900000,43,0,0.07
C-03176,0.1157,0.2903,0.0336,0.0097,0.4516,0,0.0087,0.011,0.0018,5.0,0,134000,42,0,0.053
C-03177,0.0714,0.0,0.0,0.1245,1.0,0,0.012,0.011,0.0018,3.4,0,49000,32,0,0.046
C-03178,0.1468,0.546,0.0802,-0.1166,0.3681,0,0.0534,0.00963,0.00043,7.2,0,555000,62,0,0.06
C-03179,0.0862,0.6,0.0517,-0.0448,0.3,0,-0.0008,0.011,0.0018,9.7,0,58000,71,0,0.039
C-03180,0.155,0.1927,0.0299,-0.0799,0.1743,0,-0.0146,0.01028,0.00108,0.3,0,351500,39,0,0.0
C-03181,0.1544,0.0,0.0,0.0982,0.4545,0,0.0126,0.011,0.0018,2.5,1,142500,51,0,0.046
C-03182,0.3667,0.3695,0.1355,-0.3667,0.3614,1,0.0535,0.01034,0.00114,1.6,0,339500,57,1,0.263
C-03183,0.0939,0.4324,0.0406,-0.0939,0.1622,1,0.0007,0.011,0.0018,12.0,0,197000,69,0,0.0
C-03184,0.1613,0.4667,0.0753,-0.1613,0.1333,1,0.0293,0.011,0.0018,0.3,0,46500,31,0,0.021
C-03185,0.1756,0.5618,0.0986,-0.1535,0.4382,0,0.0477,0.00843,-0.00077,6.5,0,1358500,51,0,0.047
C-03186,0.0518,0.0,0.0,-0.0207,0.3125,0,0.0003,0.011,0.0018,4.6,0,154500,65,0,0.029
C-03187,0.1445,0.0,0.0,-0.1445,0.4851,1,0.0094,0.01029,0.00109,7.0,0,349500,60,1,0.05
C-03188,0.0888,0.0,0.0,-0.0699,0.5274,0,0.0365,0.00847,-0.00073,2.2,0,1335000,53,0,0.011
C-03189,0.1042,0.0,0.0,0.1708,0.4,0,0.0029,0.011,0.0018,2.4,1,48000,27,0,0.0
C-03190,0.2302,0.2188,0.0504,-0.1612,0.75,0,-0.0303,0.011,0.0018,1.5,1,69500,26,0,0.022
C-03191,0.3065,0.8211,0.2516,-0.2523,0.7474,0,0.0487,0.011,0.0018,1.2,0,155000,43,1,0.991
C-03192,0.0678,0.0,0.0,-0.0254,0.3478,0,-0.001,0.011,0.0018,13.6,0,169500,45,0,0.0
C-03193,0.143,0.0,0.0,-0.143,0.4509,1,0.0002,0.00849,-0.00071,3.7,0,1318500,50,0,0.101
C-03194,0.1618,0.2121,0.0343,0.0147,0.6061,0,0.0156,0.011,0.0018,9.6,0,102000,58,0,0.038
C-03195,0.0613,0.0,0.0,-0.0613,0.6316,1,0.0082,0.011,0.0018,7.1,1,155000,48,1,0.05
C-03196,0.1383,0.0,0.0,-0.1313,0.4022,0,-0.009,0.0074,-0.0018,0.3,1,2902500,49,0,0.0
C-03197,0.0951,0.0,0.0,-0.0756,0.7437,0,-0.0017,0.00901,-0.00019,6.1,0,1046000,71,0,0.06
C-03198,0.353,0.8679,0.3064,-0.3318,0.4181,0,0.0518,0.00924,4e-05,14.7,0,847000,59,1,0.454
C-03199,0.1339,0.0,0.0,-0.0852,0.0,0,-0.0009,0.011,0.0018,8,0,246500,30,0,0.002
C-03200,0.1225,0.0,0.0,-0.0805,0.9068,0,0.0022,0.00945,0.00025,0.8,0,657000,59,0,0.066
C-03201,0.068,0.0,0.0,-0.0204,0.0,0,0.0131,0.011,0.0018,4.3,0,176500,27,0,0.028
C-03202,0.1424,0.2143,0.0305,-0.0285,0.2143,0,-0.0051,0.011,0.0018,0.3,0,147500,66,0,0.051
C-03203,0.1866,0.0,0.0,-0.1866,0.3962,1,0.0042,0.0094,0.0002,1.2,0,696500,59,0,0.0
C-03204,0.1792,0.4211,0.0755,-0.1521,0.4211,0,0.0183,0.01086,0.00166,1.0,0,265000,37,0,0.0
C-03205,0.0676,0.0,0.0,-0.0676,0.7714,1,0.0037,0.00751,-0.00169,1.6,0,2588500,56,0,0.059
C-03206,0.0795,0.6667,0.053,0.1113,0.0,0,0.0333,0.011,0.0018,5,0,75500,27,0,0.078
C-03207,0.1845,0.5263,0.0971,-0.1845,0.5789,1,0.0199,0.011,0.0018,5.6,0,51500,42,1,0.574
C-03208,0.0585,0.0,0.0,-0.0585,0.5079,1,0.0021,0.00966,0.00046,2.6,0,538500,73,0,0.05
C-03209,0.0747,0.0,0.0,-0.0747,0.5596,1,-0.0205,0.00936,0.00016,5.4,0,730000,44,0,0.002
C-03210,0.1141,0.0,0.0,-0.1018,0.3077,0,-0.0076,0.00941,0.00021,21,0,683500,43,0,0.062
C-03211,0.1344,0.0,0.0,-0.1344,0.0,1,-0.0075,0.011,0.0018,9.2,1,152500,73,0,0.05
C-03212,0.0645,0.0,0.0,-0.0645,0.1667,1,0.0284,0.011,0.0018,0.7,0,46500,70,0,0.019
C-03213,0.0827,0.0,0.0,-0.0827,1.0,1,-0.0095,0.00932,0.00012,2.6,1,762000,27,0,0.003
C-03214,0.1153,0.0,0.0,-0.1153,0.0,1,0.0026,0.011,0.0018,8.4,0,199500,52,0,0.032
C-03215,0.0366,0.0,0.0,-0.0201,0.0,0,-0.0031,0.00993,0.00073,1.7,0,437500,69,0,0.036
C-03216,0.0445,0.0,0.0,-0.0184,1.0,0,-0.009,0.00974,0.00054,3.6,0,506000,46,0,0.029
C-03217,0.1762,0.0,0.0,-0.1518,0.5354,0,0.0531,0.00893,-0.00027,19.7,1,1081000,48,0,0.045
C-03218,0.2646,0.2442,0.0646,-0.2061,0.129,0,0.0027,0.01002,0.00082,4.4,0,410000,39,0,0.0
C-03219,0.0167,0.0,0.0,-0.0018,0.0,0,-0.0151,0.00792,-0.00128,17.3,1,1852000,50,0,0.083
C-03220,0.1704,0.3706,0.0631,-0.1382,0.5863,0,0.034,0.00877,-0.00043,2.7,1,1156000,58,0,0.064
C-03221,0.1761,0.0,0.0,0.0044,0.4175,0,-0.013,0.01064,0.00144,2.1,0,292500,38,0,0.008
C-03222,0.1755,0.3902,0.0685,-0.1755,0.4065,1,-0.0093,0.01028,0.00108,10.0,1,350500,60,0,0.027
C-03223,0.1763,0.5032,0.0887,-0.0944,0.2645,0,0.0114,0.00992,0.00072,2.3,1,439500,57,1,0.391
C-03224,0.3873,0.4899,0.1897,-0.3739,0.6854,0,0.0324,0.00959,0.00039,8.9,1,574500,58,0,0.11
C-03225,0.1349,0.0,0.0,-0.0873,0.1765,0,0.0159,0.011,0.0018,0.6,1,63000,26,0,0.055
C-03226,0.0899,0.0,0.0,0.036,0.2083,0,-0.0047,0.011,0.0018,7.8,0,133500,56,0,0.021
C-03227,0.1164,0.0,0.0,-0.1101,0.7111,0,-0.0052,0.00931,0.00011,3.9,0,773500,74,0,0.034
C-03228,0.1518,0.0,0.0,-0.1518,0.4689,1,0.0156,0.00574,-0.00346,4.4,0,9586000,59,0,0.053
C-03229,0.1314,0.0,0.0,-0.1051,0.2361,0,-0.0158,0.01078,0.00158,3.2,1,274000,28,0,0.033
C-03230,0.1554,0.0,0.0,-0.1554,0.1509,1,-0.0128,0.011,0.0018,25,1,170500,47,0,0.032
C-03231,0.1953,0.5101,0.0996,-0.1916,0.5375,0,0.0492,0.00681,-0.00239,1.3,0,3930500,34,0,0.104
C-03232,0.0303,0.0,0.0,0.0158,1.0,0,0.009,0.00976,0.00056,2.6,0,495000,46,0,0.051
C-03233,0.1322,0.0,0.0,-0.1065,0.2035,0,0.0174,0.00802,-0.00118,10.4,0,1728500,61,0,0.047
C-03234,0.0816,0.0,0.0,-0.0816,0.5574,1,0.0014,0.01017,0.00097,9.9,0,374000,52,0,0.031
C-03235,0.0728,0.0,0.0,-0.0728,0.0,1,0.0394,0.011,0.0018,8.8,1,103000,64,0,0.044
C-03236,0.1487,0.0,0.0,-0.1487,0.5777,1,0.0188,0.0094,0.0002,3.3,0,692500,44,0,0.068
C-03237,0.0919,0.0,0.0,-0.0735,0.6979,0,-0.0058,0.0097,0.0005,4.1,0,522500,39,0,0.023
C-03238,0.0456,0.0,0.0,0.1003,0.3333,0,-0.0048,0.011,0.0018,6,0,197500,28,0,0.049
C-03239,0.0714,0.0,0.0,-0.0714,0.5286,1,0.0172,0.00978,0.00058,0.9,1,490000,57,0,0.058
C-03240,0.0971,0.0,0.0,-0.0971,0.8358,1,0.0415,0.01031,0.00111,5,1,345000,27,0,0.004
C-03241,0.1622,0.1284,0.0208,-0.1051,0.4312,0,-0.0043,0.01036,0.00116,8.2,1,336000,40,0,0.047
C-03242,0.0823,0.0,0.0,-0.0775,0.4902,0,0.0218,0.00756,-0.00164,1.9,0,2479000,49,0,0.043
C-03243,0.1148,0.0,0.0,-0.1148,0.1429,1,0.0371,0.011,0.0018,6,0,91500,28,1,0.191
C-03244,0.2085,0.0,0.0,-0.1505,0.1884,0,-0.0124,0.011,0.0018,0.4,0,165500,71,0,0.017
C-03245,0.0755,0.0,0.0,-0.0755,0.0,1,0.0003,0.0092,0.0,0.5,1,887500,38,1,0.367
C-03246,0.0915,0.0,0.0,0.081,0.8571,0,0.0021,0.011,0.0018,13.7,0,76500,59,0,0.03
C-03247,0.1231,0.5102,0.0628,-0.0327,0.8571,0,0.0085,0.011,0.0018,9,0,199000,31,0,0.056
C-03248,0.1346,0.6464,0.087,-0.1213,1.0,0,0.0502,0.00757,-0.00163,0.5,0,2448500,42,0,0.007
C-03249,0.0827,0.0,0.0,-0.0781,0.5359,0,0.0395,0.00792,-0.00128,2.4,0,1850500,67,1,0.309
C-03250,0.029,0.0,0.0,-0.029,0.25,1,0.0379,0.011,0.0018,3.1,1,69000,26,0,0.048
C-03251,0.1026,0.0,0.0,-0.1026,0.6542,1,0.012,0.0097,0.0005,2.9,0,521500,50,0,0.022
C-03252,0.1276,0.0,0.0,-0.0728,0.4925,0,-0.0132,0.01088,0.00168,8.5,0,262500,54,0,0.08
C-03253,0.2167,0.0,0.0,-0.2167,0.1959,1,0.0131,0.00929,9e-05,4.5,0,789000,52,1,0.441
C-03254,0.0641,0.0,0.0,-0.0641,0.5854,1,-0.0034,0.01045,0.00125,2.9,0,320000,73,0,0.053
C-03255,0.2784,0.7037,0.1959,-0.0062,0.1852,0,0.0074,0.011,0.0018,2.5,1,48500,27,0,0.027
C-03256,0.1014,0.0,0.0,-0.1014,0.75,1,0.0022,0.00943,0.00023,3.1,0,670500,73,0,0.043
C-03257,0.1689,0.0,0.0,-0.1655,0.1327,0,-0.0007,0.00679,-0.00241,4.9,0,3970500,29,0,0.05
C-03258,0.0718,0.0,0.0,-0.0609,0.4444,0,0.004,0.00993,0.00073,4.6,0,438500,71,0,0.037
C-03259,0.0938,0.4375,0.0411,-0.0938,0.4844,1,0.0505,0.01033,0.00113,0.8,0,341000,75,0,0.012
C-03260,0.1841,0.0,0.0,-0.0671,0.2255,0,-0.0004,0.01076,0.00156,3.1,1,277000,65,0,0.045
C-03261,0.1407,0.0,0.0,-0.1244,0.3407,0,0.0098,0.00787,-0.00133,1.1,0,1919000,59,0,0.013
C-03262,0.1038,0.0,0.0,-0.0653,0.633,0,0.0128,0.00919,-1e-05,1.3,0,906000,46,0,0.026
C-03263,0.2044,0.0,0.0,-0.1952,0.5628,0,0.0422,0.00969,0.00049,11.3,0,526000,66,0,0.064
C-03264,0.1188,0.0,0.0,-0.1078,0.2737,0,-0.0249,0.00869,-0.00051,21.8,0,1199500,72,0,0.036
C-03265,0.0434,0.0,0.0,-0.0226,1.0,0,0.005,0.0094,0.0002,8,0,691000,30,0,0.0
C-03266,0.271,0.3005,0.0814,-0.2527,0.6244,0,0.0246,0.01009,0.00089,5.4,0,393000,61,0,0.03
C-03267,0.1443,0.0,0.0,-0.1443,0.2143,1,0.0036,0.011,0.0018,4.5,1,48500,70,1,0.288
C-03268,0.0967,0.0,0.0,-0.0487,0.1379,0,0.0095,0.011,0.0018,9.4,1,150000,40,0,0.054
C-03269,0.1131,0.0,0.0,-0.0863,0.8086,0,-0.0026,0.00937,0.00017,4.7,1,716000,37,0,0.048
C-03270,0.0847,0.0,0.0,-0.0806,0.6465,0,0.0146,0.00957,0.00037,4.0,1,584500,66,0,0.068
C-03271,0.3987,0.6545,0.261,-0.3987,0.6335,1,0.0485,0.011,0.0018,2.1,1,239500,42,1,0.685
C-03272,0.0741,0.0,0.0,-0.0179,0.3421,0,-0.0005,0.01094,0.00174,6.3,0,256500,40,0,0.049
C-03273,0.1468,0.0,0.0,-0.1468,0.6006,1,-0.0207,0.00889,-0.00031,0.8,1,1100500,48,0,0.018
C-03274,0.1467,0.0,0.0,-0.1467,0.4545,1,0.042,0.011,0.0018,0.7,0,75000,30,0,0.01
C-03275,0.0351,0.0,0.0,-0.0074,0.0,0,0.0039,0.00883,-0.00037,3.2,1,1126000,39,0,0.006
C-03276,0.1823,0.0,0.0,-0.1823,0.3362,1,0.0172,0.0095,0.0003,2.6,0,628000,47,0,0.102
C-03277,0.1147,0.0,0.0,-0.0485,0.6709,0,-0.0145,0.01031,0.00111,7.0,1,344500,37,0,0.0
C-03278,0.1722,0.3012,0.0519,-0.1722,0.3116,1,0.0427,0.00784,-0.00136,12.4,0,1957000,61,0,0.066
C-03279,0.0988,0.0,0.0,-0.0988,0.8214,1,0.0069,0.0107,0.0015,4.0,0,283500,64,0,0.047
C-03280,0.1037,0.0,0.0,-0.0788,0.34,0,-0.0096,0.011,0.0018,2.0,0,241000,38,0,0.096
C-03281,0.0557,0.0,0.0,0.007,0.3878,0,-0.0038,0.00992,0.00072,0.3,0,440000,55,0,0.046
C-03282,0.1409,0.0,0.0,0.0685,0.619,0,-0.003,0.011,0.0018,1.0,0,74500,39,0,0.047
C-03283,0.0651,0.0,0.0,-0.0418,0.7761,0,0.008,0.00971,0.00051,1.2,1,514500,48,0,0.043
C-03284,0.1407,0.0,0.0,-0.067,0.7091,0,-0.0189,0.011,0.0018,6.8,0,195500,40,0,0.012
C-03285,0.0759,0.0,0.0,-0.0196,0.0,0,-0.0031,0.00892,-0.00028,9.0,0,1086500,56,0,0.048
C-03286,0.0859,0.0,0.0,-0.0859,0.7927,1,0.0498,0.00981,0.00061,0.3,0,477500,43,1,0.05
C-03287,0.149,0.0,0.0,-0.149,0.5955,1,0.0311,0.00899,-0.00021,2.0,0,1053500,59,0,0.057
C-03288,0.1521,0.4265,0.0649,-0.0931,0.5,0,-0.0108,0.011,0.0018,3.8,1,223500,34,0,0.061
C-03289,0.1648,0.3448,0.0568,0.033,0.4828,0,-0.018,0.011,0.0018,4.6,1,176000,31,0,0.094
C-03290,0.0553,0.0,0.0,-0.0475,0.3971,0,0.0037,0.00864,-0.00056,12.2,0,1229000,74,0,0.0
C-03291,0.2192,0.3425,0.0751,-0.2192,0.5051,1,0.0396,0.00847,-0.00073,3.6,0,1332000,44,0,0.052
C-03292,0.274,0.5432,0.1488,-0.2611,0.6595,0,0.0356,0.00798,-0.00122,13.2,1,1774000,71,0,0.076
C-03293,0.1163,0.0,0.0,0.0113,0.0,0,-0.0065,0.011,0.0018,3.6,0,150500,36,0,0.104
C-03294,0.225,0.2222,0.05,-0.165,0.2222,0,-0.0053,0.011,0.0018,8.6,1,60000,75,0,0.053
C-03295,0.3178,0.5588,0.1776,-0.3178,0.6176,1,0.024,0.011,0.0018,3.4,1,53500,42,1,0.324
C-03296,0.0248,0.0,0.0,-0.0171,1.0,0,-0.0212,0.00744,-0.00176,5.2,0,2804000,59,0,0.023
C-03297,0.0924,0.3421,0.0316,-0.064,0.3045,0,0.0032,0.00832,-0.00088,16.2,0,1440000,42,0,0.069
C-03298,0.1897,0.0,0.0,-0.1138,0.1042,0,-0.0031,0.011,0.0018,6.9,1,126500,71,1,0.578
C-03299,0.1532,0.0,0.0,-0.1532,0.2759,1,0.051,0.0107,0.0015,4.8,1,284000,43,0,0.01
C-03300,0.0846,0.0,0.0,-0.0846,0.1765,1,0.0302,0.011,0.0018,1.0,0,100500,44,0,0.014
C-03301,0.1128,0.0,0.0,-0.1128,0.2667,1,0.0034,0.011,0.0018,9.9,0,133000,45,0,0.0
C-03302,0.1702,0.0,0.0,0.0085,0.8125,0,0.001,0.011,0.0018,1.5,0,47000,27,0,0.084
C-03303,0.072,0.0,0.0,0.1212,1.0,0,-0.0094,0.011,0.0018,0.4,1,118000,50,0,0.067
C-03304,0.137,0.0,0.0,-0.1027,0.7612,0,-0.0146,0.011,0.0018,0.5,1,244500,59,0,0.109
C-03305,0.1193,0.0,0.0,0.0349,0.6923,0,0.0037,0.011,0.0018,2.6,1,54500,40,0,0.057
C-03306,0.1433,0.2721,0.039,-0.1433,0.4338,1,0.0096,0.00982,0.00062,0.3,1,474500,70,0,0.078
C-03307,0.1532,0.6842,0.1048,0.1371,0.2105,0,0.0286,0.011,0.0018,7,0,62000,29,1,0.858
C-03308,0.0619,0.0,0.0,0.0701,0.2222,0,-0.0088,0.011,0.0018,14.2,0,145500,60,0,0.006
C-03309,0.1918,0.1938,0.0372,-0.1827,0.2956,0,-0.01,0.00815,-0.00105,6.6,1,1588000,75,0,0.019
C-03310,0.0945,0.2821,0.0267,-0.0393,0.0,0,0.0031,0.01002,0.00082,1.5,0,412500,50,0,0.054
C-03311,0.1798,0.0,0.0,-0.0629,0.625,0,-0.0094,0.011,0.0018,0.3,0,133500,25,0,0.015
C-03312,0.0821,0.0,0.0,-0.0178,0.0,0,-0.014,0.01059,0.00139,1.9,0,298500,39,0,0.041
C-03313,0.1684,0.375,0.0632,-0.1684,0.25,1,0.0153,0.011,0.0018,7.7,0,47500,31,0,0.039
C-03314,0.1149,0.0,0.0,-0.1092,0.5131,0,0.0109,0.00626,-0.00294,8.3,0,5667000,64,0,0.075
C-03315,0.2095,0.3182,0.0667,-0.0724,0.4091,0,-0.0098,0.011,0.0018,9,0,52500,31,1,0.339
C-03316,0.1412,0.169,0.0239,-0.1221,0.4366,0,0.0049,0.00974,0.00054,16.6,0,503000,69,0,0.076
C-03317,0.102,0.0,0.0,-0.102,0.2,1,-0.0054,0.011,0.0018,7.2,1,73500,69,0,0.05
C-03318,0.1783,0.5238,0.0934,-0.158,0.5714,0,0.014,0.011,0.0018,5.8,0,235500,54,0,0.002
C-03319,0.2024,0.0,0.0,-0.1833,0.5,0,0.0026,0.01098,0.00178,1.0,0,252000,67,0,0.075
C-03320,0.0763,0.0,0.0,-0.0122,0.25,0,-0.0069,0.01089,0.00169,3.3,0,262000,63,0,0.013
C-03321,0.1729,0.1282,0.0222,-0.0931,0.4487,0,0.0027,0.011,0.0018,0.3,0,225500,66,1,0.133
C-03322,0.142,0.0,0.0,0.021,0.5435,0,-0.0016,0.011,0.0018,1.7,1,162000,63,0,0.057
C-03323,0.1218,0.0,0.0,-0.1084,0.4713,0,-0.0022,0.01025,0.00105,0.6,0,357000,45,0,0.0
C-03324,0.1748,0.0,0.0,-0.0991,0.1959,0,0.0411,0.01075,0.00155,22.1,0,277500,46,0,0.002
C-03325,0.0464,0.0,0.0,-0.015,0.6325,0,-0.0132,0.00858,-0.00062,1.7,0,1260000,62,0,0.056
C-03326,0.1528,0.0,0.0,-0.1435,0.2643,0,-0.0081,0.00638,-0.00282,10.9,0,5164000,56,0,0.045
C-03327,0.1037,0.0,0.0,-0.0159,0.0,0,0.0009,0.011,0.0018,0.3,0,82000,43,0,0.029
C-03328,0.1276,0.0,0.0,-0.1237,0.265,0,-0.0026,0.00732,-0.00188,1.5,0,3076500,68,0,0.087
C-03329,0.1397,0.3932,0.0549,-0.1299,0.5049,0,0.0068,0.00935,0.00015,0.3,0,737500,71,0,0.043
C-03330,0.0383,0.0,0.0,-0.0198,0.0,0,0.0108,0.00806,-0.00114,2.5,0,1683000,59,0,0.06
C-03331,0.0909,0.4348,0.0395,-0.015,0.1304,0,0.0079,0.011,0.0018,10.7,0,126500,38,1,0.418
C-03332,0.1064,0.0,0.0,-0.1064,0.3,1,0.0279,0.011,0.0018,0.3,1,47000,28,0,0.024
C-03333,0.1133,0.0,0.0,-0.1133,0.6545,1,0.0114,0.00979,0.00059,2.5,0,485500,67,0,0.007
C-03334,0.1083,0.0,0.0,-0.1083,0.6856,1,0.0007,0.0092,0.0,4.7,0,896000,60,0,0.017
C-03335,0.1448,0.0,0.0,-0.1254,0.6894,0,-0.0014,0.00886,-0.00034,7.9,0,1112000,58,0,0.034
C-03336,0.1402,0.0,0.0,-0.1402,0.1739,1,-0.0007,0.00977,0.00057,16.1,0,492000,74,0,0.083
C-03337,0.0643,0.0,0.0,-0.0543,0.0,0,0.0086,0.01025,0.00105,6.3,0,357500,68,1,0.319
C-03338,0.0997,0.0,0.0,-0.0997,0.25,1,0.0097,0.011,0.0018,4.0,1,160500,49,0,0.06
C-03339,0.1995,0.2381,0.0475,-0.1995,0.369,1,-0.019,0.011,0.0018,11.9,0,210500,49,0,0.086
C-03340,0.0508,0.0,0.0,-0.0508,0.5833,1,0.0102,0.011,0.0018,1.6,0,118000,70,0,0.015
C-03341,0.0853,0.0,0.0,-0.0461,0.2766,0,-0.0207,0.01077,0.00157,3.0,1,275500,29,0,0.058
C-03342,0.0879,0.0,0.0,-0.0619,0.6667,0,0.0477,0.011,0.0018,11.4,0,153500,38,0,0.102
C-03343,0.0186,0.0,0.0,0.0307,0.3684,0,0.0186,0.00972,0.00052,11.1,0,511000,35,0,0.025
C-03344,0.0745,0.4286,0.0319,0.3085,0.0,0,-0.0002,0.011,0.0018,1.6,1,47000,32,1,0.48
C-03345,0.0608,0.0,0.0,-0.0479,0.1762,0,-0.0045,0.00791,-0.00129,8,1,1867500,30,0,0.017
C-03346,0.2159,0.5846,0.1262,-0.2159,0.0,1,-0.0002,0.011,0.0018,3.1,1,150500,56,1,0.675
C-03347,0.0886,0.0,0.0,-0.0886,0.5714,1,0.0021,0.011,0.0018,2.2,0,118500,29,0,0.053
C-03348,0.2008,0.4056,0.0815,0.0284,0.4056,0,0.0013,0.01026,0.00106,2.5,1,356000,49,0,0.065
C-03349,0.0539,0.0,0.0,-0.0539,0.6023,1,-0.0064,0.00927,7e-05,2.3,0,816000,71,0,0.0
C-03350,0.0614,0.0,0.0,-0.0205,0.0,0,-0.0005,0.011,0.0018,5.6,0,146500,51,0,0.015
C-03351,0.1128,0.0,0.0,-0.1128,0.4627,1,0.0538,0.00955,0.00035,1.7,0,594000,36,0,0.015
C-03352,0.1066,0.0,0.0,-0.1066,0.7179,1,0.0353,0.01021,0.00101,9,0,366000,31,0,0.006
C-03353,0.0649,0.0,0.0,-0.0253,0.1017,0,0.0086,0.00988,0.00068,0.8,1,454500,35,0,0.024
C-03354,0.1228,0.0,0.0,-0.1228,0.5,1,0.0116,0.011,0.0018,2.9,1,57000,29,0,0.029
C-03355,0.0971,0.0,0.0,-0.0366,0.0,0,0.0092,0.00927,7e-05,2.6,0,813500,53,0,0.0
C-03356,0.2364,0.3077,0.0727,-0.0836,0.6538,0,0.003,0.011,0.0018,5.5,0,55000,49,0,0.032
C-03357,0.0642,0.0,0.0,-0.0069,0.0,0,-0.0009,0.01037,0.00117,4.9,0,335000,30,0,0.027
C-03358,0.0387,0.0,0.0,-0.0237,0.3065,0,-0.007,0.00928,8e-05,0.8,1,802000,71,0,0.036
C-03359,0.1022,0.0,0.0,-0.0799,0.5636,0,0.0017,0.00966,0.00046,6.2,0,538000,68,0,0.036
C-03360,0.2478,0.5455,0.1352,-0.2312,0.1678,0,0.0337,0.01067,0.00147,6.4,0,288500,75,0,0.078
C-03361,0.1232,0.0,0.0,-0.1232,0.25,1,-0.0044,0.01076,0.00156,0.8,0,276000,51,0,0.066
C-03362,0.0976,0.0,0.0,-0.0976,0.8276,1,0.0141,0.011,0.0018,5.6,1,148500,35,0,0.0
C-03363,0.0844,0.0,0.0,0.0325,0.5385,0,-0.0012,0.011,0.0018,14,0,154000,36,0,0.078
C-03364,0.1506,0.0,0.0,-0.1433,0.2016,0,-0.0023,0.00926,6e-05,5.6,0,823500,68,0,0.016
C-03365,0.3562,0.3532,0.1258,-0.3366,0.4771,0,0.0508,0.01054,0.00134,3.5,0,306000,52,0,0.051
C-03366,0.0805,0.625,0.0503,0.0805,1.0,0,-0.022,0.011,0.0018,1.5,1,149000,31,1,0.763
C-03367,0.1716,0.0,0.0,-0.1716,0.4476,1,-0.0007,0.00918,-2e-05,2.8,1,918000,43,0,0.0
C-03368,0.0833,0.0,0.0,0.1192,0.65,0,0.0426,0.011,0.0018,2.1,1,120000,58,0,0.044
C-03369,0.1756,0.0,0.0,-0.1305,0.5,0,0.0088,0.00962,0.00042,5.6,1,558000,69,0,0.042
C-03370,0.1345,0.0,0.0,-0.1345,0.6711,1,0.0051,0.01071,0.00151,13.5,0,282500,74,0,0.004
C-03371,0.126,0.0,0.0,0.011,0.3906,0,0.0257,0.01096,0.00176,3,0,254000,25,0,0.034
C-03372,0.1097,0.0,0.0,-0.1097,0.0991,1,-0.0029,0.00915,-5e-05,1.5,1,966000,47,0,0.032
C-03373,0.379,0.6277,0.2379,-0.0113,0.1489,0,0.0445,0.011,0.0018,2.2,0,124000,48,1,0.944
C-03374,0.0873,0.0,0.0,-0.0786,0.1955,0,0.0036,0.00822,-0.00098,1.3,1,1523500,74,0,0.057
C-03375,0.109,0.0,0.0,-0.0639,0.1034,0,-0.0098,0.011,0.0018,10.2,1,133000,53,0,0.056
C-03376,0.0436,0.0,0.0,-0.0276,0.2361,0,-0.0074,0.00926,6e-05,3.9,1,825000,55,0,0.048
C-03377,0.1137,0.0,0.0,-0.1137,0.4936,1,-0.0148,0.00906,-0.00014,8.6,0,1025000,52,0,0.036
C-03378,0.1618,0.0,0.0,-0.0224,0.4359,0,0.0111,0.011,0.0018,0.9,0,120500,41,0,0.012
C-03379,0.0926,0.0,0.0,-0.0926,0.2,1,0.0177,0.011,0.0018,1.1,0,54000,53,0,0.071
C-03380,0.0619,0.0,0.0,0.0581,1.0,0,0.0346,0.011,0.0018,1.7,0,105000,72,0,0.05
C-03381,0.1216,0.0,0.0,-0.1216,0.7419,1,0.0514,0.011,0.0018,1.4,1,127500,34,1,0.287
C-03382,0.1093,0.0,0.0,-0.0437,0.3958,0,0.0103,0.011,0.0018,0.4,1,219500,59,0,0.055
C-03383,0.1295,0.0,0.0,-0.1151,0.2769,0,0.0042,0.01099,0.00179,0.3,0,251000,28,0,0.077
C-03384,0.1819,0.5329,0.0969,-0.1349,0.8743,0,0.0164,0.00986,0.00066,2.0,1,459000,58,0,0.0
C-03385,0.1358,0.0,0.0,-0.1242,0.2929,0,-0.0133,0.00971,0.00051,1.6,0,515500,72,0,0.035
C-03386,0.1651,0.1538,0.0254,-0.1062,0.3949,0,0.0143,0.00956,0.00036,1.4,1,590500,46,0,0.042
C-03387,0.1012,0.3469,0.0351,-0.0219,0.4286,0,0.0059,0.011,0.0018,1.6,0,242000,26,0,0.013
C-03388,0.204,0.122,0.0249,-0.0846,0.5854,0,0.0087,0.011,0.0018,9,0,100500,31,0,0.035
C-03389,0.2171,0.6579,0.1429,-0.1691,0.3947,0,0.0258,0.011,0.0018,23.1,1,87500,66,0,0.055
C-03390,0.1129,0.0,0.0,0.0613,0.6429,0,0.0053,0.011,0.0018,17.0,0,62000,61,0,0.034
C-03391,0.0935,0.0,0.0,-0.0842,0.0,0,-0.0208,0.00738,-0.00182,16,0,2974500,38,0,0.019
C-03392,0.1014,0.0,0.0,-0.0145,0.7143,0,-0.0033,0.011,0.0018,3.8,0,69000,58,0,0.035
C-03393,0.0935,0.0,0.0,0.0619,0.0,0,-0.0152,0.011,0.0018,1.4,0,139000,58,0,0.019
C-03394,0.0124,0.0,0.0,0.0001,0.0,0,-0.0049,0.00932,0.00012,23.9,0,766000,53,0,0.0
C-03395,0.0864,0.0,0.0,-0.07,0.0,0,-0.0103,0.00726,-0.00194,1.0,1,3154500,54,0,0.078
C-03396,0.1772,0.3929,0.0696,-0.1165,0.1429,0,-0.0049,0.011,0.0018,11.7,0,79000,40,0,0.047
C-03397,0.1599,0.0,0.0,-0.1599,0.3404,1,0.0124,0.011,0.0018,3.1,1,147000,32,0,0.04
C-03398,0.1011,0.0,0.0,-0.0957,0.7162,0,-0.005,0.00573,-0.00347,0.5,1,9796000,62,0,0.086
C-03399,0.1232,0.0,0.0,-0.0983,0.3263,0,0.0091,0.01012,0.00092,1.2,0,385500,71,0,0.071
C-03400,0.1596,0.0,0.0,0.0319,0.5333,0,0.0354,0.011,0.0018,3,0,47000,25,0,0.021
C-03401,0.1343,0.0,0.0,-0.0806,0.5556,0,-0.0179,0.011,0.0018,5.3,0,67000,31,0,0.032
C-03402,0.1153,0.0,0.0,-0.0983,0.6135,0,0.0145,0.00938,0.00018,1.4,0,707000,43,0,0.052
C-03403,0.2152,0.2706,0.0582,-0.1605,0.4588,0,-0.0031,0.011,0.0018,15.7,0,197500,39,0,0.04
C-03404,0.0497,0.0,0.0,-0.0497,0.6364,1,0.0444,0.011,0.0018,3.0,0,221500,41,0,0.043
C-03405,0.17,0.0,0.0,-0.0818,0.3964,0,0.0081,0.01041,0.00121,1.5,0,326500,32,0,0.032
C-03406,0.1754,0.5345,0.0938,-0.0956,0.2184,0,-0.0036,0.00976,0.00056,1.4,1,496000,55,0,0.056
C-03407,0.1589,0.0,0.0,-0.1589,0.6667,1,0.0049,0.011,0.0018,4.9,0,75500,75,0,0.024
C-03408,0.1262,0.0,0.0,0.2645,0.3684,0,-0.0028,0.011,0.0018,13.3,0,150500,50,0,0.056
C-03409,0.1006,0.0,0.0,0.062,0.102,0,0.0028,0.011,0.0018,11.9,0,243500,44,0,0.05
C-03410,0.0328,0.0,0.0,-0.0328,0.3,1,-0.0047,0.01055,0.00135,6.2,1,305000,45,0,0.042
C-03411,0.1573,0.0,0.0,0.0584,0.7143,0,-0.0055,0.011,0.0018,2.1,0,44500,35,0,0.003
C-03412,0.1455,0.1429,0.0208,-0.1191,0.7059,0,-0.0216,0.01003,0.00083,0.3,0,409000,56,0,0.047
C-03413,0.2116,0.0,0.0,-0.2047,0.5845,0,0.0094,0.00939,0.00019,10.7,0,699500,73,0,0.053
C-03414,0.1653,0.0,0.0,-0.1391,0.3802,0,0.0303,0.01021,0.00101,2.4,1,366000,66,0,0.042
C-03415,0.3227,0.7469,0.241,-0.2749,0.1481,0,0.0539,0.01099,0.00179,12.2,0,251000,52,0,0.027
C-03416,0.0574,0.0,0.0,-0.0574,1.0,1,0.0065,0.011,0.0018,4.3,0,61000,36,0,0.069
C-03417,0.1331,0.0,0.0,-0.1003,0.5962,0,0.03,0.00957,0.00037,6.9,0,586000,50,1,0.096
C-03418,0.096,0.0,0.0,-0.0944,0.0,0,0.0407,0.00695,-0.00225,13.2,0,3649500,51,0,0.05
C-03419,0.1436,0.0,0.0,-0.1436,0.3571,1,0.0488,0.011,0.0018,12.2,1,195000,50,0,0.053
C-03420,0.0777,0.0,0.0,-0.0777,0.5,1,-0.0166,0.011,0.0018,3.0,1,51500,70,0,0.045
C-03421,0.0581,0.0,0.0,-0.0581,0.75,1,0.0549,0.01052,0.00132,13,1,310000,35,0,0.104
C-03422,0.1318,0.0,0.0,-0.126,0.4426,0,0.0521,0.00778,-0.00142,11.8,1,2049000,44,0,0.0
C-03423,0.1638,0.0,0.0,-0.1638,0.4211,1,0.0086,0.011,0.0018,5.5,1,58000,52,0,0.018
C-03424,0.0593,0.0,0.0,-0.0436,1.0,0,-0.0061,0.00683,-0.00237,2.5,1,3898000,56,0,0.0
C-03425,0.1035,0.0,0.0,-0.0579,0.8299,0,0.028,0.00938,0.00018,1.9,0,710000,47,0,0.097
C-03426,0.0923,0.0,0.0,-0.0896,0.0474,0,-0.0022,0.00722,-0.00198,22.2,0,3203000,60,0,0.053
C-03427,0.138,0.0,0.0,-0.0976,0.4146,0,0.0107,0.011,0.0018,1.9,0,148500,66,0,0.077
C-03428,0.1068,0.0,0.0,0.0796,0.7273,0,0.0017,0.011,0.0018,2.0,0,51500,25,0,0.043
C-03429,0.2111,0.3875,0.0818,-0.1351,0.85,0,0.0104,0.011,0.0018,5,0,189500,27,0,0.023
C-03430,0.1621,0.0,0.0,0.1605,0.5122,0,0.0048,0.011,0.0018,2.0,0,126500,47,0,0.056
C-03431,0.1032,0.0,0.0,-0.0527,0.3056,0,0.037,0.011,0.0018,0.6,0,174500,30,0,0.028
C-03432,0.125,0.4795,0.0599,-0.0346,0.6986,0,-0.0033,0.01064,0.00144,3.7,0,292000,26,0,0.07
C-03433,0.0476,0.0,0.0,-0.0222,0.8571,0,0.0481,0.011,0.0018,2.4,0,220500,45,0,0.039
C-03434,0.117,0.0,0.0,-0.117,0.7273,1,0.0011,0.011,0.0018,1.6,1,47000,61,0,0.044
C-03435,0.1372,0.0,0.0,-0.1095,0.0,0,0.0069,0.0101,0.0009,2.0,0,390000,73,0,0.058
C-03436,0.0804,0.0,0.0,-0.0727,0.0,0,0.037,0.00603,-0.00317,11.9,1,6911500,42,0,0.061
C-03437,0.1718,0.0,0.0,-0.1718,0.1944,1,0.0464,0.011,0.0018,3.8,0,209500,43,1,0.202
C-03438,0.4959,0.8197,0.4065,-0.4959,0.5574,1,0.0445,0.011,0.0018,2.1,1,61500,42,1,0.625
C-03439,0.1467,0.4318,0.0633,-0.1467,0.75,1,0.0024,0.011,0.0018,1.1,0,150000,41,0,0.0
C-03440,0.0979,0.0,0.0,-0.0838,0.0,0,0.0072,0.00932,0.00012,7.4,0,766000,41,0,0.03
C-03441,0.0416,0.0,0.0,0.0748,0.5,0,0.0169,0.011,0.0018,11.2,0,216500,34,0,0.048
C-03442,0.0598,0.0,0.0,-0.0598,0.5,1,0.0073,0.00868,-0.00052,5.5,1,1204000,39,0,0.03
C-03443,0.0758,0.0,0.0,-0.0248,0.3,0,0.026,0.01039,0.00119,13.9,0,330000,72,0,0.048
C-03444,0.1165,0.0,0.0,-0.1141,0.8138,0,-0.0045,0.00705,-0.00215,8.9,1,3479500,56,0,0.079
C-03445,0.1565,0.0,0.0,-0.1299,0.0978,0,0.0373,0.01063,0.00143,7.1,1,294000,72,1,0.195
C-03446,0.0782,0.0,0.0,-0.0782,0.5709,1,-0.0057,0.00796,-0.00124,19,0,1802000,41,0,0.033
C-03447,0.0901,0.0,0.0,-0.0493,0.4151,0,-0.02,0.01063,0.00143,9.5,0,294000,62,0,0.026
C-03448,0.0756,0.0,0.0,-0.0756,0.9251,1,0.0095,0.00769,-0.00151,12.4,0,2208500,58,1,0.065
C-03449,0.0979,0.5,0.049,-0.0602,0.9136,0,0.0129,0.00926,6e-05,1.3,1,827000,59,0,0.016
C-03450,0.0927,0.0,0.0,-0.0291,0.3571,0,0.0046,0.011,0.0018,8.5,0,75500,56,1,0.364
C-03451,0.1939,0.0,0.0,-0.1822,0.5152,0,-0.0021,0.00972,0.00052,8.3,1,510500,74,0,0.057
C-03452,0.1576,0.0,0.0,-0.1473,0.2254,0,0.0457,0.00931,0.00011,10.5,1,774000,73,0,0.038
C-03453,0.092,0.0,0.0,0.0046,0.4375,0,-0.0102,0.011,0.0018,2.3,1,87000,58,0,0.032
C-03454,0.0427,0.0,0.0,-0.0008,0.7273,0,0.0006,0.01093,0.00173,5.4,0,257500,69,0,0.0
C-03455,0.0437,0.0,0.0,-0.0437,0.5714,1,0.0095,0.01045,0.00125,7.9,1,320000,58,0,0.031
C-03456,0.1409,0.0,0.0,-0.1409,0.3978,1,-0.0059,0.01039,0.00119,2.2,0,330000,66,0,0.0
C-03457,0.0769,0.0,0.0,-0.0769,0.4615,1,0.0063,0.011,0.0018,7.7,0,84500,61,0,0.063
C-03458,0.1039,0.0,0.0,-0.0724,0.3563,0,-0.0007,0.00999,0.00079,0.4,1,418500,45,0,0.029
C-03459,0.1494,0.0,0.0,-0.1494,0.2422,1,0.01,0.00996,0.00076,14,1,428500,36,1,0.26
C-03460,0.0448,0.0,0.0,0.0964,0.25,0,-0.001,0.011,0.0018,2.0,0,178500,33,0,0.001
C-03461,0.1364,0.3333,0.0455,0.0164,0.6667,0,-0.0176,0.011,0.0018,0.3,0,55000,54,0,0.05
C-03462,0.176,0.0,0.0,-0.1479,0.5754,0,0.0028,0.00927,7e-05,5.4,1,809500,41,0,0.021
C-03463,0.0545,0.8333,0.0455,0.2945,0.0,0,0.0053,0.011,0.0018,3.7,1,55000,27,1,0.8
C-03464,0.138,0.0,0.0,-0.1333,0.7943,0,-0.0072,0.00933,0.00013,6.6,0,757000,70,0,0.022
C-03465,0.0412,0.0,0.0,-0.0022,0.4394,0,0.0042,0.00928,8e-05,6.8,0,801500,54,0,0.07
C-03466,0.1689,0.1685,0.0285,-0.1689,0.3371,1,-0.0064,0.01087,0.00167,11,0,263500,33,1,0.234
C-03467,0.2057,0.4255,0.0875,-0.1707,0.7766,0,0.0292,0.00941,0.00021,12.4,0,685500,63,1,0.294
C-03468,0.1528,0.0,0.0,-0.0731,0.3261,0,-0.0162,0.011,0.0018,9.1,0,150500,41,0,0.001
C-03469,0.1349,0.0,0.0,-0.1206,0.5328,0,0.0116,0.00758,-0.00162,3.3,0,2427500,68,0,0.014
C-03470,0.1011,0.0,0.0,-0.1011,0.3492,1,-0.0101,0.0095,0.0003,4.5,0,623000,62,0,0.0
C-03471,0.3593,0.8962,0.322,-0.278,0.5283,0,0.0509,0.011,0.0018,1.5,1,147500,43,1,0.609
C-03472,0.0193,0.0,0.0,0.1792,0.0,0,-0.0047,0.00984,0.00064,3.6,0,465500,64,0,0.098
C-03473,0.0483,0.0,0.0,-0.0483,0.7586,1,0.0155,0.01058,0.00138,0.9,1,300500,34,0,0.0
C-03474,0.0602,0.0,0.0,-0.0105,1.0,0,-0.0044,0.01085,0.00165,1.0,0,266000,38,0,0.066
C-03475,0.0821,0.0,0.0,0.0857,0.1852,0,-0.0023,0.011,0.0018,0.3,0,164500,37,0,0.067
C-03476,0.1143,0.5833,0.0667,-0.1143,0.3333,1,-0.0051,0.011,0.0018,2.4,0,52500,27,0,0.066
C-03477,0.1299,0.0,0.0,-0.1227,0.249,0,-0.0071,0.00793,-0.00127,8.9,0,1840500,57,0,0.0
C-03478,0.0794,0.0,0.0,-0.0733,0.0753,0,-0.016,0.00957,0.00037,8.2,1,585500,65,0,0.092
C-03479,0.1865,0.6871,0.1282,-0.1622,0.7891,0,0.0057,0.01009,0.00089,7.1,1,394000,55,0,0.082
C-03480,0.1013,0.0,0.0,0.1013,0.625,0,0.0317,0.011,0.0018,9,0,118500,31,0,0.001
C-03481,0.0825,0.0,0.0,0.1649,0.0,0,0.0005,0.011,0.0018,6.3,0,48500,32,0,0.007
C-03482,0.0725,0.5333,0.0386,-0.0725,1.0,1,0.0083,0.011,0.0018,5,1,103500,27,1,0.699
C-03483,0.0856,0.0,0.0,-0.0856,0.3137,1,-0.0146,0.0106,0.0014,5.4,1,298000,50,0,0.033
C-03484,0.0746,0.0,0.0,-0.0551,0.6522,0,0.0392,0.00951,0.00031,4.7,0,617000,43,0,0.026
C-03485,0.1562,0.0,0.0,0.1437,0.4667,0,-0.0205,0.011,0.0018,4,0,48000,26,0,0.016
C-03486,0.1547,0.0,0.0,-0.1149,0.756,0,-0.025,0.00965,0.00045,4.5,0,543000,61,0,0.047
C-03487,0.2985,0.8171,0.2439,-0.2985,0.9144,1,0.0478,0.00995,0.00075,4.8,0,430500,36,1,0.712
C-03488,0.1935,0.0,0.0,-0.0246,0.6667,0,-0.0085,0.011,0.0018,1.9,0,170500,40,0,0.046
C-03489,0.0175,0.0,0.0,0.0061,0.0,0,0.0255,0.00959,0.00039,1.7,1,573000,37,0,0.083
C-03490,0.1431,0.0,0.0,-0.1431,0.7731,1,0.0132,0.00933,0.00013,13.5,0,754500,59,0,0.047
C-03491,0.0751,0.0,0.0,-0.059,0.0,0,-0.003,0.00818,-0.00102,18.4,0,1564000,55,0,0.02
C-03492,0.0707,0.0,0.0,-0.0322,0.0933,0,0.0106,0.00968,0.00048,0.5,0,530500,36,0,0.009
C-03493,0.0796,0.3478,0.0277,-0.0796,0.0,1,-0.0095,0.011,0.0018,2.6,0,144500,30,0,0.069
C-03494,0.1517,0.1357,0.0206,-0.1096,0.3668,0,-0.0063,0.00945,0.00025,6.8,0,656000,42,1,0.178
C-03495,0.2067,0.0,0.0,-0.0467,0.2903,0,-0.0096,0.011,0.0018,8.0,1,75000,38,1,0.522
C-03496,0.134,0.5943,0.0796,-0.0278,0.0943,0,0.0059,0.01008,0.00088,11.0,0,395500,55,1,0.573
C-03497,0.134,0.0,0.0,0.1629,0.2308,0,-0.0195,0.011,0.0018,8.7,0,48500,46,0,0.045
C-03498,0.1294,0.0,0.0,-0.119,0.0,0,0.0124,0.00777,-0.00143,0.3,0,2070500,42,0,0.047
C-03499,0.1275,0.0,0.0,-0.1069,0.6828,0,0.0001,0.0083,-0.0009,4.0,0,1459000,50,0,0.0
C-03500,0.0963,0.0,0.0,-0.0903,0.7155,0,0.0,0.00868,-0.00052,4.8,0,1205000,27,0,0.053
C-03501,0.125,0.0,0.0,0.25,0.0,0,0.007,0.011,0.0018,3,0,48000,25,0,0.068
C-03502,0.0588,0.0,0.0,-0.0435,0.4348,0,-0.0029,0.0093,0.0001,9.0,1,782000,35,0,0.043
C-03503,0.1086,0.0,0.0,-0.1019,0.7682,0,-0.0183,0.00895,-0.00025,5.8,0,1072500,52,0,0.002
C-03504,0.1373,0.0,0.0,0.0232,0.6667,0,-0.0114,0.011,0.0018,1.3,1,142000,35,0,0.048
C-03505,0.2788,0.2345,0.0654,-0.2788,0.2932,1,0.0423,0.00964,0.00044,2.2,0,550500,37,0,0.032
C-03506,0.1882,0.0,0.0,-0.1882,0.4231,1,-0.0049,0.00963,0.00043,18.6,0,552500,72,0,0.019
C-03507,0.1799,0.5294,0.0952,-0.1354,0.8235,0,0.0189,0.011,0.0018,11.8,1,94500,74,0,0.054
C-03508,0.0726,0.0,0.0,-0.048,0.4847,0,0.0162,0.00884,-0.00036,16,0,1123000,38,0,0.042
C-03509,0.0938,0.0,0.0,-0.0021,1.0,0,0.0334,0.011,0.0018,7.9,0,144000,42,0,0.056
C-03510,0.0612,0.0,0.0,-0.0578,0.6034,0,0.0047,0.00741,-0.00179,0.3,0,2885500,51,0,0.001
C-03511,0.0549,0.0,0.0,-0.0254,0.0,0,0.0046,0.00968,0.00048,2.6,0,528500,67,0,0.003
C-03512,0.0695,0.0,0.0,-0.0502,0.5,0,0.0515,0.01091,0.00171,5.5,1,259000,68,1,0.381
C-03513,0.1418,0.0,0.0,-0.1418,0.8243,1,-0.0026,0.01089,0.00169,1.1,1,261000,48,0,0.026
C-03514,0.0707,0.0,0.0,-0.0707,0.5714,1,-0.0116,0.011,0.0018,21.6,0,49500,44,0,0.015
C-03515,0.1291,0.2736,0.0353,-0.1291,0.4623,1,0.0388,0.01002,0.00082,19.0,0,410500,65,0,0.018
C-03516,0.1895,0.3333,0.0632,0.1895,0.3333,0,-0.0017,0.011,0.0018,7.8,0,47500,31,1,0.339
C-03517,0.1935,0.3889,0.0753,-0.0129,0.6111,0,0.0082,0.011,0.0018,17.2,0,46500,66,0,0.006
C-03518,0.1741,0.0,0.0,-0.1205,0.4103,0,-0.0079,0.011,0.0018,9,0,112000,31,0,0.099
C-03519,0.131,0.3922,0.0514,0.2513,0.3186,0,-0.0019,0.0093,0.0001,6.2,1,778500,54,0,0.036
C-03520,0.1,0.0,0.0,0.032,0.3,0,-0.0072,0.011,0.0018,0.5,0,100000,26,0,0.0
C-03521,0.0747,0.0,0.0,-0.069,0.0,0,-0.0025,0.006,-0.0032,5.3,0,7102000,51,0,0.016
C-03522,0.0813,0.0,0.0,-0.0458,0.4242,0,0.0041,0.011,0.0018,3,0,203000,25,0,0.048
C-03523,0.1226,0.5851,0.0717,-0.0506,0.2872,0,0.0017,0.01013,0.00093,3.0,0,383500,38,0,0.033
C-03524,0.0562,0.0,0.0,-0.0562,1.0,1,0.0261,0.00913,-7e-05,3.4,0,987500,65,0,0.074
C-03525,0.1211,0.0,0.0,-0.1109,0.1125,0,-0.0035,0.00809,-0.00111,5.6,0,1652000,43,0,0.01
C-03526,0.1239,0.0,0.0,-0.1162,0.4,0,0.0166,0.00891,-0.00029,15.1,1,1089500,60,0,0.042
C-03527,0.1608,0.0,0.0,-0.0434,0.1739,0,0.0031,0.011,0.0018,0.5,0,71500,32,1,0.617
C-03528,0.2559,0.3452,0.0883,-0.223,0.2411,0,0.02,0.00945,0.00025,3.2,0,656500,72,0,0.067
C-03529,0.0529,0.0,0.0,0.0132,0.0,0,-0.002,0.00988,0.00068,3.8,0,453500,36,0,0.014
C-03530,0.0609,0.0,0.0,-0.0122,0.5238,0,-0.023,0.011,0.0018,0.4,0,172500,26,0,0.0
C-03531,0.118,0.0,0.0,-0.118,0.7368,1,-0.0056,0.011,0.0018,5.0,0,80500,48,0,0.06
C-03532,0.0665,0.0,0.0,-0.0485,0.4355,0,-0.0095,0.00917,-3e-05,10.4,0,932000,55,0,0.031
C-03533,0.1161,0.0,0.0,0.0232,0.2222,0,-0.0045,0.011,0.0018,0.3,0,77500,39,0,0.072
C-03534,0.0653,0.0,0.0,-0.0653,0.0,1,0.0479,0.00927,7e-05,5.1,0,811500,53,0,0.0
C-03535,0.0762,0.0,0.0,-0.0762,0.4961,1,0.0315,0.00924,4e-05,3.6,1,846500,28,0,0.079
C-03536,0.2839,0.2965,0.0842,-0.2839,0.2168,1,0.0416,0.01007,0.00087,5.6,0,398000,36,0,0.039
C-03537,0.0903,0.0,0.0,-0.0123,0.32,0,0.0054,0.011,0.0018,15.4,0,138500,44,0,0.049
C-03538,0.2163,0.0,0.0,-0.0792,0.2453,0,0.0002,0.011,0.0018,7.0,0,122500,38,0,0.008
C-03539,0.1358,0.0,0.0,-0.1358,0.6024,1,0.0442,0.01055,0.00135,0.3,1,305500,57,0,0.015
C-03540,0.2561,0.2619,0.0671,-0.2561,0.5952,1,-0.0077,0.011,0.0018,7.5,1,82000,66,0,0.033
C-03541,0.0797,0.0,0.0,-0.0536,0.4773,0,-0.0051,0.01076,0.00156,7.9,0,276000,48,0,0.026
C-03542,0.0804,0.0,0.0,-0.0804,0.5538,1,0.0145,0.01005,0.00085,0.3,0,404000,29,1,0.301
C-03543,0.1144,0.0,0.0,-0.1114,0.4856,0,0.0131,0.00866,-0.00054,23.6,1,1215000,72,0,0.026
C-03544,0.2156,0.5426,0.117,-0.1661,0.2766,0,-0.0041,0.011,0.0018,4.3,1,218000,61,0,0.025
C-03545,0.2427,0.3077,0.0747,-0.1631,0.7179,0,0.0106,0.011,0.0018,21.7,0,241000,45,0,0.088
C-03546,0.1562,0.2667,0.0417,0.0437,0.8,0,0.0027,0.011,0.0018,3.5,0,48000,33,0,0.041
C-03547,0.1454,0.0,0.0,-0.1394,0.1588,0,-0.0261,0.00928,8e-05,10.6,0,801500,74,0,0.024
C-03548,0.1846,0.0,0.0,0.0554,0.5,0,0.0032,0.011,0.0018,0.5,0,65000,44,0,0.045
C-03549,0.0728,0.0,0.0,-0.0728,0.4818,1,0.005,0.00651,-0.00269,5.3,0,4718500,70,0,0.106
C-03550,0.211,0.4972,0.1049,-0.211,0.6342,1,0.0342,0.00752,-0.00168,12.3,0,2578000,39,0,0.055
C-03551,0.1769,0.3654,0.0646,-0.0789,0.2692,0,-0.0102,0.011,0.0018,1.2,0,147000,42,0,0.044
C-03552,0.1208,0.0,0.0,-0.0674,0.2,0,-0.0046,0.00971,0.00051,2.9,0,517500,64,0,0.052
C-03553,0.1746,0.0,0.0,-0.1583,0.329,0,-0.0024,0.00944,0.00024,4.6,0,661500,51,0,0.019
C-03554,0.1177,0.0,0.0,-0.089,0.9383,0,-0.0108,0.00816,-0.00104,0.8,0,1584000,70,0,0.033
C-03555,0.0874,0.0,0.0,-0.0874,0.75,1,0.0012,0.011,0.0018,8.0,0,91500,32,0,0.006
C-03556,0.0694,0.0,0.0,-0.0075,0.6857,0,0.0018,0.01098,0.00178,3.6,1,252000,72,0,0.027
C-03557,0.3404,0.6458,0.2199,-0.3404,0.0,1,0.0436,0.011,0.0018,22.1,1,141000,47,1,0.306
C-03558,0.1186,0.0,0.0,-0.1146,0.2312,0,0.0106,0.00776,-0.00144,6.0,0,2078000,73,0,0.058
C-03559,0.0558,0.0,0.0,-0.0558,0.0,1,-0.0143,0.011,0.0018,2.3,0,98500,51,0,0.041
C-03560,0.1083,0.0,0.0,-0.0631,0.5913,0,0.0079,0.00968,0.00048,4.2,0,531000,74,0,0.089
C-03561,0.1474,0.0,0.0,0.2821,0.4286,0,-0.0155,0.011,0.0018,6.7,1,47500,45,0,0.039
C-03562,0.4187,0.6941,0.2906,-0.4187,0.1412,1,0.0545,0.011,0.0018,0.7,1,203000,61,1,0.633
C-03563,0.1132,0.446,0.0505,-0.0546,0.2806,0,-0.0132,0.00952,0.00032,0.3,1,614000,56,0,0.077
C-03564,0.1074,0.0,0.0,-0.0934,0.45,0,-0.0058,0.00885,-0.00035,3.6,0,1117500,47,0,0.03
C-03565,0.1615,0.0,0.0,-0.1115,0.5806,0,-0.0024,0.011,0.0018,7.7,0,96000,70,0,0.084
C-03566,0.0548,0.0,0.0,-0.0346,0.0,0,-0.0141,0.00916,-4e-05,4.6,0,948500,36,0,0.039
C-03567,0.2681,0.3525,0.0945,-0.1732,0.0902,0,0.0024,0.011,0.0018,6.1,1,227500,37,0,0.029
C-03568,0.1611,0.0,0.0,-0.1129,0.1594,0,0.0121,0.00895,-0.00025,5.2,0,1071000,64,0,0.099
C-03569,0.1326,0.4386,0.0581,-0.1326,0.7544,1,0.0474,0.011,0.0018,12.9,0,215000,50,1,0.553
C-03570,0.2002,0.4018,0.0804,-0.0994,0.7455,0,0.0091,0.00962,0.00042,2.8,1,559500,49,0,0.094
C-03571,0.2589,0.3678,0.0952,-0.2589,0.6322,1,0.0019,0.011,0.0018,1.1,0,168000,29,0,0.035
C-03572,0.0865,0.0,0.0,-0.0035,0.12,0,-0.0015,0.01066,0.00146,7.5,0,289000,43,0,0.0
C-03573,0.1631,0.0,0.0,-0.1631,0.467,1,-0.0107,0.00748,-0.00172,3.1,0,2691000,47,0,0.088
C-03574,0.0522,0.0,0.0,0.0188,1.0,0,-0.0102,0.01067,0.00147,8,0,287500,30,0,0.023
C-03575,0.0936,0.0,0.0,0.0155,0.0,0,-0.0076,0.011,0.0018,0.3,1,187000,27,0,0.053
C-03576,0.0359,0.0,0.0,-0.0207,0.4412,0,0.0529,0.00916,-4e-05,24.1,0,946500,75,0,0.054
C-03577,0.1316,0.0,0.0,-0.1316,0.5511,1,-0.0117,0.00943,0.00023,0.5,0,668500,31,0,0.0
C-03578,0.0876,0.0,0.0,-0.0876,0.5909,1,-0.0019,0.011,0.0018,0.5,1,125500,47,0,0.033
C-03579,0.3592,0.3273,0.1176,-0.3381,0.7628,0,0.0418,0.00985,0.00065,22.6,0,463500,55,0,0.096
C-03580,0.0578,0.0,0.0,-0.0578,0.125,1,0.0525,0.011,0.0018,1.5,0,138500,40,0,0.024
C-03581,0.2403,0.5915,0.1421,-0.1794,0.4437,0,0.054,0.01062,0.00142,1.0,1,295500,50,1,0.352
C-03582,0.0637,0.0,0.0,-0.0393,0.0,0,-0.0177,0.00965,0.00045,7.3,1,541500,74,0,0.041
C-03583,0.2029,0.0,0.0,-0.1612,0.2567,0,-0.0082,0.0091,-0.0001,7,0,1008000,29,0,0.007
C-03584,0.1471,0.1408,0.0207,-0.1302,0.7831,0,0.0122,0.00867,-0.00053,4.8,0,1207000,73,0,0.08
C-03585,0.1306,0.0,0.0,-0.1306,0.4773,1,-0.0069,0.01035,0.00115,0.7,0,337000,75,0,0.012
C-03586,0.158,0.0,0.0,-0.158,0.3111,1,0.0181,0.0096,0.0004,4.8,0,569500,44,0,0.008
C-03587,0.2043,0.0,0.0,-0.2043,0.3582,1,0.0037,0.011,0.0018,9.4,0,164000,54,0,0.0
C-03588,0.1488,0.0,0.0,-0.1256,0.1852,0,-0.0002,0.00936,0.00016,1.6,0,726000,38,0,0.071
C-03589,0.2352,0.3257,0.0766,-0.1546,0.5714,0,0.0508,0.01018,0.00098,10.5,0,372000,48,1,0.466
C-03590,0.1085,0.0,0.0,-0.0723,0.694,0,-0.0057,0.00853,-0.00067,3.3,0,1295500,46,0,0.019
C-03591,0.1333,0.0,0.0,-0.0296,0.6111,0,0.0418,0.011,0.0018,7.8,1,67500,48,0,0.082
C-03592,0.0769,0.0,0.0,0.0985,0.0,0,-0.0096,0.011,0.0018,2.3,1,130000,42,0,0.097
C-03593,0.1045,0.0,0.0,-0.0955,0.3214,0,-0.0003,0.01005,0.00085,10.8,1,402000,61,0,0.023
C-03594,0.069,0.0,0.0,0.0138,0.0,0,0.0053,0.011,0.0018,18.6,0,174000,65,0,0.053
C-03595,0.1274,0.0,0.0,-0.084,0.0,0,0.0028,0.00934,0.00014,21,0,745500,43,0,0.015
C-03596,0.1677,0.0,0.0,-0.0383,0.0,0,0.0019,0.011,0.0018,3.1,0,83500,44,0,0.026
C-03597,0.1556,0.0,0.0,-0.1266,0.2427,0,-0.0101,0.01039,0.00119,2.2,1,331000,65,0,0.02
C-03598,0.1142,0.0,0.0,-0.1007,0.4987,0,0.0014,0.00806,-0.00114,3.2,0,1686000,40,0,0.0
C-03599,0.0741,0.0,0.0,0.2148,0.25,0,-0.0066,0.011,0.0018,16.3,0,54000,41,0,0.03
C-03600,0.1818,0.0,0.0,-0.1273,0.3333,0,-0.0033,0.011,0.0018,0.3,1,66000,35,0,0.047
C-03601,0.1582,0.0,0.0,0.0392,0.68,0,0.0013,0.011,0.0018,3.0,1,79000,33,0,0.002
C-03602,0.0978,0.0,0.0,0.0326,0.6667,0,-0.009,0.011,0.0018,5,1,46000,27,0,0.064
C-03603,0.1224,0.0,0.0,-0.1128,0.0,0,0.0063,0.0079,-0.0013,2.7,0,1879000,51,0,0.025
C-03604,0.0924,0.0,0.0,-0.0804,0.2857,0,-0.0025,0.00705,-0.00215,2.5,0,3483000,56,0,0.031
C-03605,0.3455,0.9176,0.3171,-0.287,0.3765,0,0.0512,0.011,0.0018,1.6,0,123000,58,1,0.858
C-03606,0.098,0.0,0.0,-0.098,0.0,1,-0.0013,0.011,0.0018,0.8,0,127500,44,0,0.037
C-03607,0.1174,0.0,0.0,-0.1067,0.4051,0,0.0016,0.0091,-0.0001,1.9,1,1009000,49,0,0.0
C-03608,0.0851,0.0,0.0,-0.0586,0.1587,0,0.0447,0.00934,0.00014,9.9,1,740000,46,0,0.056
C-03609,0.1648,0.0,0.0,-0.0916,0.7333,0,0.0354,0.011,0.0018,9.0,0,136500,37,0,0.081
C-03610,0.0423,0.0,0.0,-0.0423,0.3333,1,0.0293,0.011,0.0018,10.8,0,71000,36,0,0.003
C-03611,0.2838,0.2882,0.0818,-0.2558,0.2176,0,-0.0046,0.01059,0.00139,1.3,1,299500,69,0,0.048
C-03612,0.0968,0.0,0.0,0.2129,0.2222,0,0.0,0.011,0.0018,10.2,0,46500,37,0,0.084
C-03613,0.2078,0.0,0.0,-0.2023,0.125,0,-0.0023,0.00945,0.00025,2.7,1,654500,73,0,0.035
C-03614,0.1243,0.2674,0.0332,-0.1243,0.5,1,-0.0009,0.01031,0.00111,9,0,346000,31,0,0.079
C-03615,0.156,0.0,0.0,-0.1452,0.0,0,-0.0056,0.00644,-0.00276,6.5,1,4963500,43,0,0.028
C-03616,0.2017,0.0,0.0,-0.1957,0.3351,0,-0.0097,0.00839,-0.00081,8.2,0,1390500,59,0,0.032
C-03617,0.2465,0.106,0.0261,-0.2443,0.1799,0,-0.0071,0.00573,-0.00347,3.0,0,9744000,49,0,0.069
C-03618,0.1044,0.0,0.0,-0.0801,0.7419,0,0.005,0.011,0.0018,23.8,0,148500,68,0,0.038
C-03619,0.1237,0.5833,0.0722,-0.1237,0.25,1,0.0112,0.011,0.0018,10.8,1,145500,69,0,0.043
C-03620,0.0969,0.0,0.0,-0.0223,0.6226,0,-0.0049,0.01079,0.00159,28.3,0,273500,63,0,0.04
C-03621,0.0777,0.0,0.0,-0.0547,0.6111,0,-0.0106,0.00902,-0.00018,0.7,0,1042500,70,0,0.031
C-03622,0.039,0.0,0.0,-0.0016,0.0,0,-0.0173,0.00958,0.00038,4.6,0,577000,67,0,0.081
C-03623,0.1057,0.0,0.0,-0.0932,0.623,0,0.0461,0.00877,-0.00043,2.0,0,1154500,29,0,0.0
C-03624,0.0644,0.0,0.0,-0.0569,0.5326,0,0.0049,0.00746,-0.00174,10.3,1,2742000,63,0,0.03
C-03625,0.0702,0.0,0.0,-0.059,1.0,0,0.0285,0.01045,0.00125,2.2,0,320500,72,0,0.029
C-03626,0.1394,0.2892,0.0403,-0.1394,1.0,1,0.0021,0.00935,0.00015,30,0,731500,63,0,0.058
C-03627,0.1561,0.3588,0.056,-0.1561,0.2412,1,0.033,0.00965,0.00045,1.7,1,544500,47,1,0.654
C-03628,0.0945,0.0,0.0,0.0126,0.5833,0,-0.0185,0.011,0.0018,0.6,0,190500,49,0,0.044
C-03629,0.0699,0.0,0.0,-0.0463,0.0,0,0.0168,0.01003,0.00083,2.2,0,408000,48,0,0.075
C-03630,0.1155,0.0,0.0,-0.1155,0.6477,1,0.0035,0.01014,0.00094,6.6,0,381000,47,0,0.017
C-03631,0.1074,0.0,0.0,-0.1074,0.3723,1,-0.0022,0.0085,-0.0007,15.4,1,1313000,44,0,0.04
C-03632,0.1952,0.0,0.0,-0.1822,0.4552,0,-0.0152,0.01018,0.00098,11.4,1,371500,72,0,0.029
C-03633,0.3052,0.6184,0.1888,-0.2618,0.1184,0,0.0418,0.011,0.0018,4.3,0,124500,30,0,0.034
C-03634,0.0645,0.0,0.0,-0.0645,0.0,1,0.0107,0.011,0.0018,0.3,0,46500,54,0,0.0
C-03635,0.0811,0.4444,0.036,0.2432,0.1111,0,0.0051,0.011,0.0018,10.5,0,55500,34,0,0.0
C-03636,0.033,0.0,0.0,-0.033,0.38,1,-0.003,0.00933,0.00013,0.9,1,756500,64,0,0.0
C-03637,0.1996,0.236,0.0471,-0.1081,0.5056,0,-0.0095,0.011,0.0018,4.2,1,223000,28,0,0.02
C-03638,0.1007,0.0,0.0,-0.1007,0.2778,1,0.0352,0.0086,-0.0006,4.0,0,1251000,43,0,0.041
C-03639,0.1073,0.0,0.0,0.0123,0.4762,0,-0.0107,0.0101,0.0009,0.3,1,391500,57,0,0.032
C-03640,0.109,0.0,0.0,-0.1001,0.3431,0,-0.0142,0.00917,-3e-05,5.0,0,935500,36,0,0.056
C-03641,0.128,0.0,0.0,-0.128,1.0,1,0.0502,0.011,0.0018,2.3,0,211000,70,1,0.366
C-03642,0.0752,0.0,0.0,-0.0271,0.2,0,-0.0078,0.011,0.0018,0.5,0,199500,25,0,0.032
C-03643,0.0564,0.0,0.0,-0.0402,0.8358,0,-0.0169,0.00955,0.00035,2.4,0,594000,62,0,0.01
C-03644,0.1505,0.0,0.0,-0.1505,0.7381,1,0.0035,0.011,0.0018,2.7,0,139500,27,1,0.551
C-03645,0.0491,0.0,0.0,0.0295,0.0,0,-0.0056,0.01077,0.00157,14.6,1,275000,64,0,0.003
C-03646,0.1064,0.0,0.0,-0.1009,0.7957,0,-0.0065,0.00993,0.00073,4.3,1,437000,62,0,0.024
C-03647,0.129,0.0,0.0,-0.129,0.3478,1,-0.0028,0.01084,0.00164,1.7,0,267500,29,0,0.028
C-03648,0.2031,0.0,0.0,-0.1922,0.0224,0,0.0076,0.00921,1e-05,11.3,0,879000,70,0,0.035
C-03649,0.1743,0.0,0.0,-0.1743,0.6667,1,-0.0085,0.011,0.0018,2.1,0,120500,27,0,0.026
C-03650,0.0565,0.0,0.0,-0.0565,1.0,1,0.0501,0.011,0.0018,7.1,0,141500,31,0,0.05
C-03651,0.1508,0.0,0.0,-0.1366,0.1814,0,-0.0128,0.00942,0.00022,2.3,1,676500,69,0,0.028
C-03652,0.1383,0.0,0.0,0.117,0.2308,0,-0.0016,0.011,0.0018,0.9,0,47000,66,0,0.007
C-03653,0.1528,0.0,0.0,-0.1279,0.2743,0,-0.0036,0.00887,-0.00033,1.8,1,1109500,72,0,0.04
C-03654,0.0467,0.0,0.0,-0.0467,0.8,1,0.0547,0.011,0.0018,3.2,0,107000,58,0,0.037
C-03655,0.1803,0.2444,0.0441,-0.1344,0.4309,0,-0.01,0.00922,2e-05,10.2,0,862500,51,0,0.0
C-03656,0.0655,0.0,0.0,-0.0475,0.0,0,0.0327,0.00967,0.00047,0.6,0,534500,65,0,0.096
C-03657,0.1291,0.4271,0.0552,-0.1104,1.0,0,0.0007,0.00931,0.00011,2.1,0,770500,52,1,0.453
C-03658,0.1039,0.0,0.0,-0.088,0.4923,0,0.0149,0.00789,-0.00131,3.6,0,1886000,46,0,0.062
C-03659,0.1644,0.0,0.0,-0.1041,0.7647,0,-0.0062,0.01092,0.00172,1.6,0,258500,35,0,0.0
C-03660,0.2857,0.1786,0.051,-0.2857,0.7143,1,0.0049,0.011,0.0018,0.5,0,49000,25,0,0.069
C-03661,0.0936,0.0,0.0,0.117,0.0,0,0.0014,0.011,0.0018,1.9,1,85500,49,0,0.087
C-03662,0.0876,0.0,0.0,0.008,0.0,0,-0.0062,0.011,0.0018,1.4,0,125500,32,0,0.049
C-03663,0.2068,0.0,0.0,-0.2068,0.2384,1,0.0082,0.01021,0.00101,8.8,0,365000,70,0,0.05
C-03664,0.0879,0.0,0.0,-0.0879,0.0,1,0.0165,0.011,0.0018,6.6,0,136500,68,0,0.07
C-03665,0.0732,0.0,0.0,-0.0397,1.0,0,0.0141,0.01068,0.00148,1.9,0,287000,69,0,0.015
C-03666,0.1011,0.0,0.0,-0.1011,0.0,1,0.0323,0.00935,0.00015,2.2,0,737000,41,0,0.074
C-03667,0.1987,0.0,0.0,-0.1932,0.7512,0,0.0502,0.00964,0.00044,3.3,0,546000,75,0,0.053
C-03668,0.0428,0.0,0.0,-0.0428,0.2222,1,0.0007,0.011,0.0018,9.6,0,210500,53,0,0.037
C-03669,0.0251,0.0,0.0,-0.0251,0.25,1,-0.0093,0.01007,0.00087,2.6,0,398500,49,0,0.041
C-03670,0.1174,0.2208,0.0259,-0.1027,0.0,0,-0.0012,0.01041,0.00121,1.8,1,328000,49,0,0.061
C-03671,0.1412,0.5672,0.0801,-0.1024,0.0,0,-0.0034,0.00938,0.00018,1.1,1,712000,40,1,0.534
C-03672,0.0856,0.0,0.0,-0.0783,0.0,0,-0.0055,0.00828,-0.00092,3.0,0,1477000,54,0,0.075
C-03673,0.2119,0.1102,0.0234,-0.1891,0.0735,0,0.0021,0.00958,0.00038,7.2,0,578000,44,0,0.034
C-03674,0.1212,0.0,0.0,-0.1212,0.6136,1,0.028,0.011,0.0018,1.2,0,181500,57,0,0.063
C-03675,0.1196,0.0,0.0,-0.0652,0.6724,0,-0.0062,0.00979,0.00059,3.0,1,485000,73,0,0.06
C-03676,0.1576,0.0,0.0,-0.1447,0.4439,0,-0.0163,0.00852,-0.00068,11.9,0,1300500,56,0,0.105
C-03677,0.0728,0.0,0.0,-0.0146,0.4,0,0.0098,0.011,0.0018,8.3,0,103000,49,0,0.063
C-03678,0.2059,0.4286,0.0882,-0.0412,0.0476,0,0.0023,0.011,0.0018,0.6,0,51000,66,1,0.631
C-03679,0.1486,0.0,0.0,-0.109,0.2698,0,-0.0208,0.011,0.0018,14,0,212000,36,0,0.104
C-03680,0.1205,0.0,0.0,-0.109,0.2964,0,0.044,0.00714,-0.00206,2.6,0,3331000,42,0,0.0
C-03681,0.0636,0.0,0.0,-0.0636,0.0,1,0.0443,0.011,0.0018,10.8,0,118000,69,0,0.071
C-03682,0.2327,0.3206,0.0746,-0.1858,0.626,0,-0.0051,0.01072,0.00152,7.0,0,281500,43,0,0.038
C-03683,0.1454,0.1914,0.0278,-0.1372,0.9375,0,-0.0169,0.00921,1e-05,1.0,0,880500,62,0,0.061
C-03684,0.1164,0.2973,0.0346,-0.0635,0.3514,0,-0.0105,0.011,0.0018,1.6,0,159000,41,0,0.053
C-03685,0.0526,0.0,0.0,0.1474,0.4286,0,0.0178,0.011,0.0018,4.7,1,66500,37,0,0.011
C-03686,0.1168,0.0,0.0,-0.1099,0.589,0,0.0262,0.0094,0.0002,26.8,1,698000,68,0,0.033
C-03687,0.1489,0.0,0.0,-0.1489,0.5714,1,-0.005,0.011,0.0018,0.6,1,47000,38,0,0.013
C-03688,0.0618,0.0,0.0,-0.0519,0.6,0,-0.0054,0.00936,0.00016,4.3,0,728000,67,1,0.266
C-03689,0.0952,0.0,0.0,-0.0161,0.2692,0,-0.014,0.011,0.0018,3.8,0,136500,34,0,0.037
C-03690,0.2423,0.4468,0.1082,-0.032,0.1702,0,0.009,0.011,0.0018,3.1,0,97000,48,0,0.037
C-03691,0.1276,0.0,0.0,-0.1276,0.0943,1,0.0477,0.01,0.0008,9.5,0,415500,42,0,0.049
C-03692,0.0617,0.0,0.0,-0.0556,0.256,0,0.0101,0.00691,-0.00229,6.5,0,3735000,63,0,0.059
C-03693,0.0752,0.0,0.0,-0.0332,0.6512,0,0.0033,0.01069,0.00149,1.0,0,286000,54,0,0.04
C-03694,0.09,0.0,0.0,0.054,0.2222,0,0.0266,0.011,0.0018,11,0,50000,33,0,0.066
C-03695,0.2876,0.785,0.2258,-0.2102,0.8879,0,0.0417,0.011,0.0018,6,1,186000,28,1,0.613
C-03696,0.0831,0.0,0.0,-0.0582,1.0,0,0.0095,0.00968,0.00048,5.2,0,529500,66,0,0.045
C-03697,0.1183,0.0,0.0,-0.1183,0.3636,1,-0.0032,0.011,0.0018,0.3,0,46500,30,0,0.011
C-03698,0.1284,0.0,0.0,-0.0627,0.4262,0,0.0005,0.011,0.0018,0.3,1,237500,40,0,0.038
C-03699,0.0538,0.0,0.0,0.4108,1.0,0,0.0073,0.011,0.0018,24,0,46500,46,0,0.024
C-03700,0.2021,0.7368,0.1489,-0.1723,0.1053,0,0.0361,0.011,0.0018,0.6,0,47000,69,1,0.658
C-03701,0.1107,0.0,0.0,-0.0453,0.0,0,-0.0079,0.00956,0.00036,12.1,0,587000,56,0,0.0
C-03702,0.1111,0.0,0.0,-0.068,0.5556,0,0.0478,0.0099,0.0007,5.5,0,445500,44,1,0.479
C-03703,0.0713,0.0,0.0,-0.0411,0.5116,0,0.0534,0.01057,0.00137,7.4,1,301500,65,0,0.002
C-03704,0.2846,0.6233,0.1774,-0.2565,0.3151,0,0.0406,0.01094,0.00174,2.6,0,256500,47,0,0.0
C-03705,0.1185,0.4172,0.0495,-0.095,0.6556,0,0.0173,0.00856,-0.00064,9.2,0,1274000,35,0,0.07
C-03706,0.08,0.0,0.0,-0.08,0.0833,1,-0.0093,0.01058,0.00138,20,0,300000,42,0,0.072
C-03707,0.1807,0.0,0.0,-0.1807,0.5116,1,-0.0067,0.011,0.0018,3,1,119000,25,0,0.094
C-03708,0.1419,0.0,0.0,-0.1419,0.4146,1,0.0438,0.011,0.0018,0.7,0,144500,75,0,0.018
C-03709,0.0941,0.0,0.0,-0.0839,0.1818,0,-0.0068,0.00984,0.00064,0.7,0,467500,37,0,0.021
C-03710,0.0522,0.0,0.0,-0.0522,0.2857,1,0.0517,0.011,0.0018,3.3,1,67000,48,1,0.514
C-03711,0.0774,0.0,0.0,-0.0364,0.2206,0,0.0251,0.00992,0.00072,3.1,0,439500,63,0,0.023
C-03712,0.2152,0.2746,0.0591,-0.2152,0.169,1,0.003,0.01039,0.00119,3.3,1,330000,72,0,0.01
C-03713,0.3183,0.7176,0.2284,-0.3183,0.4084,1,0.0427,0.01002,0.00082,0.5,0,411500,40,0,0.03
C-03714,0.2,0.3125,0.0625,-0.1,1.0,0,0.0544,0.011,0.0018,1.3,0,80000,30,1,0.524
C-03715,0.1474,0.0,0.0,-0.1293,0.4864,0,0.0354,0.00913,-7e-05,0.3,0,997500,53,0,0.044
C-03716,0.134,0.0,0.0,0.3608,0.5385,0,0.0283,0.011,0.0018,3.7,1,48500,37,0,0.011
C-03717,0.117,0.7674,0.0898,-0.0974,0.8314,0,0.0297,0.00935,0.00015,9.8,1,735000,48,0,0.059
C-03718,0.0533,0.0,0.0,-0.0041,0.6923,0,-0.0012,0.011,0.0018,0.6,1,122000,38,0,0.007
C-03719,0.3122,0.7188,0.2244,-0.078,0.1406,0,0.0464,0.011,0.0018,0.8,1,102500,42,0,0.041
C-03720,0.2075,0.0,0.0,-0.2075,0.5745,1,0.0517,0.011,0.0018,8.7,0,226500,45,1,0.279
C-03721,0.1477,0.0,0.0,-0.1205,0.1923,0,0.0023,0.011,0.0018,12.2,0,176000,46,0,0.102
C-03722,0.0465,0.0,0.0,-0.0313,0.3939,0,0.0012,0.00938,0.00018,1.6,0,709500,31,0,0.063
C-03723,0.2253,0.2035,0.0458,-0.1981,0.5112,0,0.0473,0.0092,0.0,2.8,1,894500,58,0,0.011
C-03724,0.211,0.0,0.0,-0.173,0.663,0,0.0112,0.00894,-0.00026,1.5,0,1076000,35,0,0.002
C-03725,0.063,0.0,0.0,-0.063,0.0,1,0.0441,0.01037,0.00117,13.3,0,333500,66,1,0.238
C-03726,0.0449,0.0,0.0,-0.0028,0.3902,0,0.0028,0.00987,0.00067,3.3,0,456500,30,0,0.039
C-03727,0.1579,0.0,0.0,-0.0063,0.4667,0,-0.0027,0.011,0.0018,7.4,0,47500,36,0,0.06
C-03728,0.1775,0.2284,0.0405,-0.091,0.335,0,0.0005,0.00963,0.00043,0.6,0,555000,36,0,0.056
C-03729,0.1109,0.5095,0.0565,-0.1109,0.6905,1,-0.0013,0.00916,-4e-05,0.3,0,946500,67,0,0.094
C-03730,0.0978,0.0,0.0,0.0065,0.0,0,-0.0118,0.011,0.0018,11.7,1,92000,48,0,0.092
C-03731,0.0567,0.0,0.0,-0.0362,1.0,0,-0.005,0.00886,-0.00034,4.3,1,1112000,41,0,0.0
C-03732,0.0659,0.0,0.0,-0.0235,0.4146,0,-0.0124,0.01051,0.00131,4.8,0,311000,38,0,0.044
C-03733,0.2121,0.3095,0.0657,0.0061,0.1905,0,0.0258,0.011,0.0018,0.4,1,99000,46,0,0.069
C-03734,0.0478,0.0,0.0,-0.0026,0.3939,0,-0.0078,0.01031,0.00111,5.7,0,345000,57,0,0.04
C-03735,0.1247,0.0,0.0,-0.0998,0.735,0,0.0134,0.00777,-0.00143,1.7,0,2073500,47,0,0.0
C-03736,0.085,0.2917,0.0248,-0.051,0.5,0,0.0082,0.01071,0.00151,1.6,0,282500,49,1,0.137
C-03737,0.1365,0.4607,0.0629,-0.0887,0.5056,0,0.0046,0.01042,0.00122,7.3,0,326000,35,0,0.027
C-03738,0.0788,0.0,0.0,-0.0628,0.5775,0,-0.0096,0.00989,0.00069,4.9,0,450500,75,0,0.044
C-03739,0.1875,0.4074,0.0764,-0.1875,0.8519,1,0.0128,0.011,0.0018,5.5,0,72000,33,1,0.691
C-03740,0.0877,0.0,0.0,0.0566,0.5429,0,0.0076,0.011,0.0018,5.8,0,199500,56,0,0.026
C-03741,0.1489,0.0,0.0,-0.0468,0.1905,0,-0.0083,0.011,0.0018,3.9,0,70500,27,0,0.05
C-03742,0.0464,0.0,0.0,0.0093,0.4118,0,0.0003,0.01021,0.00101,4.3,0,366500,27,0,0.042
C-03743,0.0901,0.0,0.0,-0.0901,0.4,1,-0.0088,0.011,0.0018,7,0,55500,29,0,0.041
C-03744,0.0257,0.0,0.0,-0.0103,0.25,0,-0.006,0.00984,0.00064,0.5,0,467000,75,0,0.024
C-03745,0.1786,0.2044,0.0365,-0.1711,0.4146,0,0.0097,0.00787,-0.00133,1.9,1,1918000,48,0,0.097
C-03746,0.1185,0.0,0.0,-0.1029,0.2877,0,-0.0136,0.00951,0.00031,5,1,616000,27,0,0.039
C-03747,0.0932,0.0,0.0,-0.0537,0.5294,0,0.0136,0.011,0.0018,1.3,0,182500,47,0,0.0
C-03748,0.0358,0.0,0.0,0.0167,0.6667,0,0.003,0.01099,0.00179,2.2,0,251500,37,0,0.001
C-03749,0.2439,0.4167,0.1016,-0.1756,0.8,0,-0.0068,0.011,0.0018,6.6,1,123000,65,0,0.024
C-03750,0.256,0.5156,0.132,-0.208,0.8281,0,0.0157,0.011,0.0018,7.1,0,125000,37,1,0.446
C-03751,0.1112,0.0,0.0,-0.0636,0.375,0,-0.0037,0.00974,0.00054,0.3,0,503500,43,0,0.052
C-03752,0.147,0.0,0.0,-0.071,0.0,0,0.0039,0.01008,0.00088,6.1,0,394500,75,0,0.044
C-03753,0.0728,0.0,0.0,-0.0518,0.2135,0,-0.0121,0.00849,-0.00071,6.5,1,1319500,53,0,0.029
C-03754,0.1234,0.0,0.0,-0.1033,0.2105,0,0.0039,0.00966,0.00046,3.9,0,539000,46,0,0.018
C-03755,0.0232,0.0,0.0,-0.0232,0.1707,1,0.0058,0.00921,1e-05,1.8,1,884000,75,0,0.002
C-03756,0.1686,0.4138,0.0698,0.0267,0.4483,0,0.0037,0.011,0.0018,0.3,0,86000,74,0,0.056
C-03757,0.1788,0.0,0.0,-0.1703,0.3865,0,-0.0083,0.00644,-0.00276,1.4,0,4963500,54,0,0.055
C-03758,0.0426,0.0,0.0,-0.0426,0.0,1,0.0052,0.011,0.0018,10.6,1,94000,75,0,0.005
C-03759,0.126,0.0,0.0,-0.126,0.4516,1,0.014,0.011,0.0018,0.3,0,246000,48,1,0.335
C-03760,0.0882,0.0,0.0,-0.0638,0.3974,0,0.0045,0.00991,0.00071,8.7,0,442000,75,0,0.043
C-03761,0.1639,0.0,0.0,-0.1639,0.3586,1,0.0302,0.00953,0.00033,4.3,0,604000,38,0,0.012
C-03762,0.1226,0.0,0.0,-0.1226,0.3864,1,-0.0188,0.01024,0.00104,0.5,1,359000,38,0,0.002
C-03763,0.0653,0.0,0.0,-0.0441,0.2703,0,0.0115,0.00924,4e-05,10.6,1,850000,44,0,0.03
C-03764,0.125,0.0,0.0,0.0032,0.3435,0,-0.0041,0.00969,0.00049,11.6,1,524000,62,0,0.029
C-03765,0.1538,0.0,0.0,-0.069,0.4593,0,0.0123,0.00942,0.00022,9.4,1,679500,55,0,0.022
C-03766,0.134,0.2308,0.0309,-0.134,0.2308,1,0.0051,0.011,0.0018,2.5,0,242500,62,0,0.075
C-03767,0.1667,0.0,0.0,-0.137,0.2624,0,0.0031,0.00953,0.00033,7.4,0,606000,62,0,0.022
C-03768,0.1684,0.1875,0.0316,0.0589,0.1875,0,-0.0086,0.011,0.0018,5,0,47500,27,0,0.017
C-03769,0.1424,0.0,0.0,-0.1424,0.0339,1,0.0099,0.00951,0.00031,2.3,1,621500,28,0,0.03
C-03770,0.1432,0.0,0.0,-0.1412,0.0,0,0.002,0.00579,-0.00341,6.2,0,9005500,51,0,0.087
C-03771,0.0354,0.0,0.0,0.001,0.0,0,-0.0118,0.01061,0.00141,6.3,0,296500,54,0,0.048
C-03772,0.0671,0.0,0.0,-0.0671,0.5,1,-0.0051,0.0105,0.0013,8.0,0,313000,37,0,0.065
C-03773,0.0541,0.0,0.0,-0.0541,0.9167,1,-0.004,0.011,0.0018,18.7,0,111000,52,0,0.036
C-03774,0.0728,0.0,0.0,-0.0125,0.1379,0,0.0404,0.01007,0.00087,11.8,0,398500,57,0,0.046
C-03775,0.0888,0.0,0.0,0.0107,1.0,0,-0.0173,0.011,0.0018,8,0,84500,30,0,0.013
C-03776,0.1691,0.0,0.0,-0.1691,0.4476,1,0.0085,0.00902,-0.00018,3.8,0,1043500,48,0,0.036
C-03777,0.1383,0.0,0.0,-0.1354,0.0,0,0.0048,0.00773,-0.00147,4.7,0,2126500,54,0,0.026
C-03778,0.0412,0.0,0.0,0.1072,1.0,0,0.0023,0.011,0.0018,1.6,0,48500,28,0,0.022
C-03779,0.121,0.0,0.0,-0.121,0.6,1,0.0289,0.011,0.0018,7.4,1,124000,63,0,0.0
C-03780,0.1283,0.0,0.0,-0.1207,0.2912,0,-0.0097,0.00886,-0.00034,4.8,1,1111000,58,0,0.0
C-03781,0.1442,0.3333,0.0481,-0.1038,0.0,0,-0.0174,0.011,0.0018,0.8,0,208000,26,0,0.01
C-03782,0.0331,0.0,0.0,-0.0331,1.0,1,-0.0098,0.00949,0.00029,4.8,0,634000,65,0,0.018
C-03783,0.0669,0.0,0.0,0.0111,0.6667,0,0.0537,0.011,0.0018,1.9,0,179500,75,0,0.036
C-03784,0.043,0.0,0.0,-0.0239,0.4,0,-0.0036,0.00933,0.00013,1.7,0,756500,75,0,0.068
C-03785,0.0753,0.0,0.0,-0.0753,0.2857,1,0.006,0.011,0.0018,0.6,0,46500,27,0,0.043
C-03786,0.2371,0.0,0.0,-0.1505,0.2174,0,0.0433,0.011,0.0018,0.3,1,48500,28,0,0.029
C-03787,0.1552,0.5185,0.0805,-0.1207,0.2222,0,0.0046,0.011,0.0018,4.0,1,174000,40,1,0.431
C-03788,0.0824,0.0,0.0,-0.0708,0.1765,0,-0.0115,0.01002,0.00082,2.1,0,412500,68,0,0.042
C-03789,0.0835,0.0,0.0,-0.0799,0.0,0,-0.0013,0.00908,-0.00012,2.9,0,1018500,65,0,0.085
C-03790,0.1848,0.5294,0.0978,-0.0543,0.6471,0,0.0056,0.011,0.0018,0.9,0,46000,27,0,0.051
C-03791,0.1247,0.0,0.0,-0.0775,0.3356,0,0.0119,0.00957,0.00037,0.4,0,585500,55,0,0.059
C-03792,0.073,0.0,0.0,-0.0535,0.2778,0,0.0082,0.01019,0.00099,5.1,0,370000,34,0,0.003
C-03793,0.1624,0.0,0.0,-0.1168,0.6328,0,-0.0084,0.01009,0.00089,8.9,1,394000,58,0,0.041
C-03794,0.1134,0.0,0.0,-0.0526,0.3659,0,0.0514,0.01023,0.00103,9.4,0,361500,48,0,0.07
C-03795,0.0438,0.0,0.0,-0.0438,0.0,1,0.0145,0.011,0.0018,3.9,0,125500,66,0,0.013
C-03796,0.1508,0.0,0.0,-0.1508,0.2556,1,0.0207,0.01059,0.00139,4.9,1,298500,45,0,0.056
C-03797,0.0415,0.0,0.0,-0.0264,0.1739,0,0.0059,0.00963,0.00043,0.8,0,554000,73,0,0.039
C-03798,0.0715,0.0,0.0,-0.0612,0.42,0,0.0064,0.009,-0.0002,4.8,1,1048500,69,0,0.067
C-03799,0.1406,0.0,0.0,-0.134,0.6053,0,0.0344,0.00966,0.00046,0.3,0,540500,70,0,0.109
C-03800,0.1506,0.0,0.0,-0.0947,0.6701,0,0.0134,0.01044,0.00124,7,0,322000,29,0,0.105
C-03801,0.2891,0.4694,0.1357,-0.2891,0.3469,1,0.0191,0.011,0.0018,14.2,0,169500,56,1,0.497
C-03802,0.1741,0.2745,0.0478,-0.1413,0.8431,0,-0.0108,0.01063,0.00143,0.9,0,293000,58,0,0.029
C-03803,0.2244,0.4201,0.0943,-0.2244,0.4201,1,0.0108,0.01016,0.00096,4.5,1,376500,42,1,0.484
C-03804,0.1646,0.0,0.0,-0.1002,0.4348,0,0.0122,0.01074,0.00154,5.5,1,279500,60,0,0.081
C-03805,0.1534,0.0,0.0,-0.0997,0.2292,0,-0.0003,0.011,0.0018,0.3,0,156500,62,0,0.049
C-03806,0.0467,0.0,0.0,-0.0467,0.8571,1,0.0086,0.011,0.0018,7.2,1,75000,39,0,0.034
C-03807,0.1378,0.0,0.0,-0.0337,0.5185,0,-0.0103,0.011,0.0018,3.8,0,196000,28,0,0.038
C-03808,0.1751,0.0,0.0,-0.1751,0.2123,1,-0.0066,0.00925,5e-05,3.2,0,834000,46,0,0.0
C-03809,0.1826,0.0,0.0,-0.1826,0.0,1,-0.0055,0.011,0.0018,3,0,235500,25,1,0.499
C-03810,0.1491,0.0,0.0,-0.1491,0.5639,1,0.0401,0.0099,0.0007,7.8,0,446000,60,0,0.017
C-03811,0.2203,0.2596,0.0572,-0.1956,0.2596,0,-0.001,0.00896,-0.00024,4.3,0,1066500,63,0,0.056
C-03812,0.1699,0.4355,0.074,-0.1238,0.371,0,-0.0055,0.011,0.0018,8,1,182500,30,0,0.054
C-03813,0.1011,0.0,0.0,-0.0511,0.5052,0,-0.0019,0.0098,0.0006,4.7,0,479500,41,0,0.061
C-03814,0.129,0.0,0.0,-0.0258,0.3333,0,-0.0129,0.011,0.0018,1.0,0,46500,44,0,0.038
C-03815,0.0872,0.0,0.0,-0.0174,0.1667,0,-0.0089,0.011,0.0018,5.3,0,172000,61,0,0.098
C-03816,0.1319,0.0,0.0,-0.1319,0.25,1,0.0088,0.011,0.0018,0.3,0,91000,48,0,0.029
C-03817,0.1161,0.0,0.0,-0.0772,0.0,0,0.0033,0.00963,0.00043,2.6,0,555500,51,0,0.029
C-03818,0.1114,0.0,0.0,0.0649,0.2979,0,-0.0026,0.011,0.0018,7,1,211000,29,0,0.035
C-03819,0.1398,0.0,0.0,0.0667,0.5385,0,0.0035,0.011,0.0018,3.3,0,46500,51,0,0.026
C-03820,0.0569,0.0,0.0,-0.0362,0.4958,0,0.0077,0.00901,-0.00019,12.3,1,1046000,46,0,0.041
C-03821,0.1321,0.0,0.0,-0.0673,0.1591,0,-0.0013,0.011,0.0018,8.2,0,166500,55,0,0.055
C-03822,0.0602,0.0,0.0,-0.0602,0.0,1,0.0119,0.01053,0.00133,3,0,307500,25,0,0.102
C-03823,0.2052,0.4,0.0821,-0.2052,0.0,1,0.0081,0.011,0.0018,2.7,1,134000,48,0,0.067
C-03824,0.1076,0.0,0.0,0.0108,0.3333,0,0.0008,0.011,0.0018,7.9,0,111500,35,0,0.0
C-03825,0.086,0.0,0.0,0.1204,0.625,0,-0.0184,0.011,0.0018,3.6,0,46500,29,0,0.055
C-03826,0.0658,0.0,0.0,-0.0227,0.5818,0,0.0029,0.01,0.0008,2.8,0,418000,49,0,0.0
C-03827,0.0865,0.0,0.0,-0.0752,0.5172,0,0.0192,0.00874,-0.00046,10.2,0,1173500,35,0,0.107
C-03828,0.1602,0.0,0.0,-0.1138,0.1724,0,0.0081,0.011,0.0018,3.3,0,181000,72,0,0.016
C-03829,0.1699,0.0,0.0,-0.1217,0.1679,0,0.0018,0.00931,0.00011,6.2,0,771000,58,0,0.055
C-03830,0.134,0.6463,0.0866,-0.134,0.8707,1,0.0085,0.00964,0.00044,3.0,0,548500,35,0,0.091
C-03831,0.1344,0.0,0.0,-0.0832,0.0,0,0.0022,0.00922,2e-05,0.8,0,866500,56,0,0.052
C-03832,0.0662,0.3502,0.0232,-0.0662,0.3735,1,-0.0077,0.00785,-0.00135,7.8,0,1941000,52,0,0.132
C-03833,0.0546,0.0,0.0,-0.0357,0.3165,0,0.002,0.00856,-0.00064,11.4,0,1274000,52,0,0.01
C-03834,0.0703,0.0,0.0,-0.0703,0.1531,1,0.0008,0.0094,0.0002,1.8,1,697000,35,0,0.018
C-03835,0.1217,0.0,0.0,0.1078,0.2857,0,-0.0018,0.011,0.0018,0.9,1,57500,39,0,0.056
C-03836,0.1174,0.0,0.0,-0.0902,0.6452,0,-0.0123,0.011,0.0018,4.8,1,132000,70,0,0.005
C-03837,0.0767,0.0,0.0,-0.0632,0.0,0,-0.0022,0.00921,1e-05,8.5,0,886500,65,0,0.072
C-03838,0.095,0.0,0.0,-0.0596,1.0,0,0.0007,0.00982,0.00062,1.8,0,473500,40,0,0.061
C-03839,0.0264,0.0,0.0,0.0004,0.1556,0,-0.0056,0.00923,3e-05,1.0,0,853000,61,0,0.105
C-03840,0.1386,0.0,0.0,-0.1386,0.0694,1,0.0294,0.0097,0.0005,2.7,1,519500,43,0,0.045
C-03841,0.0868,0.0,0.0,0.0447,0.7368,0,0.0117,0.011,0.0018,3,0,109500,25,0,0.05
C-03842,0.139,0.7417,0.1031,-0.1085,0.0,0,0.0094,0.00995,0.00075,13.3,1,431500,57,0,0.032
C-03843,0.1712,0.0,0.0,-0.1423,0.7456,0,-0.0027,0.01038,0.00118,0.6,1,333000,45,0,0.021
C-03844,0.0687,0.0,0.0,-0.0093,0.16,0,-0.0175,0.011,0.0018,10.4,0,182000,49,0,0.035
C-03845,0.1437,0.0,0.0,-0.0008,0.9143,0,0.0243,0.011,0.0018,10.6,0,243500,41,0,0.048
C-03846,0.1021,0.0,0.0,-0.1021,0.6037,1,0.0439,0.00813,-0.00107,2.0,0,1606500,74,0,0.065
C-03847,0.2281,0.4855,0.1107,-0.2281,0.6196,1,0.0418,0.00953,0.00033,5.3,0,605000,51,0,0.011
C-03848,0.0618,0.0,0.0,-0.0618,0.4684,1,0.0435,0.00948,0.00028,1.7,0,639000,31,0,0.0
C-03849,0.0591,0.0,0.0,-0.0591,0.0,1,0.0099,0.00957,0.00037,4.5,0,584000,63,0,0.0
C-03850,0.2227,0.6019,0.134,-0.2227,0.4444,1,0.0388,0.011,0.0018,3.0,0,242500,65,0,0.048
C-03851,0.1871,0.0,0.0,-0.1701,0.2375,0,0.0019,0.0077,-0.0015,3.1,0,2194500,60,0,0.02
C-03852,0.2105,0.5476,0.1153,-0.1444,0.7262,0,0.0004,0.011,0.0018,8.8,1,199500,34,0,0.028
C-03853,0.0521,0.0,0.0,-0.0521,0.6,1,0.0118,0.011,0.0018,3.4,0,48000,75,0,0.0
C-03854,0.1349,0.4706,0.0635,-0.0968,0.1765,0,0.0397,0.011,0.0018,1.0,0,63000,33,0,0.074
C-03855,0.1434,0.0,0.0,-0.1072,0.2632,0,0.0311,0.011,0.0018,3.4,0,132500,32,1,0.138
C-03856,0.179,0.0,0.0,-0.1637,0.0,0,-0.0152,0.00848,-0.00072,0.3,0,1326500,37,0,0.043
C-03857,0.1411,0.0,0.0,-0.1243,0.1386,0,-0.012,0.01025,0.00105,17.2,0,358000,47,0,0.055
C-03858,0.1771,0.6133,0.1086,-0.1771,0.2867,1,-0.0019,0.00998,0.00078,20,1,423500,42,0,0.044
C-03859,0.1463,0.4524,0.0662,-0.1463,0.4524,1,0.0094,0.011,0.0018,1.5,0,143500,35,1,0.78
C-03860,0.1534,0.7541,0.1157,-0.1461,0.0542,0,0.0449,0.00796,-0.00124,5.5,0,1802000,48,1,0.657
C-03861,0.0529,0.0,0.0,-0.0355,0.0,0,-0.0155,0.00933,0.00013,11,0,755500,33,0,0.081
C-03862,0.1062,0.0,0.0,0.0887,0.4118,0,-0.0038,0.011,0.0018,2.3,0,80000,27,0,0.024
C-03863,0.0909,0.0,0.0,-0.0354,0.4068,0,-0.0195,0.01043,0.00123,3.0,0,324500,49,0,0.006
C-03864,0.2648,0.4282,0.1134,-0.2648,0.8963,1,0.0342,0.00938,0.00018,0.3,1,710000,35,0,0.03
C-03865,0.0412,0.0,0.0,-0.0412,0.25,1,0.0405,0.011,0.0018,0.6,0,48500,69,0,0.082
C-03866,0.1599,0.2791,0.0446,-0.0617,0.0465,0,0.0513,0.011,0.0018,1.2,1,134500,45,1,0.157
C-03867,0.1279,0.0,0.0,0.1651,0.5,0,0.0067,0.011,0.0018,2.1,1,86000,29,0,0.118
C-03868,0.0727,0.0,0.0,0.6036,0.125,0,-0.0171,0.011,0.0018,0.9,0,55000,41,0,0.058
C-03869,0.1654,0.0,0.0,-0.0189,0.7738,0,-0.0064,0.01096,0.00176,4.2,0,254000,49,0,0.0
C-03870,0.0484,0.0,0.0,0.008,0.8571,0,0.0007,0.00936,0.00016,0.5,0,723500,56,0,0.032
C-03871,0.1429,0.0,0.0,-0.0961,0.8807,0,-0.0009,0.00951,0.00031,4.0,0,616000,47,0,0.016
C-03872,0.1562,0.0,0.0,-0.1562,0.2,1,0.0063,0.011,0.0018,8.3,0,48000,46,0,0.022
C-03873,0.1171,0.0,0.0,-0.1171,0.3882,1,0.0477,0.01022,0.00102,1.9,0,363000,43,0,0.008
C-03874,0.0611,0.0,0.0,-0.0463,0.0,0,-0.0117,0.00865,-0.00055,0.3,0,1219500,66,0,0.017
C-03875,0.1954,0.0,0.0,-0.1837,0.675,0,0.006,0.01054,0.00134,3.4,0,307000,71,0,0.0
C-03876,0.069,0.0,0.0,-0.0513,0.4933,0,-0.0005,0.00965,0.00045,3.8,0,543500,63,0,0.047
C-03877,0.0876,0.0,0.0,0.0341,0.6842,0,-0.0078,0.011,0.0018,7,0,108500,29,0,0.078
C-03878,0.1669,0.0,0.0,-0.1669,0.0571,1,0.0268,0.01049,0.00129,7.3,0,314500,54,0,0.016
C-03879,0.0556,0.0,0.0,-0.0104,0.6923,0,0.0017,0.00957,0.00037,1.5,0,584500,47,0,0.047
C-03880,0.1083,0.5,0.0542,0.0817,0.1923,0,0.0001,0.011,0.0018,1.4,0,120000,57,0,0.051
C-03881,0.1523,0.0,0.0,-0.1523,0.2283,1,0.0124,0.01057,0.00137,2.3,0,302000,35,0,0.0
C-03882,0.2893,0.464,0.1342,-0.2044,0.259,0,0.0196,0.0098,0.0006,16.3,1,480500,43,1,0.707
C-03883,0.1723,0.0,0.0,-0.0828,0.4124,0,-0.0075,0.01072,0.00152,1.1,0,281500,27,0,0.038
C-03884,0.1426,0.0,0.0,0.003,0.5172,0,-0.0112,0.01055,0.00135,13.5,0,305000,62,0,0.022
C-03885,0.3546,0.86,0.305,-0.3546,0.9,1,0.041,0.011,0.0018,2.6,0,70500,35,1,0.736
C-03886,0.1125,0.0,0.0,0.2175,0.1111,0,-0.0087,0.011,0.0018,5,1,80000,27,0,0.07
C-03887,0.1298,0.0,0.0,0.0443,0.3529,0,-0.011,0.011,0.0018,7.8,0,131000,36,0,0.0
C-03888,0.1062,0.5833,0.0619,0.1062,0.9167,0,0.0096,0.011,0.0018,1.9,0,56500,52,0,0.069
C-03889,0.3058,0.6873,0.2102,-0.3058,0.7944,1,0.0442,0.00958,0.00038,6.9,1,580500,48,1,0.618
C-03890,0.3598,0.8566,0.3082,-0.3391,0.9801,0,0.0538,0.00901,-0.00019,9.2,1,1046500,53,0,0.033
C-03891,0.1717,0.0,0.0,-0.1484,0.1258,0,0.0047,0.00726,-0.00194,15.8,1,3148500,41,0,0.046
C-03892,0.0921,0.0,0.0,-0.0921,0.9048,1,-0.0019,0.011,0.0018,3,0,114000,25,0,0.0
C-03893,0.0778,0.0,0.0,-0.0444,0.1493,0,0.0044,0.00995,0.00075,0.3,0,430500,42,0,0.018
C-03894,0.1378,0.0,0.0,0.1716,0.0323,0,0.0138,0.011,0.0018,2.0,0,112500,51,0,0.032
C-03895,0.0975,0.0,0.0,-0.0975,0.6,1,0.0178,0.00952,0.00032,5.1,0,615500,75,0,0.074
C-03896,0.1749,0.1641,0.0287,-0.1749,0.5299,1,-0.0061,0.00854,-0.00066,6.3,1,1289000,44,0,0.027
C-03897,0.1799,0.0,0.0,-0.1448,0.564,0,0.0036,0.00981,0.00061,11.1,1,478000,64,0,0.024
C-03898,0.0651,0.0,0.0,-0.0651,1.0,1,-0.0105,0.011,0.0018,1.8,1,84500,48,0,0.072
C-03899,0.0934,0.0,0.0,-0.0934,0.1613,1,-0.0033,0.011,0.0018,0.3,0,166000,72,0,0.047
C-03900,0.1639,0.0,0.0,0.2689,0.15,0,0.0025,0.011,0.0018,7,0,61000,29,0,0.014
C-03901,0.2123,0.5562,0.1181,-0.2123,0.7447,1,0.0256,0.00931,0.00011,6.4,0,775000,49,0,0.041
C-03902,0.1896,0.5531,0.1049,-0.1286,0.8101,0,0.0021,0.00982,0.00062,8,1,472000,30,0,0.09
C-03903,0.087,0.0,0.0,-0.0348,0.2647,0,-0.0146,0.0101,0.0009,5.6,0,391000,54,0,0.083
C-03904,0.0813,0.0,0.0,0.0748,0.0,0,0.0014,0.011,0.0018,1.9,0,61500,60,0,0.039
C-03905,0.126,0.0,0.0,-0.0368,0.1639,0,-0.0004,0.011,0.0018,13.3,1,242000,42,0,0.08
C-03906,0.125,0.0,0.0,0.0209,0.5135,0,-0.011,0.011,0.0018,13.3,0,148000,43,0,0.0
C-03907,0.1406,0.4516,0.0635,-0.1406,0.7581,1,-0.0059,0.011,0.0018,3.3,1,220500,66,1,0.272
C-03908,0.0698,0.0,0.0,0.014,0.3,0,-0.0024,0.011,0.0018,8.3,1,215000,61,0,0.052
C-03909,0.2308,0.5417,0.125,-0.1731,0.4167,0,-0.0025,0.011,0.0018,12.7,1,104000,72,0,0.058
C-03910,0.0538,0.0,0.0,0.3075,0.2,0,-0.0124,0.011,0.0018,6,0,46500,28,0,0.107
C-03911,0.134,0.0,0.0,-0.134,0.2308,1,-0.0071,0.011,0.0018,19.8,1,48500,42,0,0.0
C-03912,0.1818,0.5385,0.0979,0.0699,0.6154,0,0.003,0.011,0.0018,16.8,0,71500,47,0,0.03
C-03913,0.1556,0.0,0.0,-0.145,0.1136,0,0.0088,0.00961,0.00041,0.5,0,565500,28,0,0.059
C-03914,0.0851,0.0,0.0,-0.0815,0.8225,0,-0.0166,0.00843,-0.00077,16.5,0,1358000,75,0,0.074
C-03915,0.1378,0.5164,0.0711,-0.1213,0.0,0,0.0272,0.00774,-0.00146,8.0,0,2108500,64,1,0.446
C-03916,0.2059,0.6071,0.125,-0.1529,0.7143,0,0.0179,0.011,0.0018,4.5,0,136000,35,1,0.635
C-03917,0.0949,0.0,0.0,-0.0802,0.3303,0,-0.0146,0.00959,0.00039,5.6,0,574500,59,0,0.083
C-03918,0.2117,0.0,0.0,-0.1953,0.3716,0,0.0227,0.00971,0.00051,4.2,0,515000,65,0,0.0
C-03919,0.1429,0.0,0.0,-0.1429,0.0,1,0.0026,0.011,0.0018,8.8,0,140000,68,0,0.052
C-03920,0.0979,0.4143,0.0406,-0.0979,0.5857,1,0.0037,0.01025,0.00105,2.5,1,357500,28,0,0.021
C-03921,0.196,0.0,0.0,-0.0271,0.4615,0,-0.0137,0.011,0.0018,2.7,0,99500,46,0,0.057
C-03922,0.1067,0.0,0.0,-0.0931,0.4868,0,0.0008,0.00798,-0.00122,2.0,0,1771500,56,1,0.361
C-03923,0.0686,0.0,0.0,-0.0533,0.1628,0,0.0074,0.01049,0.00129,7.4,0,313500,64,0,0.045
C-03924,0.0518,0.0,0.0,-0.0433,0.5647,0,0.0147,0.00748,-0.00172,4.1,0,2681500,55,0,0.021
C-03925,0.0581,0.0,0.0,0.8865,0.3333,0,0.0066,0.011,0.0018,4.0,1,77500,48,0,0.08
C-03926,0.0308,0.0,0.0,-0.0308,0.2679,1,-0.0075,0.00919,-1e-05,1.2,0,909000,44,0,0.038
C-03927,0.1242,0.0,0.0,-0.0638,0.4051,0,-0.0034,0.01047,0.00127,1.2,1,318000,37,0,0.028
C-03928,0.0312,0.0,0.0,-0.0312,0.6667,1,0.0159,0.011,0.0018,14.6,0,48000,47,0,0.054
C-03929,0.1866,0.4236,0.079,-0.1711,0.2167,0,0.003,0.00965,0.00045,13.8,1,544000,69,0,0.058
C-03930,0.033,0.0,0.0,-0.033,0.3,1,0.0006,0.011,0.0018,1.0,0,151500,43,0,0.071
C-03931,0.178,0.2245,0.04,-0.1649,0.0,0,-0.0073,0.00964,0.00044,1.0,0,550500,63,0,0.092
C-03932,0.1442,0.0,0.0,-0.0981,0.1333,0,-0.0076,0.011,0.0018,18.4,0,104000,65,0,0.071
C-03933,0.2239,0.3333,0.0746,-0.2239,0.5,1,0.0382,0.011,0.0018,15.4,0,134000,70,0,0.022
C-03934,0.1549,0.665,0.103,-0.148,0.6935,0,0.0317,0.00637,-0.00283,2.6,1,5214500,33,0,0.054
C-03935,0.087,0.375,0.0326,0.4348,0.375,0,-0.009,0.011,0.0018,1.4,1,46000,33,0,0.052
C-03936,0.0689,0.0,0.0,-0.0421,0.2642,0,-0.0008,0.00787,-0.00133,15.5,0,1922500,38,0,0.037
C-03937,0.0733,0.0,0.0,-0.0652,0.3978,0,-0.0107,0.00755,-0.00165,5.1,1,2502000,48,0,0.087
C-03938,0.0517,0.0,0.0,-0.0517,1.0,1,0.0383,0.00968,0.00048,4.6,1,531500,35,1,0.112
C-03939,0.0924,0.0,0.0,0.1775,0.5217,0,0.0068,0.011,0.0018,9.0,0,124500,40,0,0.064
C-03940,0.1714,0.6042,0.1036,-0.1714,0.3958,1,0.001,0.011,0.0018,5,1,140000,27,1,0.763
C-03941,0.1507,0.8523,0.1284,-0.1339,0.9205,0,0.0271,0.01064,0.00144,0.3,1,292000,52,1,0.503
C-03942,0.0833,0.0,0.0,-0.0833,0.5,1,0.0325,0.011,0.0018,0.7,1,48000,28,0,0.084
C-03943,0.0757,0.0,0.0,-0.065,0.1471,0,0.004,0.011,0.0018,2.6,0,224500,42,0,0.036
C-03944,0.0989,0.0,0.0,-0.0379,0.9,0,0.0035,0.01027,0.00107,1.0,1,354000,54,0,0.045
C-03945,0.15,0.0,0.0,-0.15,0.3056,1,0.03,0.011,0.0018,6.7,0,240000,74,0,0.045
C-03946,0.15,0.0,0.0,-0.02,0.2222,0,-0.0069,0.011,0.0018,0.5,0,120000,66,0,0.076
C-03947,0.0765,0.0,0.0,-0.0553,0.3558,0,0.0037,0.00942,0.00022,0.3,1,680000,49,0,0.007
C-03948,0.0811,0.0,0.0,-0.0811,0.619,1,0.0033,0.01091,0.00171,8.7,0,259000,69,0,0.077
C-03949,0.1917,0.0,0.0,-0.1917,0.8261,1,0.0473,0.01058,0.00138,8.4,0,300000,53,1,0.2
C-03950,0.2733,0.5227,0.1429,-0.2733,0.0966,1,0.0092,0.01044,0.00124,6.1,1,322000,73,0,0.036
C-03951,0.109,0.0,0.0,-0.0345,0.8056,0,0.026,0.00945,0.00025,7.8,0,660500,62,0,0.008
C-03952,0.0764,0.45,0.0344,-0.0638,0.1187,0,0.0011,0.00901,-0.00019,6.8,0,1046500,66,0,0.02
C-03953,0.2955,0.7911,0.2338,-0.2955,0.6544,1,0.0491,0.00888,-0.00032,5,1,1101500,27,1,0.572
C-03954,0.193,0.0,0.0,-0.193,0.5549,1,-0.0164,0.00651,-0.00269,2.7,0,4716000,38,0,0.012
C-03955,0.0465,0.0,0.0,-0.0322,0.8974,0,-0.011,0.00924,4e-05,3.4,1,839500,49,0,0.068
C-03956,0.129,0.0,0.0,-0.129,0.6116,1,-0.0016,0.00983,0.00063,0.7,1,469000,69,0,0.03
C-03957,0.2101,0.0,0.0,-0.2064,0.4463,0,0.0003,0.00573,-0.00347,1.1,0,9819000,53,0,0.068
C-03958,0.0703,0.0,0.0,-0.0391,0.4444,0,0.0122,0.011,0.0018,5,0,192000,27,0,0.059
C-03959,0.0634,0.0,0.0,-0.0027,0.6154,0,-0.0062,0.00883,-0.00037,4.7,0,1127500,39,0,0.074
C-03960,0.1595,0.0,0.0,-0.1366,1.0,0,0.0103,0.00752,-0.00168,5.5,0,2571000,64,0,0.027
C-03961,0.0877,0.0,0.0,-0.0825,0.2846,0,-0.0181,0.00939,0.00019,15.9,1,701500,58,0,0.034
C-03962,0.3895,0.4324,0.1684,-0.1368,0.7027,0,0.0415,0.011,0.0018,2.4,0,47500,25,0,0.063
C-03963,0.1399,0.4842,0.0677,-0.1399,0.3895,1,0.0312,0.01034,0.00114,3.3,0,339500,70,0,0.078
C-03964,0.1624,0.0,0.0,-0.0873,0.4217,0,-0.002,0.01095,0.00175,0.8,0,255500,36,0,0.031
C-03965,0.2535,0.4163,0.1055,-0.2346,0.5646,0,0.0024,0.00926,6e-05,2.6,1,824500,62,1,0.382
C-03966,0.0685,0.0,0.0,-0.0356,0.6,0,-0.0075,0.011,0.0018,0.6,0,73000,45,0,0.037
C-03967,0.0674,0.0,0.0,-0.0093,0.3077,0,-0.0143,0.01066,0.00146,3,0,289500,25,0,0.008
C-03968,0.213,0.0,0.0,-0.0352,0.5652,0,0.0012,0.011,0.0018,0.6,0,54000,31,0,0.0
C-03969,0.1538,0.0,0.0,-0.026,0.5385,0,0.0075,0.011,0.0018,10,0,84500,32,0,0.054
C-03970,0.1315,0.3175,0.0418,-0.1315,0.1587,1,0.0073,0.011,0.0018,30,0,239500,54,0,0.061
C-03971,0.1596,0.1667,0.0266,-0.0319,0.5,0,-0.0149,0.011,0.0018,0.5,0,94000,25,0,0.08
C-03972,0.0985,0.0,0.0,-0.0673,0.6792,0,-0.0228,0.01082,0.00162,13.3,1,269000,50,0,0.068
C-03973,0.0603,0.0,0.0,-0.0603,0.0,1,0.0337,0.00971,0.00051,3.8,0,514500,58,0,0.041
C-03974,0.164,0.7604,0.1247,-0.164,0.0365,1,0.0398,0.00957,0.00037,9.7,0,585500,54,0,0.129
C-03975,0.1773,0.0,0.0,-0.15,0.6282,0,0.0042,0.011,0.0018,8.1,0,220000,71,0,0.03
C-03976,0.0939,0.0,0.0,-0.0939,0.411,1,-0.0238,0.00922,2e-05,3.1,0,868000,71,0,0.017
C-03977,0.1189,0.0,0.0,-0.1019,0.3786,0,0.0158,0.0073,-0.0019,23.8,0,3099000,49,0,0.0
C-03978,0.1661,0.0,0.0,-0.1504,0.4644,0,-0.0093,0.00864,-0.00056,6.1,0,1225000,43,0,0.033
C-03979,0.1072,0.0,0.0,-0.0287,0.4068,0,0.008,0.00964,0.00044,4.7,0,550500,41,1,0.178
C-03980,0.0783,0.0,0.0,0.0574,0.4444,0,-0.0196,0.011,0.0018,6.2,0,115000,48,0,0.038
C-03981,0.1821,0.0,0.0,-0.1821,0.5942,1,0.0037,0.011,0.0018,6.5,1,189500,53,0,0.049
C-03982,0.114,0.0,0.0,-0.1019,0.8656,0,-0.012,0.00805,-0.00115,1.7,0,1698000,64,0,0.018
C-03983,0.1087,0.0,0.0,0.1522,0.6,0,-0.0016,0.011,0.0018,2.4,0,46000,34,0,0.036
C-03984,0.064,0.0,0.0,-0.0521,0.7759,0,0.0053,0.00919,-1e-05,3.9,0,906500,50,0,0.08
C-03985,0.1329,0.2923,0.0389,-0.1231,0.0,0,-0.0059,0.011,0.0018,13.3,0,244500,68,0,0.0
C-03986,0.1119,0.0,0.0,-0.0423,0.3704,0,0.0055,0.01023,0.00103,1.0,0,362000,36,0,0.0
C-03987,0.1346,0.0,0.0,-0.0885,0.0,0,0.0382,0.011,0.0018,3.9,0,104000,72,0,0.0
C-03988,0.0992,0.0,0.0,-0.0652,0.3469,0,0.0015,0.011,0.0018,4.2,0,247000,47,0,0.077
C-03989,0.038,0.0,0.0,-0.0054,0.6429,0,-0.0065,0.011,0.0018,1.6,0,184000,42,0,0.028
C-03990,0.2495,0.4222,0.1054,-0.2407,0.3148,0,0.0315,0.00966,0.00046,3.7,0,541000,28,0,0.042
C-03991,0.1251,0.0,0.0,-0.1251,0.5714,1,0.0285,0.00815,-0.00105,2.4,0,1595000,73,0,0.003
C-03992,0.077,0.0,0.0,0.0428,0.4444,0,-0.0221,0.01028,0.00108,14.1,1,350500,44,0,0.0
C-03993,0.1715,0.0,0.0,-0.1715,0.168,1,0.0308,0.01021,0.00101,0.3,0,364500,54,0,0.049
C-03994,0.0678,0.0,0.0,-0.0475,0.0,0,0.0011,0.01027,0.00107,12,0,354000,34,0,0.004
C-03995,0.1676,0.5862,0.0983,-0.1676,0.6552,1,0.0351,0.011,0.0018,4,0,86500,26,1,0.491
C-03996,0.0982,0.0,0.0,0.0106,0.3846,0,-0.0062,0.011,0.0018,1.8,0,198500,53,0,0.042
C-03997,0.1278,0.0,0.0,-0.0878,0.0652,0,0.012,0.011,0.0018,2.9,0,180000,46,0,0.0
C-03998,0.0899,0.0,0.0,-0.0548,0.6977,0,-0.0041,0.00937,0.00017,2.9,0,717500,57,0,0.0
C-03999,0.0152,0.0,0.0,-0.0152,0.0,1,0.0136,0.00986,0.00066,2.5,0,460000,58,0,0.059
C-04000,0.085,0.0,0.0,-0.0375,1.0,0,0.0024,0.01097,0.00177,6.9,0,253000,71,0,0.0
C-04001,0.0703,0.0,0.0,0.1078,0.2222,0,0.0428,0.011,0.0018,1.4,0,128000,70,0,0.0
C-04002,0.1556,0.0,0.0,-0.1442,0.5038,0,-0.0076,0.00998,0.00078,1.0,0,421000,67,0,0.067
C-04003,0.1614,0.0,0.0,-0.1449,0.5907,0,0.0018,0.00928,8e-05,7.4,0,802500,37,0,0.068
C-04004,0.2629,0.3452,0.0908,-0.2066,0.625,0,0.0062,0.01046,0.00126,1.9,0,319500,30,0,0.068
C-04005,0.1262,0.0,0.0,-0.1262,0.6068,1,0.0014,0.00985,0.00065,12,0,463500,34,0,0.037
C-04006,0.086,0.0,0.0,0.172,0.0,0,-0.0017,0.011,0.0018,3.9,1,93000,34,0,0.008
C-04007,0.1824,0.2581,0.0471,-0.1824,0.6129,1,0.0167,0.011,0.0018,11.3,0,85000,45,0,0.0
C-04008,0.14,0.0,0.0,-0.14,0.0286,1,-0.0066,0.011,0.0018,7.9,0,125000,50,0,0.029
C-04009,0.0989,0.0,0.0,-0.0954,0.5551,0,0.0071,0.00574,-0.00346,4.0,0,9670000,62,0,0.0
C-04010,0.1851,0.7612,0.1409,-0.1851,0.9104,1,0.0328,0.011,0.0018,3.8,1,181000,30,0,0.031
C-04011,0.0731,0.0,0.0,-0.0731,0.796,1,0.0427,0.00706,-0.00214,0.7,1,3453000,48,0,0.017
C-04012,0.0675,0.0,0.0,-0.0675,0.5769,1,0.0005,0.01012,0.00092,1.0,1,385000,59,0,0.041
C-04013,0.3151,0.5526,0.1741,-0.2936,0.6235,0,0.0514,0.0093,0.0001,9.2,0,784000,36,1,0.329
C-04014,0.0304,0.0,0.0,-0.0304,0.3585,1,0.0097,0.00922,2e-05,1.3,0,871000,74,0,0.072
C-04015,0.0364,0.0,0.0,0.0899,0.2222,0,0.0,0.011,0.0018,15.5,1,123500,41,0,0.056
C-04016,0.0608,0.0,0.0,0.1027,1.0,0,-0.0068,0.011,0.0018,14.0,0,205500,57,0,0.073
C-04017,0.1569,0.0,0.0,-0.1569,0.5,1,-0.0078,0.011,0.0018,0.3,0,76500,53,0,0.0
C-04018,0.0941,0.0,0.0,-0.083,0.7705,0,-0.0043,0.00852,-0.00068,0.4,0,1297000,55,0,0.0
C-04019,0.1302,0.0,0.0,-0.1175,0.243,0,0.0083,0.00746,-0.00174,8.7,1,2733500,36,0,0.045
C-04020,0.0865,0.0,0.0,0.002,0.5349,0,0.039,0.011,0.0018,13.2,0,248500,68,0,0.013
C-04021,0.1593,0.5316,0.0847,-0.1593,0.4684,1,0.04,0.011,0.0018,2.1,1,248000,43,0,0.071
C-04022,0.1941,0.4684,0.0909,-0.1941,0.2405,1,-0.0136,0.011,0.0018,11.2,1,203500,41,0,0.058
C-04023,0.2985,0.4296,0.1282,-0.2726,0.5957,0,0.0309,0.00985,0.00065,2.8,0,464000,42,1,0.513
C-04024,0.206,0.5652,0.1164,-0.206,0.0,1,0.0172,0.01037,0.00117,3.2,0,335000,59,0,0.039
C-04025,0.1176,0.0,0.0,-0.1176,0.8333,1,-0.0105,0.011,0.0018,3,1,51000,25,0,0.077
C-04026,0.202,0.0,0.0,-0.162,0.5467,0,-0.0085,0.00917,-3e-05,10.7,0,928000,40,0,0.014
C-04027,0.1034,0.0,0.0,-0.0362,0.4792,0,0.0277,0.0094,0.0002,0.3,0,696000,36,0,0.021
C-04028,0.0959,0.0,0.0,-0.0137,0.5714,0,0.0499,0.011,0.0018,2.7,0,73000,36,0,0.049
C-04029,0.029,0.0,0.0,-0.0103,0.75,0,0.0376,0.0092,0.0,2.4,0,895500,56,0,0.064
C-04030,0.1481,0.6389,0.0947,-0.0938,0.6389,0,0.0048,0.011,0.0018,0.3,0,243000,28,0,0.0
C-04031,0.1549,0.0,0.0,-0.1462,0.2685,0,-0.0028,0.00925,5e-05,5.1,0,829500,70,0,0.004
C-04032,0.1605,0.0,0.0,-0.1605,0.6326,1,0.0139,0.00926,6e-05,11.0,0,822500,64,0,0.059
C-04033,0.1425,0.0,0.0,-0.1218,0.4848,0,-0.0022,0.011,0.0018,1.4,0,231500,61,0,0.001
C-04034,0.3615,0.5869,0.2122,-0.3489,0.6707,0,0.0529,0.0077,-0.0015,19.9,0,2196500,74,0,0.0
C-04035,0.1189,0.0,0.0,-0.0694,0.1488,0,-0.0153,0.00973,0.00053,13.4,1,509000,57,0,0.022
C-04036,0.1223,0.3627,0.0444,-0.1223,0.3627,1,0.0395,0.01,0.0008,5.0,0,417000,45,1,0.285
C-04037,0.1732,0.0,0.0,-0.0882,0.0,0,-0.0027,0.01008,0.00088,0.3,0,395500,60,0,0.066
C-04038,0.2305,0.0,0.0,-0.1913,0.3898,0,-0.003,0.00963,0.00043,18.8,0,551000,45,0,0.039
C-04039,0.0515,0.0,0.0,0.0969,0.6,0,-0.008,0.011,0.0018,7,1,48500,29,0,0.06
C-04040,0.098,0.0,0.0,-0.0598,1.0,0,-0.0064,0.00955,0.00035,1.8,0,597000,65,0,0.021
C-04041,0.1042,0.0,0.0,0.4958,0.9,0,-0.0006,0.011,0.0018,5.9,0,48000,48,0,0.011
C-04042,0.0446,0.0,0.0,-0.0186,0.8485,0,0.0073,0.01019,0.00099,1.3,0,370000,73,0,0.04
C-04043,0.1143,0.0,0.0,-0.1143,0.6136,1,-0.0011,0.01012,0.00092,7.9,1,385000,52,0,0.029
C-04044,0.0995,0.5083,0.0506,-0.0837,1.0,0,0.0314,0.00866,-0.00054,3.7,0,1216500,48,0,0.03
C-04045,0.1169,0.0,0.0,-0.0685,0.0,0,-0.0076,0.011,0.0018,0.6,0,124000,74,0,0.086
C-04046,0.1337,0.0,0.0,-0.1213,0.1795,0,-0.002,0.00957,0.00037,0.9,0,583500,34,0,0.086
C-04047,0.1122,0.0,0.0,-0.1122,0.6364,1,-0.0092,0.011,0.0018,4.1,1,49000,47,0,0.055
C-04048,0.3138,0.5763,0.1809,-0.1543,0.4237,0,0.0416,0.011,0.0018,5.4,0,94000,35,0,0.049
C-04049,0.0603,0.0,0.0,-0.0603,0.0,1,0.0428,0.00858,-0.00062,4.6,1,1260000,44,0,0.059
C-04050,0.1247,0.4467,0.0557,-0.1132,0.8485,0,0.0527,0.00728,-0.00192,0.4,0,3122500,55,1,0.466
C-04051,0.0403,0.0,0.0,-0.0352,0.5972,0,-0.0122,0.0075,-0.0017,1.2,0,2619000,41,0,0.061
C-04052,0.0689,0.0,0.0,-0.0689,0.7692,1,0.0038,0.01071,0.00151,2.5,1,283000,33,0,0.033
C-04053,0.0929,0.0,0.0,-0.0836,0.2465,0,0.0242,0.00819,-0.00101,1.4,1,1550000,68,0,0.068
C-04054,0.1341,0.6667,0.0894,-0.1341,0.0417,1,0.0124,0.011,0.0018,4.4,0,89500,31,0,0.029
C-04055,0.2602,0.5607,0.1459,-0.2234,0.0754,0,0.0337,0.00957,0.00037,5.2,0,586000,35,0,0.065
C-04056,0.0923,0.3548,0.0327,-0.0923,0.2258,1,0.0181,0.011,0.0018,8,0,168000,30,0,0.06
C-04057,0.1009,0.0,0.0,-0.1009,0.3,1,0.0098,0.0094,0.0002,2.1,1,693500,57,0,0.044
C-04058,0.152,0.0,0.0,0.04,0.2105,0,0.0028,0.011,0.0018,3.4,1,62500,74,0,0.104
C-04059,0.1155,0.0,0.0,-0.0827,0.8387,0,0.0018,0.00928,8e-05,8.1,0,805000,61,0,0.056
C-04060,0.1596,0.0,0.0,0.0191,0.0,0,0.003,0.011,0.0018,0.8,0,47000,29,0,0.026
C-04061,0.1388,0.0,0.0,-0.1024,0.2578,0,-0.0094,0.00986,0.00066,0.5,0,461000,67,0,0.04
C-04062,0.1339,0.0,0.0,-0.0782,0.2,0,0.002,0.01073,0.00153,0.7,0,280000,26,0,0.0
C-04063,0.0837,0.0,0.0,-0.0837,0.5385,1,0.0436,0.011,0.0018,1.5,0,233000,34,0,0.006
C-04064,0.1316,0.0,0.0,-0.1105,0.4667,0,-0.0128,0.011,0.0018,17.1,0,171000,71,0,0.045
C-04065,0.1285,0.0,0.0,-0.1219,0.6108,0,-0.0069,0.00795,-0.00125,10.3,0,1809500,67,0,0.039
C-04066,0.1443,0.5,0.0722,-0.0454,0.1429,0,0.0052,0.011,0.0018,7.3,0,48500,31,0,0.069
C-04067,0.0705,0.0,0.0,-0.0442,0.0,0,0.0113,0.01046,0.00126,4.8,0,319000,73,0,0.064
C-04068,0.0513,0.0,0.0,-0.0513,0.5,1,-0.0119,0.011,0.0018,7.6,0,117000,35,0,0.002
C-04069,0.0482,0.0,0.0,-0.0059,0.0,0,0.0093,0.00966,0.00046,0.5,0,539500,63,0,0.036
C-04070,0.0654,0.0,0.0,0.0692,0.0,0,0.0361,0.011,0.0018,8,0,53500,30,0,0.083
C-04071,0.2009,0.3721,0.0748,-0.2009,0.3721,1,-0.0081,0.011,0.0018,1.6,0,107000,26,0,0.048
C-04072,0.1513,0.0,0.0,-0.1513,0.5709,1,-0.0184,0.00924,4e-05,12.2,0,839500,35,0,0.044
C-04073,0.0858,0.0,0.0,-0.0858,0.1739,1,-0.0034,0.011,0.0018,7.2,0,134000,73,0,0.054
C-04074,0.1124,0.0,0.0,-0.0151,0.3942,0,0.0062,0.00918,-2e-05,7.6,0,925500,38,0,0.103
C-04075,0.0536,0.0,0.0,0.3321,1.0,0,0.0111,0.011,0.0018,6,0,56000,28,0,0.0
C-04076,0.0851,0.0,0.0,0.0681,0.0,0,-0.0097,0.011,0.0018,6.6,1,47000,30,0,0.046
C-04077,0.0619,0.0,0.0,-0.0619,0.8333,1,0.0091,0.011,0.0018,0.9,0,48500,26,0,0.094
C-04078,0.2105,0.0,0.0,0.1684,0.6,0,0.0466,0.011,0.0018,7,1,47500,29,0,0.019
C-04079,0.0944,0.0,0.0,-0.0771,0.6261,0,0.0029,0.00873,-0.00047,7.9,0,1175500,30,0,0.045
C-04080,0.0836,0.0,0.0,-0.0512,0.5161,0,0.0071,0.01018,0.00098,6.4,1,371000,64,0,0.071
C-04081,0.0526,0.0,0.0,0.0737,0.4,0,0.0033,0.011,0.0018,6.4,1,47500,30,0,0.056
C-04082,0.0719,0.0,0.0,0.011,0.1039,0,-0.0045,0.00967,0.00047,2.7,0,535500,63,0,0.077
C-04083,0.4251,0.7714,0.3279,-0.4251,0.8381,1,0.0456,0.011,0.0018,6.3,0,123500,56,1,0.674
C-04084,0.113,0.0,0.0,-0.1096,0.5432,0,0.0422,0.01024,0.00104,9.9,0,358500,52,0,0.0
C-04085,0.0596,0.0,0.0,0.0077,0.0,0,0.0054,0.011,0.0018,3.2,0,142500,42,0,0.05
C-04086,0.1565,0.1522,0.0238,-0.0156,0.4348,0,0.0528,0.011,0.0018,1.5,0,147000,52,0,0.023
C-04087,0.1368,0.0,0.0,-0.1368,0.1538,1,0.0512,0.011,0.0018,0.4,0,47500,48,0,0.065
C-04088,0.0952,0.0,0.0,-0.0952,0.375,1,0.0262,0.011,0.0018,1.9,1,84000,45,0,0.001
C-04089,0.1237,0.3919,0.0485,-0.0796,0.6486,0,-0.0196,0.01059,0.00139,6.0,1,299000,49,0,0.045
C-04090,0.1145,0.0,0.0,-0.1145,0.2105,1,0.0076,0.011,0.0018,11.9,0,83000,67,1,0.05
C-04091,0.1402,0.0,0.0,-0.0894,0.5094,0,0.0541,0.011,0.0018,4.8,0,189000,38,0,0.068
C-04092,0.0964,0.0,0.0,-0.0849,0.099,0,-0.0079,0.00969,0.00049,8,1,524000,30,0,0.059
C-04093,0.2248,0.2638,0.0593,-0.1851,0.2515,0,-0.0058,0.01022,0.00102,3.3,1,362500,43,0,0.02
C-04094,0.2877,0.2073,0.0596,-0.2456,0.6098,0,-0.0003,0.011,0.0018,8.4,1,142500,31,0,0.003
C-04095,0.1437,0.0,0.0,-0.1437,0.6901,1,0.0205,0.011,0.0018,0.8,0,247000,65,0,0.039
C-04096,0.1347,0.0,0.0,-0.1347,0.3913,1,0.0027,0.00923,3e-05,4.5,0,854000,62,0,0.0
C-04097,0.217,0.3818,0.0828,-0.0371,0.1,0,0.01,0.01097,0.00177,0.3,0,253500,48,0,0.022
C-04098,0.1232,0.0,0.0,-0.0106,0.6667,0,-0.0063,0.011,0.0018,6.2,0,170500,57,0,0.005
C-04099,0.0639,0.0,0.0,-0.0483,0.6949,0,0.0114,0.00985,0.00065,3.6,0,462000,53,0,0.014
C-04100,0.1085,0.0,0.0,-0.0811,0.5801,0,-0.012,0.00729,-0.00191,11.4,0,3106000,56,0,0.0
C-04101,0.0986,0.0,0.0,-0.0986,0.7857,1,-0.0036,0.011,0.0018,4.7,1,71000,49,0,0.039
C-04102,0.2307,0.1964,0.0453,-0.2239,0.7454,0,0.0161,0.00725,-0.00195,0.4,0,3166500,73,1,0.907
C-04103,0.1433,0.0,0.0,-0.1433,0.4725,1,0.0378,0.01047,0.00127,6.7,0,317500,59,1,0.375
C-04104,0.138,0.0,0.0,-0.1281,0.1437,0,-0.0139,0.00953,0.00033,2.9,0,605000,47,0,0.037
C-04105,0.0663,0.0,0.0,-0.0471,0.5086,0,0.0049,0.00921,1e-05,11.9,0,874500,47,0,0.05
C-04106,0.2089,0.4567,0.0954,-0.1497,0.5906,0,0.0455,0.01056,0.00136,6.1,1,304000,45,0,0.039
C-04107,0.1088,0.0,0.0,-0.0815,0.0,0,0.0032,0.00925,5e-05,4.1,0,836500,65,0,0.0
C-04108,0.1216,0.2069,0.0252,-0.1216,0.569,1,0.0052,0.011,0.0018,3.7,0,238500,48,0,0.052
C-04109,0.2133,0.25,0.0533,-0.1173,0.2292,0,0.0045,0.011,0.0018,6.8,0,112500,45,0,0.007
C-04110,0.1739,0.3529,0.0614,-0.1739,0.7794,1,-0.0006,0.011,0.0018,7,0,195500,29,0,0.0
C-04111,0.0789,0.0,0.0,-0.046,0.5942,0,0.008,0.00993,0.00073,0.7,1,437000,62,0,0.064
C-04112,0.1213,0.0,0.0,-0.1213,0.3054,1,0.0126,0.00604,-0.00316,3.8,0,6841000,60,0,0.027
C-04113,0.0547,0.0,0.0,-0.0345,0.7308,0,0.0159,0.011,0.0018,1.7,0,237500,34,0,0.021
C-04114,0.1368,0.0,0.0,-0.1109,0.2833,0,0.0129,0.00761,-0.00159,1.4,1,2361500,63,0,0.079
C-04115,0.1721,0.3492,0.0601,-0.1197,0.6667,0,0.0066,0.011,0.0018,0.4,0,183000,74,0,0.0
C-04116,0.1474,0.4286,0.0632,-0.1474,0.1429,1,-0.0056,0.011,0.0018,3,0,47500,25,0,0.039
C-04117,0.1237,0.0,0.0,-0.0786,0.1203,0,0.0053,0.00948,0.00028,21.9,0,638500,60,0,0.0
C-04118,0.3157,0.7478,0.2361,-0.3,0.9378,0,0.0446,0.00918,-2e-05,17.3,0,917000,56,0,0.026
C-04119,0.0418,0.0,0.0,0.0056,0.1273,0,-0.014,0.00945,0.00025,6.9,0,657500,30,0,0.062
C-04120,0.1614,0.2174,0.0351,-0.0646,0.2391,0,-0.0032,0.01069,0.00149,6.9,0,285000,46,0,0.0
C-04121,0.1126,0.0,0.0,-0.0969,0.186,0,-0.014,0.01014,0.00094,0.6,0,382000,25,0,0.028
C-04122,0.1454,0.0,0.0,-0.0903,0.5789,0,-0.0106,0.011,0.0018,0.5,0,196000,50,0,0.084
C-04123,0.1745,0.5492,0.0958,-0.1745,0.2021,1,0.049,0.00963,0.00043,0.6,0,553000,49,1,0.387
C-04124,0.1664,0.0,0.0,-0.1664,0.2252,1,0.0461,0.01037,0.00117,4.1,0,333500,40,1,0.544
C-04125,0.0831,0.0,0.0,-0.0405,0.5067,0,0.0067,0.00988,0.00068,4.4,0,451500,34,0,0.033
C-04126,0.1166,0.0,0.0,-0.1166,0.5769,1,0.0033,0.011,0.0018,1.9,1,111500,26,1,0.261
C-04127,0.3721,0.5273,0.1962,-0.3721,0.2509,1,0.0535,0.01019,0.00099,3.1,0,369500,31,0,0.059
C-04128,0.1858,0.4979,0.0925,-0.1858,0.2259,1,0.0481,0.00947,0.00027,11.0,0,643000,59,0,0.035
C-04129,0.1349,0.0,0.0,-0.1349,0.6512,1,0.0506,0.00915,-5e-05,6.3,0,956000,37,0,0.03
C-04130,0.3401,0.6623,0.2252,-0.3198,0.7351,0,0.0391,0.011,0.0018,7.4,0,222000,31,1,0.478
C-04131,0.0352,0.0,0.0,0.0652,0.0,0,0.0114,0.011,0.0018,3.0,0,227000,39,0,0.056
C-04132,0.0741,0.0,0.0,-0.0741,0.0,1,0.0109,0.00982,0.00062,6.9,0,472500,53,0,0.005
C-04133,0.062,0.0,0.0,-0.0553,1.0,0,0.0013,0.00784,-0.00136,6.2,0,1960000,68,0,0.027
C-04134,0.2271,0.7979,0.1812,-0.1517,0.8298,0,0.0374,0.011,0.0018,25.6,0,207000,73,0,0.062
C-04135,0.0764,0.0,0.0,-0.0566,0.5846,0,-0.004,0.00997,0.00077,4.7,0,425500,58,0,0.067
C-04136,0.2285,0.5584,0.1276,-0.2285,0.2273,1,0.0351,0.01035,0.00115,2.8,1,337000,44,0,0.043
C-04137,0.0428,0.0,0.0,-0.0351,0.65,0,-0.0027,0.00984,0.00064,5.7,0,467500,34,0,0.039
C-04138,0.3601,0.4907,0.1767,-0.3587,0.4907,0,0.0521,0.00757,-0.00163,5.7,1,2461500,75,0,0.041
C-04139,0.1985,0.2692,0.0534,-0.1985,0.3846,1,0.0018,0.011,0.0018,4.2,0,131000,41,0,0.039
C-04140,0.1146,0.0,0.0,-0.0688,0.3889,0,0.0095,0.011,0.0018,8.9,1,157000,65,0,0.052
C-04141,0.1263,0.25,0.0316,0.2274,0.8333,0,-0.0145,0.011,0.0018,1.1,0,47500,33,1,0.05
C-04142,0.0973,0.0,0.0,-0.0973,0.4545,1,0.0069,0.011,0.0018,3,0,56500,25,0,0.0
C-04143,0.1094,0.0,0.0,-0.0683,0.8912,0,-0.0059,0.00943,0.00023,8.5,0,672000,42,0,0.018
C-04144,0.3142,0.4783,0.1503,-0.1699,0.8087,0,0.026,0.011,0.0018,2.2,0,183000,64,0,0.096
C-04145,0.0844,0.0,0.0,-0.0844,0.1579,1,0.0535,0.011,0.0018,3,0,112500,25,0,0.067
C-04146,0.2024,0.14,0.0283,-0.047,0.62,0,-0.0106,0.011,0.0018,3.9,0,123500,40,0,0.052
C-04147,0.1076,0.0,0.0,-0.1076,0.2941,1,0.003,0.011,0.0018,9.5,0,79000,67,0,0.029
C-04148,0.1058,0.5161,0.0546,-0.0321,0.5161,0,-0.0001,0.011,0.0018,0.6,1,146500,28,0,0.012
C-04149,0.0304,0.0,0.0,-0.0214,0.717,0,-0.0068,0.008,-0.0012,0.8,0,1745500,71,0,0.03
C-04150,0.0701,0.0,0.0,-0.0701,0.6042,1,-0.0065,0.01032,0.00112,2.3,0,342500,29,0,0.056
C-04151,0.0496,0.0,0.0,-0.0496,0.6857,1,0.0071,0.01027,0.00107,6.6,0,352500,55,0,0.001
C-04152,0.0932,0.0,0.0,0.0211,0.5111,0,-0.0037,0.011,0.0018,0.3,0,241500,43,0,0.026
C-04153,0.0638,0.0,0.0,0.166,0.0,0,0.0117,0.011,0.0018,5.9,0,47000,35,0,0.059
C-04154,0.1686,0.0,0.0,-0.1359,0.2516,0,-0.0121,0.00918,-2e-05,9.5,0,919500,60,0,0.027
C-04155,0.0937,0.0,0.0,-0.0335,0.2817,0,0.0071,0.01015,0.00095,1.6,1,379000,58,0,0.031
C-04156,0.1633,0.0,0.0,-0.1633,0.3906,1,-0.0032,0.01009,0.00089,10.7,0,392000,64,0,0.028
C-04157,0.0833,0.0,0.0,-0.0833,0.8125,1,0.0029,0.00878,-0.00042,3.9,0,1153000,48,0,0.03
C-04158,0.1731,0.0,0.0,-0.1323,0.1607,0,-0.0123,0.01043,0.00123,3,1,323500,25,1,0.068
C-04159,0.0712,0.0,0.0,-0.0609,0.0,0,-0.0023,0.00769,-0.00151,0.3,0,2212000,61,0,0.056
C-04160,0.1267,0.0,0.0,-0.1158,1.0,0,-0.0047,0.011,0.0018,13.1,1,221000,71,0,0.05
C-04161,0.2259,0.503,0.1136,-0.2011,0.878,0,0.0041,0.00936,0.00016,3.6,1,726000,60,0,0.0
C-04162,0.1693,0.4241,0.0718,-0.1693,0.0,1,0.0515,0.00916,-4e-05,5.8,0,954000,57,0,0.0
C-04163,0.1314,0.0,0.0,-0.1314,0.5143,1,0.0102,0.00928,8e-05,6.0,1,799000,65,0,0.036
C-04164,0.1207,0.0,0.0,-0.1207,0.3571,1,0.0014,0.011,0.0018,0.3,0,58000,27,0,0.013
C-04165,0.1445,0.0,0.0,-0.1445,0.5028,1,0.0349,0.00866,-0.00054,2.7,0,1218000,61,0,0.072
C-04166,0.2619,0.5909,0.1548,-0.1905,0.6591,0,0.044,0.011,0.0018,4.4,0,84000,28,1,0.586
C-04167,0.1195,0.0,0.0,-0.0647,0.4136,0,0.036,0.00918,-2e-05,2.9,0,920500,43,0,0.073
C-04168,0.1042,0.3,0.0312,-0.1042,0.7,1,0.0166,0.011,0.0018,0.3,0,48000,29,1,0.127
C-04169,0.2234,0.5714,0.1277,0.0574,0.4286,0,0.0121,0.011,0.0018,8,0,47000,30,1,0.559
C-04170,0.1099,0.0,0.0,-0.044,0.2115,0,-0.0175,0.011,0.0018,12.2,0,236500,45,0,0.024
C-04171,0.2481,0.5988,0.1485,-0.2113,0.0,0,0.0307,0.01041,0.00121,18.2,0,326500,59,1,0.393
C-04172,0.0668,0.0,0.0,-0.0668,0.1605,1,-0.0006,0.00953,0.00033,4.1,1,606000,56,0,0.061
C-04173,0.0234,0.0,0.0,0.1939,0.0,0,-0.0002,0.01032,0.00112,7.5,0,342500,52,0,0.047
C-04174,0.1308,0.0,0.0,-0.0319,0.3562,0,0.0404,0.01074,0.00154,3.0,1,279000,39,0,0.022
C-04175,0.2926,0.534,0.1562,-0.2386,0.2621,0,0.038,0.011,0.0018,1.3,0,176000,64,0,0.054
C-04176,0.1684,0.0,0.0,-0.1484,0.1779,0,0.0442,0.00849,-0.00071,14.9,0,1318000,60,0,0.076
C-04177,0.0611,0.0,0.0,-0.0611,0.0,1,-0.0005,0.011,0.0018,7.7,0,245500,37,0,0.056
C-04178,0.1298,0.0,0.0,-0.1298,0.7489,1,0.0115,0.00921,1e-05,1.9,1,874500,33,1,0.172
C-04179,0.0961,0.413,0.0397,-0.0786,0.413,0,0.0052,0.00915,-5e-05,2.5,1,957000,67,0,0.085
C-04180,0.0782,0.4211,0.0329,-0.0782,0.1579,1,-0.0056,0.011,0.0018,8.9,0,243000,73,0,0.038
C-04181,0.1502,0.1818,0.0273,-0.1047,0.5299,0,-0.0132,0.00825,-0.00095,0.3,1,1501000,61,0,0.046
C-04182,0.1791,0.25,0.0448,-0.0985,0.3125,0,0.0101,0.011,0.0018,3.0,1,134000,73,0,0.05
C-04183,0.0358,0.0,0.0,0.0063,1.0,0,-0.0014,0.00945,0.00025,0.3,1,656000,57,0,0.003
C-04184,0.1476,0.0,0.0,-0.1476,0.2414,1,0.0124,0.011,0.0018,0.8,0,196500,30,0,0.0
C-04185,0.0943,0.0,0.0,-0.0667,0.3171,0,0.0061,0.00994,0.00074,8.7,0,435000,57,0,0.027
C-04186,0.12,0.0,0.0,-0.0918,0.3529,0,-0.0042,0.011,0.0018,1.8,1,212500,38,0,0.057
C-04187,0.1125,0.0,0.0,-0.0973,0.2676,0,-0.004,0.00858,-0.00062,3.3,0,1262500,30,0,0.041
C-04188,0.0891,0.0,0.0,0.0535,0.4444,0,-0.019,0.011,0.0018,13.4,0,50500,37,0,0.026
C-04189,0.1135,0.0,0.0,-0.0794,0.375,0,0.0116,0.011,0.0018,1.1,1,141000,34,0,0.008
C-04190,0.1839,0.3688,0.0678,-0.1839,0.4771,1,0.0353,0.00727,-0.00193,0.7,0,3139500,56,0,0.067
C-04191,0.1288,0.0,0.0,-0.1288,1.0,1,-0.0073,0.011,0.0018,9.6,0,244500,47,1,0.248
C-04192,0.1404,0.3296,0.0463,-0.1216,0.4413,0,0.0055,0.00948,0.00028,9.0,0,637500,41,0,0.0
C-04193,0.093,0.0,0.0,-0.0866,0.6342,0,-0.0156,0.00584,-0.00336,10.7,0,8438500,53,0,0.04
C-04194,0.1269,0.0,0.0,-0.1189,0.3386,0,-0.0085,0.00934,0.00014,2.5,0,744500,71,0,0.089
C-04195,0.1027,0.0,0.0,-0.1027,0.5974,1,0.0401,0.01017,0.00097,6.9,0,375000,56,0,0.018
C-04196,0.1508,0.0,0.0,-0.1142,0.6629,0,-0.0079,0.01062,0.00142,6.2,0,295000,29,0,0.021
C-04197,0.1155,0.0,0.0,-0.0931,0.371,0,0.0113,0.01083,0.00163,4,0,268500,26,1,0.392
C-04198,0.1219,0.0,0.0,0.0322,0.1518,0,0.0424,0.00986,0.00066,4.3,0,459500,44,0,0.033
C-04199,0.1004,0.0,0.0,-0.0781,0.7899,0,-0.0017,0.00955,0.00035,11.3,1,592500,46,0,0.074
C-04200,0.1987,0.5591,0.1111,-0.1776,0.8201,0,0.0179,0.00834,-0.00086,5.0,1,1427000,54,1,0.468
C-04201,0.0913,0.3641,0.0332,-0.0758,0.5652,0,-0.0136,0.0091,-0.0001,28.0,1,1008000,64,0,0.0
C-04202,0.1044,0.2568,0.0268,-0.0908,0.4527,0,0.0272,0.00938,0.00018,13.9,0,709000,43,0,0.055
C-04203,0.0267,0.0,0.0,-0.0154,0.4835,0,-0.0064,0.00804,-0.00116,7.2,0,1703500,50,0,0.056
C-04204,0.1344,0.5,0.0672,-0.0775,0.2794,0,-0.0196,0.01097,0.00177,4.5,1,253000,46,1,0.495
C-04205,0.1239,0.0,0.0,-0.1239,0.6,1,-0.0099,0.01032,0.00112,2.2,1,343000,63,0,0.075
C-04206,0.0321,0.0,0.0,0.045,0.1429,0,-0.0018,0.011,0.0018,11,0,109000,33,0,0.046
C-04207,0.0733,0.0,0.0,-0.0429,0.0,0,0.0428,0.00963,0.00043,0.8,0,552500,37,0,0.019
C-04208,0.076,0.0,0.0,-0.076,0.3333,1,-0.0127,0.00872,-0.00048,3.0,0,1184500,47,0,0.009
C-04209,0.0917,0.0,0.0,-0.0866,0.2146,0,0.0305,0.00632,-0.00288,29.1,0,5388500,74,0,0.044
C-04210,0.1004,0.0,0.0,-0.0609,0.0,0,-0.0013,0.01037,0.00117,2.5,0,333500,59,0,0.041
C-04211,0.1458,0.0,0.0,-0.0916,0.2535,0,0.0065,0.011,0.0018,7.6,1,243500,68,0,0.038
C-04212,0.2,0.5,0.1,-0.2,0.625,1,0.0209,0.011,0.0018,7.6,1,80000,64,0,0.004
C-04213,0.1429,0.0,0.0,-0.1098,0.6386,0,0.0057,0.01065,0.00145,3.7,0,290500,51,0,0.023
C-04214,0.1598,0.0,0.0,-0.0425,0.1647,0,0.002,0.01085,0.00165,2.1,1,266000,71,0,0.1
C-04215,0.0741,0.0,0.0,-0.0741,0.9083,1,-0.0145,0.0082,-0.001,3.7,0,1546000,49,1,0.388
C-04216,0.119,0.0,0.0,-0.0333,0.65,0,-0.0083,0.011,0.0018,5.7,1,84000,69,1,0.305
C-04217,0.1504,0.0,0.0,-0.1187,0.2456,0,0.0024,0.011,0.0018,12.1,1,189500,68,0,0.079
C-04218,0.0942,0.0,0.0,-0.0942,0.3065,1,-0.0029,0.0104,0.0012,2.1,0,329000,71,0,0.017
C-04219,0.19,0.4839,0.0919,-0.1802,0.6398,0,0.0088,0.00978,0.00058,1.8,0,489500,41,0,0.025
C-04220,0.0202,0.0,0.0,0.0489,0.0,0,0.0142,0.0097,0.0005,2.6,0,521000,52,0,0.032
C-04221,0.248,0.383,0.095,-0.248,0.5532,1,0.0175,0.011,0.0018,8.4,0,189500,73,1,0.396
C-04222,0.0839,0.0,0.0,-0.0414,0.7042,0,-0.0095,0.00998,0.00078,2.5,0,423000,40,0,0.026
C-04223,0.1171,0.0,0.0,-0.0943,0.1622,0,0.0061,0.011,0.0018,1.0,0,158000,68,0,0.024
C-04224,0.1144,0.0,0.0,-0.0505,0.6279,0,0.0203,0.011,0.0018,3.8,0,188000,64,0,0.0
C-04225,0.1165,0.0,0.0,-0.1059,0.0,0,0.0375,0.00987,0.00067,4.5,0,455000,33,0,0.021
C-04226,0.1652,0.3155,0.0521,-0.0677,0.123,0,-0.0065,0.0096,0.0004,18.1,0,566000,57,0,0.052
C-04227,0.1201,0.0,0.0,-0.0701,0.5954,0,0.0306,0.00937,0.00017,18.6,0,720000,62,0,0.009
C-04228,0.1965,0.0,0.0,-0.0937,0.4872,0,0.009,0.011,0.0018,8.9,0,198500,34,0,0.038
C-04229,0.1126,0.0,0.0,-0.1126,0.2732,1,-0.0224,0.00919,-1e-05,4.0,0,910000,74,0,0.081
C-04230,0.2128,0.5124,0.1091,-0.2128,0.6446,1,0.0283,0.0096,0.0004,3.5,0,568500,53,1,1.0
C-04231,0.2315,0.0,0.0,-0.1204,0.32,0,-0.0162,0.011,0.0018,12.5,0,108000,65,1,0.26
C-04232,0.1345,0.0,0.0,-0.1025,0.2793,0,0.0378,0.01002,0.00082,4.5,1,412500,45,0,0.069
C-04233,0.0831,0.4314,0.0358,-0.0831,0.5686,1,0.0061,0.01054,0.00134,12.6,0,307000,57,0,0.056
C-04234,0.037,0.0,0.0,0.0963,0.0,0,0.0125,0.011,0.0018,7.7,0,54000,37,0,0.035
C-04235,0.1333,0.0,0.0,-0.1333,0.8113,1,0.0072,0.00757,-0.00163,14.3,0,2463500,55,0,0.055
C-04236,0.1672,0.3928,0.0657,-0.1651,0.5065,0,0.037,0.00877,-0.00043,2.9,1,1157500,67,1,0.611
C-04237,0.1676,0.6414,0.1075,-0.1482,1.0,0,0.0003,0.00995,0.00075,18.5,1,432500,67,0,0.0
C-04238,0.1499,0.0,0.0,-0.1232,1.0,0,-0.0068,0.0092,0.0,4.4,1,897000,73,0,0.007
C-04239,0.0788,0.0,0.0,-0.0788,0.186,1,0.0515,0.00965,0.00045,2.0,0,545500,47,0,0.09
C-04240,0.0644,0.0,0.0,-0.0276,1.0,0,-0.0128,0.01042,0.00122,4.0,0,326000,59,0,0.086
C-04241,0.4566,0.773,0.3529,-0.4566,0.5644,1,0.0534,0.011,0.0018,6.2,0,178500,35,1,0.657
C-04242,0.0779,0.0,0.0,-0.0779,0.5098,1,0.0396,0.01041,0.00121,1.3,1,327500,69,0,0.026
C-04243,0.1043,0.0,0.0,-0.1043,0.551,1,-0.0075,0.011,0.0018,2.8,1,235000,35,0,0.02
C-04244,0.0659,0.0,0.0,-0.0538,0.0,0,0.0463,0.00628,-0.00292,1.7,0,5563500,70,0,0.014
C-04245,0.0631,0.0,0.0,-0.0536,0.411,0,0.006,0.00725,-0.00195,0.9,0,3161500,63,0,0.041
C-04246,0.1328,0.0,0.0,-0.1328,0.4444,1,0.0307,0.011,0.0018,5,0,135500,27,1,0.067
C-04247,0.3727,0.8907,0.332,-0.3071,0.9399,0,0.0522,0.011,0.0018,2.4,1,245500,46,1,0.78
C-04248,0.2864,0.9123,0.2613,-0.1899,0.4737,0,0.0384,0.011,0.0018,10,1,99500,32,0,0.033
C-04249,0.1299,0.0,0.0,-0.0869,0.5862,0,0.0071,0.0093,0.0001,2.0,1,781500,42,0,0.03
C-04250,0.2159,0.1333,0.0288,-0.2027,0.3026,0,-0.0095,0.00988,0.00068,6.7,0,451500,65,0,0.075
C-04251,0.1531,0.0,0.0,-0.1236,0.8204,0,0.0062,0.00866,-0.00054,0.6,0,1218000,74,0,0.081
C-04252,0.078,0.0,0.0,-0.0312,0.0,0,-0.004,0.00985,0.00065,4.3,0,461500,44,0,0.05
C-04253,0.1301,0.0,0.0,-0.0894,0.3391,0,0.0254,0.00991,0.00071,1.4,1,442000,40,0,0.063
C-04254,0.0871,0.0,0.0,-0.0818,0.0,0,0.0105,0.00696,-0.00224,4.3,0,3635500,61,0,0.045
C-04255,0.1756,0.0,0.0,0.1725,0.1739,0,-0.0223,0.011,0.0018,0.7,0,65500,66,0,0.0
C-04256,0.1028,0.0,0.0,-0.1028,0.9412,1,0.0014,0.011,0.0018,0.3,0,248000,32,1,0.423
C-04257,0.043,0.0,0.0,-0.043,0.2308,1,-0.0005,0.011,0.0018,9,0,151000,31,0,0.034
C-04258,0.2212,0.2921,0.0646,-0.2212,0.5149,1,-0.0009,0.00987,0.00067,2.6,0,456500,43,0,0.028
C-04259,0.2422,0.3889,0.0942,-0.2422,0.1111,1,0.0056,0.011,0.0018,9.8,1,111500,56,0,0.004
C-04260,0.0585,0.0,0.0,-0.0537,0.4666,0,0.0297,0.00573,-0.00347,2.3,0,9730500,64,0,0.084
C-04261,0.0993,0.0,0.0,-0.0993,0.3474,1,-0.0033,0.00981,0.00061,7.8,1,478500,39,0,0.042
C-04262,0.0962,0.0,0.0,0.0577,0.5333,0,0.0035,0.011,0.0018,4,1,78000,26,0,0.085
C-04263,0.0629,0.0,0.0,-0.0473,0.5172,0,-0.0139,0.011,0.0018,21.7,1,230500,75,0,0.069
C-04264,0.157,0.0,0.0,-0.157,0.3704,1,0.0024,0.011,0.0018,5,1,86000,27,1,0.286
C-04265,0.1551,0.0,0.0,-0.1164,0.2178,0,0.0003,0.00946,0.00026,4.0,0,651000,64,0,0.044
C-04266,0.0737,0.0,0.0,0.0274,0.0,0,0.0109,0.011,0.0018,6.3,1,95000,43,0,0.032
C-04267,0.0568,0.0,0.0,-0.0242,0.6068,0,-0.0179,0.00905,-0.00015,4.6,0,1029500,54,1,0.05
C-04268,0.1386,0.0,0.0,-0.0487,0.2973,0,0.0021,0.011,0.0018,10.1,0,133500,36,0,0.089
C-04269,0.2192,0.0,0.0,-0.2047,0.4545,0,-0.0143,0.00958,0.00038,6.0,1,577000,51,0,0.068
C-04270,0.1221,0.0,0.0,-0.1169,0.3913,0,-0.0048,0.00654,-0.00266,5.5,1,4616500,75,0,0.0
C-04271,0.105,0.4127,0.0433,-0.065,0.5556,0,-0.0092,0.01058,0.00138,0.7,1,300000,67,0,0.025
C-04272,0.1665,0.49,0.0816,-0.1665,0.6949,1,0.0148,0.00845,-0.00075,13.0,0,1348000,50,0,0.12
C-04273,0.1131,0.0,0.0,-0.0626,0.2819,0,0.0086,0.00925,5e-05,11.1,0,831000,38,0,0.025
C-04274,0.1377,0.0,0.0,-0.1329,0.6007,0,0.0025,0.0091,-0.0001,2.9,0,1009500,68,0,0.019
C-04275,0.0289,0.0,0.0,0.0682,0.0,0,-0.0006,0.011,0.0018,1.5,0,86500,26,0,0.02
C-04276,0.1474,0.0,0.0,-0.1474,0.5,1,0.048,0.011,0.0018,7.1,1,47500,34,1,0.476
C-04277,0.1934,0.5625,0.1088,-0.1426,0.625,0,0.04,0.011,0.0018,0.6,0,165500,70,0,0.022
C-04278,0.1545,0.0,0.0,-0.1545,0.5789,1,-0.0003,0.00995,0.00075,7,0,430500,29,0,0.099
C-04279,0.1,0.0,0.0,-0.1,0.5,1,-0.0063,0.011,0.0018,0.4,0,60000,46,0,0.08
C-04280,0.151,0.0,0.0,-0.1085,0.8414,0,-0.006,0.0098,0.0006,6.9,0,480000,44,0,0.0
C-04281,0.3085,0.6207,0.1915,0.1766,0.6897,0,0.0344,0.011,0.0018,4.8,1,47000,33,0,0.063
C-04282,0.0695,0.0,0.0,-0.0695,0.527,1,0.0023,0.00967,0.00047,0.3,0,532500,39,1,0.234
C-04283,0.0625,0.0,0.0,0.0625,0.1667,0,0.0105,0.011,0.0018,0.3,0,48000,33,0,0.072
C-04284,0.0551,0.0,0.0,0.0583,0.7143,0,-0.0012,0.01047,0.00127,3.1,0,317500,41,0,0.097
C-04285,0.0745,0.0,0.0,0.3085,0.5714,0,-0.0143,0.011,0.0018,9.4,0,47000,51,0,0.042
C-04286,0.0661,0.0,0.0,-0.0337,0.0,0,-0.0057,0.00934,0.00014,5.5,0,741500,53,0,0.048
C-04287,0.0491,0.0,0.0,0.0125,0.1343,0,-0.0051,0.00942,0.00022,7.0,1,682500,59,0,0.054
C-04288,0.0878,0.0,0.0,-0.0483,0.0,0,0.0367,0.01033,0.00113,12.3,1,341500,64,0,0.0
C-04289,0.1342,0.0,0.0,-0.1243,0.488,0,0.0481,0.00771,-0.00149,6.0,0,2175500,53,0,0.064
C-04290,0.0659,0.0,0.0,0.2637,0.75,0,-0.0151,0.011,0.0018,2.1,0,91000,59,0,0.053
C-04291,0.1338,0.0,0.0,-0.0194,0.45,0,0.0413,0.011,0.0018,11.7,0,149500,59,0,0.049
C-04292,0.207,0.4576,0.0947,-0.0218,0.2203,0,0.0021,0.011,0.0018,11.7,1,142500,63,0,0.044
C-04293,0.0995,0.0,0.0,-0.0782,0.3106,0,-0.0028,0.00872,-0.00048,2.9,0,1181000,39,0,0.111
C-04294,0.0627,0.0,0.0,-0.0627,0.64,1,0.0423,0.011,0.0018,12.0,0,199500,43,0,0.019
C-04295,0.1516,0.0,0.0,-0.1159,0.7843,0,0.0028,0.01036,0.00116,4.2,0,336500,34,0,0.027
C-04296,0.2043,0.0,0.0,-0.1977,0.3369,0,0.0196,0.00919,-1e-05,9.2,0,908000,36,0,0.071
C-04297,0.0878,0.0,0.0,-0.0176,0.0,0,0.0082,0.011,0.0018,0.6,0,102500,43,0,0.042
C-04298,0.1871,0.0,0.0,-0.1099,0.2422,0,-0.0224,0.01033,0.00113,2.9,1,342000,61,0,0.055
C-04299,0.2125,0.3824,0.0813,-0.0625,0.7647,0,0.0025,0.011,0.0018,3.5,0,80000,62,0,0.072
C-04300,0.0817,0.0,0.0,-0.0817,0.6897,1,-0.0133,0.011,0.0018,8.6,0,177500,57,0,0.058
C-04301,0.1043,0.0,0.0,0.5217,0.3333,0,0.0021,0.011,0.0018,2.6,0,57500,45,0,0.099
C-04302,0.297,0.6181,0.1836,-0.297,0.0201,1,0.0531,0.00943,0.00023,0.6,0,670000,50,1,0.412
C-04303,0.0846,0.0,0.0,-0.0586,0.0,0,0.0028,0.00973,0.00053,4.9,0,508500,36,0,0.084
C-04304,0.0672,0.0,0.0,-0.0672,0.7778,1,0.0276,0.011,0.0018,2.4,1,67000,41,0,0.051
C-04305,0.1548,0.0,0.0,-0.1452,0.6045,0,-0.0131,0.0069,-0.0023,8.4,1,3757000,63,0,0.123
C-04306,0.1656,0.0,0.0,-0.0968,0.4423,0,-0.0007,0.011,0.0018,0.8,0,157000,71,0,0.043
C-04307,0.0582,0.0,0.0,0.0116,0.625,0,-0.0104,0.011,0.0018,12.9,0,137500,70,0,0.043
C-04308,0.1381,0.2296,0.0317,-0.1381,0.5039,1,0.0061,0.00762,-0.00158,5.4,1,2349500,60,0,0.049
C-04309,0.1494,0.0,0.0,-0.0896,0.2083,0,-0.0117,0.011,0.0018,1.2,0,241000,25,0,0.0
C-04310,0.0792,0.0,0.0,-0.0137,0.7931,0,-0.0125,0.011,0.0018,3.2,0,183000,74,0,0.064
C-04311,0.1843,0.375,0.0691,-0.1512,0.9417,0,-0.0034,0.01042,0.00122,2.7,0,325500,69,0,0.063
C-04312,0.0667,0.0,0.0,-0.02,1.0,0,-0.005,0.011,0.0018,4.1,0,180000,33,0,0.0
C-04313,0.0664,0.0,0.0,-0.0664,0.45,1,0.0322,0.01058,0.00138,3.6,0,301000,42,0,0.083
C-04314,0.1701,0.6829,0.1162,-0.1639,0.6829,0,0.0368,0.00628,-0.00292,3.3,1,5551000,53,1,0.329
C-04315,0.1763,0.0,0.0,-0.1585,0.3315,0,-0.0021,0.0082,-0.001,4.5,1,1548500,51,0,0.081
C-04316,0.1004,0.0,0.0,-0.0961,0.5689,0,-0.0058,0.00735,-0.00185,10.2,1,3038000,62,0,0.039
C-04317,0.1385,0.0,0.0,-0.1284,0.4924,0,0.0119,0.00981,0.00061,0.5,0,476500,68,0,0.039
C-04318,0.1165,0.0,0.0,-0.0824,0.0732,0,0.0069,0.011,0.0018,6.9,1,176000,66,0,0.0
C-04319,0.1223,0.0,0.0,-0.0279,0.5,0,-0.0042,0.011,0.0018,2.0,0,229000,36,0,0.062
C-04320,0.2169,0.4416,0.0958,-0.2169,0.4416,1,0.0491,0.011,0.0018,1.3,0,177500,65,0,0.041
C-04321,0.1156,0.0,0.0,-0.0968,0.3412,0,0.0175,0.00828,-0.00092,1.6,0,1471000,58,0,0.06
C-04322,0.1307,0.0,0.0,-0.1196,0.2864,0,0.0032,0.00932,0.00012,6.0,0,761500,75,0,0.034
C-04323,0.1302,0.0,0.0,0.1698,0.32,0,0.0009,0.011,0.0018,4,0,96000,26,0,0.034
C-04324,0.1745,0.141,0.0246,-0.0671,0.859,0,0.0049,0.011,0.0018,2.9,0,223500,40,0,0.064
C-04325,0.0869,0.4054,0.0352,-0.0756,0.6486,0,-0.0051,0.011,0.0018,7.2,0,213000,34,0,0.0
C-04326,0.0347,0.0,0.0,-0.0181,0.0,0,-0.0075,0.01024,0.00104,9.2,0,360000,71,0,0.049
C-04327,0.1597,0.0,0.0,-0.0944,0.2727,0,0.0048,0.01077,0.00157,6.2,1,275500,48,0,0.064
C-04328,0.1489,0.0,0.0,-0.1489,0.2143,1,-0.0069,0.011,0.0018,7,0,47000,29,0,0.033
C-04329,0.1047,0.3944,0.0413,-0.0127,0.3944,0,-0.0132,0.01034,0.00114,10.7,0,339000,40,0,0.025
C-04330,0.1761,0.0,0.0,-0.128,0.3415,0,0.0115,0.00918,-2e-05,3.3,0,923000,53,0,0.059
C-04331,0.0654,0.0,0.0,-0.0556,0.0,0,-0.0058,0.00952,0.00032,9.8,0,612000,34,0,0.039
C-04332,0.1566,0.0,0.0,-0.1437,0.5371,0,0.0141,0.00767,-0.00153,5.4,0,2235000,49,0,0.051
C-04333,0.1978,0.2418,0.0478,-0.1978,0.1209,1,-0.0047,0.011,0.0018,2.4,1,230000,34,0,0.056
C-04334,0.1692,0.0,0.0,-0.1643,0.7653,0,-0.0054,0.00756,-0.00164,14.7,1,2468000,67,0,0.0
C-04335,0.181,0.2,0.0362,-0.1231,0.2727,0,0.0523,0.00932,0.00012,4.8,0,759500,63,0,0.057
C-04336,0.1226,0.0,0.0,0.0019,0.5385,0,-0.0055,0.011,0.0018,5.5,1,106000,49,0,0.05
C-04337,0.0756,0.0,0.0,-0.0084,1.0,0,0.03,0.011,0.0018,10,0,178500,32,0,0.035
C-04338,0.107,0.325,0.0348,-0.0043,0.225,0,0.0029,0.011,0.0018,5.4,0,187000,30,0,0.041
C-04339,0.12,0.0,0.0,-0.12,0.2667,1,-0.0083,0.011,0.0018,3.8,0,62500,74,0,0.068
C-04340,0.0542,0.0,0.0,-0.0542,0.875,1,0.0335,0.011,0.0018,1.9,0,221500,31,0,0.021
C-04341,0.1113,0.0,0.0,-0.0937,0.615,0,-0.0039,0.00915,-5e-05,10.9,1,957000,45,0,0.054
C-04342,0.129,0.0,0.0,-0.1218,0.0,0,-0.0023,0.00875,-0.00045,0.6,0,1167000,33,0,0.037
C-04343,0.2058,0.2654,0.0546,-0.1433,0.0309,0,-0.0095,0.00929,9e-05,6.2,1,787000,42,1,0.05
C-04344,0.1562,0.0,0.0,-0.1562,0.5152,1,0.0319,0.01047,0.00127,4.6,0,317000,29,1,0.337
C-04345,0.0532,0.0,0.0,-0.0073,0.0,0,-0.0208,0.00954,0.00034,0.3,1,602000,51,0,0.01
C-04346,0.147,0.0,0.0,-0.1331,0.7554,0,0.0533,0.00835,-0.00085,13.3,0,1418000,61,0,0.008
C-04347,0.1684,0.0,0.0,-0.1684,0.5,1,0.0319,0.011,0.0018,1.3,0,47500,57,0,0.063
C-04348,0.0667,0.0,0.0,0.1396,0.6316,0,-0.0232,0.01069,0.00149,11.9,0,285000,64,0,0.0
C-04349,0.0194,0.0,0.0,-0.0113,0.0,0,-0.0101,0.00739,-0.00181,12.7,0,2962500,36,0,0.068
C-04350,0.1631,0.0,0.0,-0.1534,0.2314,0,-0.0087,0.01018,0.00098,2.6,0,371000,69,0,0.068
C-04351,0.0869,0.0,0.0,0.0161,0.2911,0,0.0036,0.00988,0.00068,0.8,0,454500,49,0,0.081
C-04352,0.5081,0.7447,0.3784,-0.5081,0.3936,1,0.0328,0.011,0.0018,0.5,1,92500,66,1,0.755
C-04353,0.1457,0.0,0.0,-0.0723,0.5062,0,0.0463,0.01075,0.00155,16.8,0,278000,50,0,0.078
C-04354,0.1111,0.0,0.0,-0.1111,0.6875,1,0.0281,0.011,0.0018,2.7,0,72000,35,0,0.065
C-04355,0.0617,0.3333,0.0206,0.0185,0.0,0,0.0521,0.011,0.0018,8.0,0,194500,48,0,0.0
C-04356,0.4577,0.6929,0.3171,-0.4317,0.8661,0,0.0344,0.01075,0.00155,5.0,0,277500,42,1,0.577
C-04357,0.099,0.0,0.0,0.201,0.2105,0,-0.0142,0.011,0.0018,12.3,0,96000,35,0,0.032
C-04358,0.1116,0.0,0.0,-0.1116,0.4516,1,0.025,0.00886,-0.00034,11.5,0,1111000,49,0,0.035
C-04359,0.1158,0.0,0.0,0.3642,0.4545,0,0.0254,0.011,0.0018,3.7,0,47500,27,0,0.075
C-04360,0.0386,0.0,0.0,-0.0171,1.0,0,0.0158,0.00739,-0.00181,4.6,0,2950500,39,0,0.004
C-04361,0.1081,0.0,0.0,-0.099,0.2529,0,0.0101,0.0093,0.0001,0.9,0,786000,70,0,0.067
C-04362,0.1222,0.825,0.1008,-0.1222,0.0813,1,0.0529,0.00945,0.00025,0.3,1,654500,35,0,0.011
C-04363,0.1775,0.9024,0.1602,-0.1775,0.0244,1,0.0266,0.011,0.0018,10.5,0,115500,54,0,0.054
C-04364,0.1717,0.0,0.0,-0.1617,0.6473,0,0.0,0.00819,-0.00101,1.8,0,1552000,55,0,0.007
C-04365,0.1639,0.0,0.0,-0.1639,0.2051,1,0.0095,0.011,0.0018,2.4,0,119000,66,0,0.05
C-04366,0.1421,0.0,0.0,-0.1259,0.3122,0,-0.0058,0.00944,0.00024,1.5,0,665000,47,0,0.004
C-04367,0.2609,0.275,0.0717,-0.2296,0.7,0,0.0037,0.011,0.0018,0.3,0,230000,70,0,0.05
C-04368,0.1304,0.0,0.0,-0.0933,0.4948,0,0.0022,0.00934,0.00014,2.2,0,744000,74,0,0.041
C-04369,0.0488,0.0,0.0,0.0829,0.125,0,0.0146,0.011,0.0018,2.0,0,164000,51,0,0.011
C-04370,0.1125,0.0,0.0,-0.0585,0.5778,0,0.0038,0.011,0.0018,7.1,1,200000,34,0,0.059
C-04371,0.0635,0.0,0.0,-0.0317,0.8861,0,-0.0001,0.00861,-0.00059,11.5,0,1244000,41,0,0.012
C-04372,0.0437,0.0,0.0,-0.0087,0.0,0,0.0009,0.011,0.0018,5.9,0,171500,34,1,0.224
C-04373,0.1489,0.381,0.0567,-0.0468,0.381,0,-0.0057,0.011,0.0018,1.4,0,70500,27,0,0.006
C-04374,0.0603,0.0,0.0,-0.0603,0.0,1,0.0035,0.011,0.0018,3.4,1,58000,61,0,0.081
C-04375,0.1211,0.0,0.0,-0.0716,0.3371,0,0.0415,0.0102,0.001,15,0,367500,37,0,0.0
C-04376,0.2636,0.5152,0.1358,-0.2109,0.9071,0,0.0488,0.00917,-3e-05,0.6,0,939000,52,1,0.363
C-04377,0.2381,0.7077,0.1685,-0.1766,0.2923,0,0.0366,0.011,0.0018,3,0,136500,25,0,0.0
C-04378,0.236,0.1429,0.0337,0.1551,0.2857,0,0.0076,0.011,0.0018,5.0,0,89000,32,0,0.07
C-04379,0.0242,0.0,0.0,0.1113,1.0,0,0.0355,0.011,0.0018,26,1,62000,48,0,0.022
C-04380,0.1177,0.0,0.0,-0.0578,0.3939,0,0.0107,0.00999,0.00079,7,0,420500,29,0,0.033
C-04381,0.0859,0.0,0.0,-0.0318,0.8361,0,0.003,0.01026,0.00106,6.3,0,355000,29,0,0.012
C-04382,0.0772,0.0,0.0,-0.0741,0.8863,0,0.0508,0.00642,-0.00278,1.8,0,5010000,74,0,0.067
C-04383,0.1755,0.0,0.0,-0.1619,0.2581,0,0.0083,0.00992,0.00072,27.8,1,441500,72,0,0.042
C-04384,0.0359,0.0,0.0,-0.0359,0.4545,1,-0.0169,0.011,0.0018,3.1,0,153000,39,0,0.016
C-04385,0.0743,0.0,0.0,-0.0335,0.451,0,0.0541,0.01032,0.00112,3.6,0,343000,64,0,0.023
C-04386,0.0915,0.0,0.0,-0.0637,0.931,0,-0.0122,0.00981,0.00061,3.9,0,475500,69,0,0.037
C-04387,0.1623,0.3393,0.0551,-0.0997,1.0,0,-0.0088,0.011,0.0018,4.1,0,172500,47,0,0.037
C-04388,0.1318,0.0,0.0,-0.1301,0.2495,0,0.0299,0.00614,-0.00306,2.8,0,6261000,69,0,0.063
C-04389,0.1817,0.2358,0.0428,-0.1817,0.6745,1,-0.0097,0.00957,0.00037,1.6,1,583500,48,0,0.069
C-04390,0.1042,0.0,0.0,0.1208,0.0,0,0.0198,0.011,0.0018,0.3,0,48000,34,0,0.081
C-04391,0.139,0.5854,0.0814,-0.0861,0.7073,0,0.0146,0.01062,0.00142,4.4,0,295000,40,0,0.028
C-04392,0.1638,0.2979,0.0488,-0.1638,0.4681,1,0.002,0.011,0.0018,7.8,0,143500,47,1,0.7
C-04393,0.0608,0.0,0.0,-0.0097,0.0,0,-0.0049,0.011,0.0018,4.7,0,164500,56,0,0.026
C-04394,0.2045,0.0,0.0,-0.2045,0.7908,1,0.0112,0.01017,0.00097,6.4,0,374000,68,0,0.066
C-04395,0.1758,0.3125,0.0549,-0.1758,0.375,1,0.0443,0.011,0.0018,13.2,0,45500,75,0,0.022
C-04396,0.0371,0.0,0.0,-0.017,0.2258,0,0.0016,0.01,0.0008,8.8,0,417500,59,0,0.014
C-04397,0.0755,0.0,0.0,-0.0158,0.5294,0,0.0125,0.00961,0.00041,7.0,0,563000,47,0,0.065
C-04398,0.0588,0.0,0.0,-0.0343,0.0,0,-0.0066,0.011,0.0018,15.6,0,195500,68,0,0.063
C-04399,0.399,0.8052,0.3212,-0.2124,0.4286,0,0.0302,0.011,0.0018,8.0,1,96500,59,1,0.873
C-04400,0.0926,0.0,0.0,-0.0259,0.7,0,0.0502,0.011,0.0018,2.0,0,54000,36,0,0.0
C-04401,0.1684,0.375,0.0632,-0.1684,0.5625,1,-0.0141,0.011,0.0018,6.0,1,47500,51,0,0.066
C-04402,0.0796,0.0,0.0,-0.0796,0.7333,1,-0.0078,0.011,0.0018,8.2,1,188500,64,0,0.049
C-04403,0.1653,0.0,0.0,-0.1578,0.2201,0,-0.0001,0.0098,0.0006,7.6,0,481000,65,0,0.084
C-04404,0.0404,0.0,0.0,-0.0404,0.4906,1,-0.0054,0.00945,0.00025,2.6,1,655500,31,0,0.095
C-04405,0.1689,0.0,0.0,-0.1689,0.64,1,0.0308,0.011,0.0018,9,0,74000,31,0,0.012
C-04406,0.2808,0.8724,0.245,-0.2708,0.4337,0,0.0361,0.01029,0.00109,0.6,0,349000,54,0,0.086
C-04407,0.0822,0.0,0.0,-0.0547,0.557,0,0.0101,0.0098,0.0006,1.6,1,480500,49,0,0.041
C-04408,0.1705,0.4667,0.0795,-0.0068,0.6667,0,0.0034,0.011,0.0018,21.6,0,44000,45,0,0.016
C-04409,0.1365,0.0,0.0,-0.1084,0.4143,0,0.0265,0.01094,0.00174,13.0,0,256500,43,0,0.069
C-04410,0.1004,0.0,0.0,-0.0778,0.8246,0,0.0115,0.00923,3e-05,0.3,0,852000,71,0,0.08
C-04411,0.1416,0.0,0.0,-0.1416,0.5,1,0.0072,0.011,0.0018,4.2,0,56500,33,0,0.097
C-04412,0.1299,0.0,0.0,-0.1299,0.4348,1,0.017,0.011,0.0018,8,0,88500,30,1,0.141
C-04413,0.1459,0.0,0.0,-0.1172,0.7591,0,0.0017,0.00747,-0.00173,21.8,0,2717000,51,0,0.043
C-04414,0.0316,0.0,0.0,-0.0316,0.0,1,0.0114,0.00914,-6e-05,1.7,1,982000,69,0,0.038
C-04415,0.0738,0.0,0.0,-0.0738,0.1417,1,0.0515,0.00758,-0.00162,0.3,1,2437500,61,0,0.031
C-04416,0.4305,0.7682,0.3307,-0.4305,0.4091,1,0.0432,0.01095,0.00175,9.3,0,255500,68,1,0.626
C-04417,0.0847,0.0,0.0,-0.013,0.5324,0,-0.0039,0.00926,6e-05,0.3,0,820500,58,0,0.073
C-04418,0.1304,0.25,0.0326,-0.1304,0.25,1,-0.0178,0.011,0.0018,3.4,1,92000,52,1,0.159
C-04419,0.1738,0.2085,0.0362,-0.1665,0.6042,0,0.0091,0.00927,7e-05,0.8,0,814000,70,0,0.087
C-04420,0.3308,0.8712,0.2882,-0.3308,0.8712,1,0.0417,0.00954,0.00034,3.4,0,598500,51,1,0.692
C-04421,0.1254,0.0,0.0,-0.1224,0.5601,0,-0.0071,0.00692,-0.00228,17.3,1,3717500,41,0,0.028
C-04422,0.1193,0.0,0.0,-0.1193,0.0,1,0.0045,0.00968,0.00048,2.5,0,528000,54,0,0.063
C-04423,0.101,0.4899,0.0495,-0.0977,0.0,0,0.0005,0.00662,-0.00258,0.3,1,4407500,74,0,0.02
C-04424,0.1694,0.6667,0.1129,-0.0919,0.1905,0,-0.0027,0.011,0.0018,7.2,1,62000,31,1,0.428
C-04425,0.0843,0.0,0.0,-0.069,0.4535,0,0.0075,0.00907,-0.00013,0.3,1,1020000,71,0,0.0
C-04426,0.1068,0.0,0.0,-0.0689,0.0,0,-0.0056,0.00966,0.00046,4.6,0,538500,73,0,0.017
C-04427,0.1939,0.0,0.0,0.002,0.7895,0,0.0001,0.011,0.0018,0.9,0,49000,40,1,0.069
C-04428,0.0826,0.0,0.0,-0.0738,0.2275,0,0.0474,0.00631,-0.00289,0.3,0,5455500,57,1,0.169
C-04429,0.2004,0.1592,0.0319,-0.1866,0.5446,0,0.0373,0.0093,0.0001,0.3,0,783500,61,0,0.072
C-04430,0.1425,0.175,0.0249,-0.1425,0.0,1,0.0114,0.00939,0.00019,11.8,0,702000,35,0,0.04
C-04431,0.0549,0.0,0.0,-0.0148,0.0,0,-0.0153,0.011,0.0018,22.1,0,209500,74,0,0.089
C-04432,0.0904,0.0,0.0,-0.0904,1.0,1,0.0288,0.00905,-0.00015,4.7,0,1029000,57,0,0.038
C-04433,0.1603,0.0,0.0,-0.0877,0.2727,0,0.0002,0.0099,0.0007,12.8,0,446000,56,0,0.042
C-04434,0.065,0.0,0.0,-0.0429,0.4205,0,-0.0015,0.00844,-0.00076,15.6,1,1353000,53,0,0.061
C-04435,0.1055,0.0,0.0,-0.0853,0.142,0,0.0022,0.00925,5e-05,0.9,0,834500,52,0,0.039
C-04436,0.095,0.0,0.0,-0.057,0.0,0,-0.0036,0.011,0.0018,2.3,0,189500,55,0,0.071
C-04437,0.1537,0.5047,0.0776,-0.1261,0.7477,0,-0.0165,0.0103,0.0011,2.3,1,348000,32,0,0.046
C-04438,0.1461,0.0,0.0,-0.1292,0.3976,0,-0.0057,0.0107,0.0015,2.5,0,284000,29,0,0.015
C-04439,0.1646,0.0,0.0,-0.1646,0.2593,1,-0.0087,0.011,0.0018,11.6,0,82000,51,0,0.011
C-04440,0.135,0.0,0.0,-0.135,0.3647,1,0.0042,0.00949,0.00029,7.5,0,629500,63,0,0.082
C-04441,0.0897,0.4444,0.0399,-0.0578,1.0,0,0.0111,0.011,0.0018,10.4,0,150500,53,0,0.083
C-04442,0.0367,0.0,0.0,0.022,0.0,0,0.0079,0.011,0.0018,1.8,0,122500,40,0,0.023
C-04443,0.2279,0.5821,0.1327,-0.2279,0.0,1,0.0362,0.011,0.0018,5.1,1,147000,69,1,0.324
C-04444,0.1458,0.0,0.0,-0.0208,0.7857,0,-0.009,0.011,0.0018,11,0,48000,33,0,0.035
C-04445,0.4375,0.7143,0.3125,-0.2375,0.4762,0,0.0465,0.011,0.0018,1.2,0,48000,32,1,0.115
C-04446,0.2484,0.125,0.0311,-0.2484,0.2,1,-0.0198,0.011,0.0018,2.3,0,80500,44,0,0.037
C-04447,0.1562,0.0,0.0,-0.1562,0.3333,1,-0.0007,0.011,0.0018,2.1,0,48000,25,0,0.074
C-04448,0.1007,0.0,0.0,-0.1007,0.3333,1,0.0016,0.011,0.0018,0.9,0,74500,33,0,0.023
C-04449,0.0619,0.0,0.0,-0.0308,0.0,0,-0.0073,0.0103,0.0011,8.8,0,347500,41,0,0.039
C-04450,0.0966,0.0,0.0,-0.0966,0.5,1,0.0164,0.011,0.0018,0.3,0,103500,37,0,0.059
C-04451,0.1341,0.0,0.0,-0.0959,0.4576,0,-0.0125,0.011,0.0018,7.7,0,220000,68,0,0.124
C-04452,0.1277,0.0,0.0,-0.0755,0.4894,0,-0.0119,0.011,0.0018,3.5,0,184000,36,0,0.0
C-04453,0.1626,0.0,0.0,-0.1626,0.35,1,0.0232,0.011,0.0018,9.4,0,123000,47,0,0.065
C-04454,0.2083,0.45,0.0938,0.0917,0.25,0,0.0058,0.011,0.0018,3,1,48000,25,0,0.096
C-04455,0.1887,0.1879,0.0355,-0.1887,0.0,1,0.003,0.00654,-0.00266,2.8,1,4639500,74,1,0.258
C-04456,0.1005,0.0,0.0,-0.0914,0.1688,0,0.0383,0.01013,0.00093,2.6,0,383000,48,0,0.041
C-04457,0.0686,0.0,0.0,0.2137,0.0714,0,-0.0098,0.011,0.0018,10,0,102000,32,0,0.054
C-04458,0.0879,0.0,0.0,-0.0487,0.5577,0,0.0096,0.0092,0.0,6.8,1,887000,36,0,0.065
C-04459,0.0818,0.0,0.0,-0.0236,1.0,0,-0.0188,0.011,0.0018,16.1,0,165000,68,0,0.051
C-04460,0.0864,0.0,0.0,-0.0209,0.5789,0,-0.0194,0.011,0.0018,12.4,1,110000,68,0,0.023
C-04461,0.14,0.4286,0.06,0.172,0.2857,0,0.0086,0.011,0.0018,5,0,50000,27,0,0.026
C-04462,0.1158,0.0,0.0,0.0358,0.4545,0,0.0066,0.011,0.0018,3,0,47500,25,0,0.018
C-04463,0.1652,0.0,0.0,-0.113,0.4737,0,0.0015,0.011,0.0018,18.2,0,115000,72,0,0.027
C-04464,0.0496,0.0,0.0,0.0131,0.0,0,0.0052,0.011,0.0018,7,0,191500,29,0,0.062
C-04465,0.1785,0.0,0.0,-0.1743,0.6406,0,-0.01,0.00766,-0.00154,2.8,0,2260500,44,0,0.029
C-04466,0.0821,0.0,0.0,-0.0081,0.0784,0,0.0356,0.01051,0.00131,4,1,310500,26,0,0.014
C-04467,0.091,0.0,0.0,-0.0854,0.3426,0,-0.0017,0.00616,-0.00304,7.3,1,6141000,63,0,0.062
C-04468,0.0723,0.0,0.0,-0.0723,0.7032,1,0.0028,0.00895,-0.00025,0.3,0,1071500,64,0,0.053
C-04469,0.2118,0.5444,0.1153,-0.1065,0.5444,0,0.0028,0.01007,0.00087,10.8,1,399000,49,1,0.337
C-04470,0.1454,0.0,0.0,-0.0431,0.7414,0,-0.0135,0.011,0.0018,7.2,1,199500,57,0,0.005
C-04471,0.4794,0.7566,0.3627,-0.4341,0.4457,0,0.0324,0.01074,0.00154,23.7,1,278500,75,0,0.015
C-04472,0.1374,0.0,0.0,-0.0846,0.52,0,0.0017,0.011,0.0018,0.3,1,91000,73,0,0.004
C-04473,0.032,0.0,0.0,-0.011,0.1818,0,0.0024,0.011,0.0018,10.2,0,172000,47,0,0.065
C-04474,0.0362,0.0,0.0,-0.0244,0.0,0,0.0276,0.00924,4e-05,7.4,1,843000,49,0,0.049
C-04475,0.0753,0.0,0.0,0.0796,0.5714,0,-0.0022,0.011,0.0018,14.7,0,46500,53,0,0.058
C-04476,0.0309,0.0,0.0,-0.0309,0.4444,1,-0.0124,0.011,0.0018,4,1,145500,26,0,0.052
C-04477,0.1282,0.0,0.0,-0.1282,0.1456,1,0.018,0.00928,8e-05,5.0,0,803500,62,0,0.045
C-04478,0.1286,0.0,0.0,-0.0648,0.3607,0,-0.0144,0.00871,-0.00049,8.7,0,1186000,42,0,0.053
C-04479,0.2444,0.5559,0.1359,-0.2321,0.8287,0,0.0344,0.00957,0.00037,1.8,0,585000,75,0,0.075
C-04480,0.2523,0.7695,0.1942,-0.2523,0.0823,1,0.0509,0.0098,0.0006,14,0,481500,36,1,0.67
C-04481,0.1789,0.7424,0.1328,-0.1268,0.1364,0,0.0023,0.011,0.0018,15.2,1,184500,43,1,0.67
C-04482,0.1102,0.0,0.0,-0.0409,0.3095,0,0.006,0.011,0.0018,0.3,1,190500,49,0,0.052
C-04483,0.0884,0.0,0.0,0.0902,0.2105,0,0.0045,0.011,0.0018,7.5,0,107500,70,0,0.036
C-04484,0.25,0.0,0.0,-0.2393,0.3304,0,-0.0217,0.0099,0.0007,4.1,0,448000,51,1,0.154
C-04485,0.1327,0.0,0.0,-0.1134,0.0379,0,-0.0056,0.00976,0.00056,0.3,1,497500,62,0,0.071
C-04486,0.0707,0.0,0.0,-0.0101,1.0,0,-0.0014,0.011,0.0018,6.7,0,99000,70,0,0.0
C-04487,0.2056,0.0,0.0,-0.1889,0.5105,0,0.0005,0.00958,0.00038,0.8,0,576500,46,0,0.049
C-04488,0.2028,0.3174,0.0644,-0.2028,0.0,1,0.0122,0.00921,1e-05,6.3,1,877500,55,1,0.588
C-04489,0.0758,0.0,0.0,-0.07,0.4592,0,-0.0063,0.00618,-0.00302,8.8,0,6063000,74,0,0.032
C-04490,0.1122,0.0,0.0,-0.1122,0.6364,1,0.0019,0.011,0.0018,1.2,0,49000,26,0,0.051
C-04491,0.0648,0.0,0.0,-0.0648,0.32,1,0.0287,0.011,0.0018,4.2,1,193000,45,0,0.058
C-04492,0.4443,0.8589,0.3816,-0.4443,0.069,1,0.0523,0.01024,0.00104,11.1,0,359000,40,1,0.514
C-04493,0.1332,0.3763,0.0501,-0.1332,0.2151,1,0.0533,0.01029,0.00109,1.0,0,349000,47,0,0.019
C-04494,0.5022,0.8065,0.4051,-0.4628,0.8333,0,0.0419,0.01037,0.00117,3.5,1,334500,58,1,0.563
C-04495,0.06,0.0,0.0,0.0072,0.4667,0,-0.0083,0.011,0.0018,0.3,0,125000,29,0,0.031
C-04496,0.0417,0.0,0.0,-0.0417,0.6548,1,0.0289,0.0091,-0.0001,11.1,1,1008000,39,0,0.0
C-04497,0.1275,0.0,0.0,-0.0857,0.0,0,-0.0055,0.00995,0.00075,3.5,1,431500,28,0,0.036
C-04498,0.0528,0.0,0.0,0.1764,0.0,0,0.0136,0.011,0.0018,3.2,1,199000,53,0,0.044
C-04499,0.0584,0.0,0.0,-0.0584,0.0,1,0.0278,0.011,0.0018,3.3,0,222500,44,1,0.19
C-04500,0.0359,0.0,0.0,-0.0224,1.0,0,0.036,0.0099,0.0007,5.0,0,446000,58,0,0.033
C-04501,0.19,0.2982,0.0567,-0.126,0.0,0,0.008,0.011,0.0018,15.3,0,150000,53,0,0.0
C-04502,0.2151,0.0,0.0,-0.1721,0.9048,0,-0.0035,0.0101,0.0009,0.6,0,390500,72,0,0.021
C-04503,0.0566,0.0,0.0,0.0483,0.0,0,-0.0019,0.011,0.0018,8,0,194500,30,0,0.029
C-04504,0.1128,0.0,0.0,-0.105,0.0,0,0.0067,0.0074,-0.0018,20.0,1,2911500,53,0,0.0
C-04505,0.323,0.7086,0.2288,-0.3174,0.0428,0,0.0438,0.00958,0.00038,4.0,0,579000,70,0,0.025
C-04506,0.1754,0.0,0.0,-0.1553,0.0,0,-0.001,0.0086,-0.0006,0.3,1,1251500,56,0,0.054
C-04507,0.0984,0.0,0.0,0.0787,0.25,0,-0.0022,0.011,0.0018,21.2,0,61000,48,0,0.016
C-04508,0.2424,0.1748,0.0424,-0.2424,0.5175,1,0.0138,0.01062,0.00142,4.2,0,295000,74,0,0.031
C-04509,0.0896,0.0,0.0,-0.0896,0.122,1,0.0035,0.00987,0.00067,13.2,0,457500,66,0,0.069
C-04510,0.0426,0.0,0.0,0.0596,0.5,0,-0.0235,0.011,0.0018,10,1,47000,32,0,0.035
C-04511,0.1676,0.0,0.0,-0.0289,0.6897,0,-0.002,0.011,0.0018,12.8,0,86500,41,0,0.034
C-04512,0.1458,0.2143,0.0312,0.0792,0.2857,0,0.0039,0.011,0.0018,2.9,0,48000,32,0,0.063
C-04513,0.0534,0.0,0.0,0.0347,0.4792,0,0.0037,0.00989,0.00069,2.2,0,449500,29,0,0.004
C-04514,0.1548,0.0,0.0,-0.147,0.4336,0,-0.0186,0.00985,0.00065,21.3,0,462000,50,0,0.0
C-04515,0.0887,0.0,0.0,0.0016,0.4242,0,-0.0079,0.011,0.0018,12.7,0,186000,38,0,0.042
C-04516,0.1242,0.0,0.0,-0.0548,0.6311,0,0.0022,0.01001,0.00081,12.6,0,414500,59,0,0.021
C-04517,0.3106,0.6494,0.2017,-0.2928,0.2669,0,0.0254,0.01005,0.00085,3,1,404000,25,1,0.627
C-04518,0.0713,0.0,0.0,-0.0393,0.9346,0,0.0067,0.00933,0.00013,1.8,0,750000,75,0,0.026
C-04519,0.3679,0.7692,0.283,-0.3679,0.359,1,0.0186,0.011,0.0018,3.3,1,212000,74,0,0.03
C-04520,0.1767,0.6703,0.1184,-0.1208,0.967,0,-0.0018,0.01093,0.00173,4.2,1,257500,71,0,0.007
C-04521,0.065,0.0,0.0,-0.0043,0.5556,0,-0.0111,0.0094,0.0002,0.5,0,692500,46,0,0.047
C-04522,0.1008,0.0,0.0,-0.0891,0.2863,0,0.0031,0.00883,-0.00037,4.4,1,1126000,55,0,0.083
C-04523,0.0654,0.0,0.0,-0.0539,0.4688,0,-0.001,0.00829,-0.00091,1.3,0,1469000,68,1,0.435
C-04524,0.1354,0.2903,0.0393,-0.062,0.0645,0,0.0095,0.011,0.0018,0.7,0,114500,56,0,0.09
C-04525,0.287,0.5938,0.1704,-0.287,0.125,1,0.0396,0.011,0.0018,3.1,1,111500,57,1,0.619
C-04526,0.0761,0.0,0.0,-0.0152,0.0,0,-0.0052,0.01009,0.00089,1.2,0,394000,60,0,0.0
C-04527,0.3081,0.3231,0.0995,-0.3081,0.5385,1,0.0548,0.011,0.0018,2.1,0,105500,26,1,0.361
C-04528,0.2215,0.0,0.0,-0.2215,0.3712,1,-0.0137,0.0106,0.0014,1.2,1,298000,63,0,0.093
C-04529,0.1373,0.0,0.0,-0.1135,0.1184,0,-0.001,0.00963,0.00043,0.7,0,553500,44,1,0.171
C-04530,0.1026,0.0,0.0,-0.1026,0.3275,1,-0.0215,0.00785,-0.00135,3.8,0,1949500,52,0,0.024
C-04531,0.0538,0.0,0.0,0.0753,0.0,0,0.0526,0.011,0.0018,0.3,0,46500,69,0,0.08
C-04532,0.1291,0.5641,0.0728,-0.1159,0.1026,0,0.0321,0.011,0.0018,1.8,0,151000,67,0,0.061
C-04533,0.2258,0.0,0.0,0.0323,0.5714,0,-0.0041,0.011,0.0018,5,1,46500,27,0,0.074
C-04534,0.0424,0.0,0.0,-0.0424,1.0,1,-0.013,0.00993,0.00073,3.9,1,436000,68,0,0.07
C-04535,0.1832,0.0,0.0,-0.1432,0.5668,0,-0.0069,0.00972,0.00052,6.7,0,510500,54,0,0.028
C-04536,0.1544,0.5357,0.0827,-0.1412,0.0,0,0.0015,0.0108,0.0016,0.4,1,272000,75,0,0.016
C-04537,0.093,0.0,0.0,-0.0717,0.1765,0,0.0115,0.00935,0.00015,3.4,0,731000,39,0,0.02
C-04538,0.1119,0.0,0.0,-0.1098,0.5376,0,-0.0053,0.00676,-0.00244,4.0,0,4038500,53,0,0.056
C-04539,0.1579,0.0,0.0,-0.1287,0.1795,0,0.0159,0.00977,0.00057,9.8,1,494000,36,0,0.082
C-04540,0.1386,0.0,0.0,-0.1386,0.9462,1,-0.0106,0.01036,0.00116,9.3,0,335500,49,0,0.0
C-04541,0.0918,0.0,0.0,0.0551,0.3333,0,-0.0037,0.011,0.0018,2.0,0,98000,30,0,0.0
C-04542,0.1438,0.552,0.0794,-0.0417,0.712,0,0.0022,0.00994,0.00074,7.9,0,434500,40,0,0.073
C-04543,0.0663,0.0,0.0,-0.0663,0.7353,1,0.0319,0.01094,0.00174,2.7,0,256500,69,0,0.042
C-04544,0.2353,0.7506,0.1766,-0.2353,0.8941,1,0.0443,0.00919,-1e-05,6.0,1,903000,69,1,1.0
C-04545,0.1417,0.0,0.0,-0.0817,0.2941,0,0.0355,0.011,0.0018,9.8,0,60000,72,0,0.059
C-04546,0.304,0.4721,0.1435,-0.304,0.9777,1,0.0531,0.00991,0.00071,7.0,0,442500,75,1,0.173
C-04547,0.1116,0.0,0.0,-0.1073,0.0,0,0.0181,0.00594,-0.00326,16.5,0,7617500,43,0,0.0
C-04548,0.0982,0.0,0.0,-0.0267,0.4464,0,-0.0043,0.01069,0.00149,3.9,0,285000,73,0,0.0
C-04549,0.19,0.0,0.0,-0.19,0.55,1,0.0132,0.00958,0.00038,17.7,1,579000,51,0,0.03
C-04550,0.4174,0.5,0.2087,-0.4174,0.1354,1,0.0384,0.011,0.0018,3.6,0,230000,49,1,0.465
C-04551,0.0601,0.0,0.0,-0.0099,0.3913,0,-0.003,0.011,0.0018,14.8,0,191500,72,0,0.063
C-04552,0.0536,0.0,0.0,-0.0503,0.0,0,0.0373,0.00889,-0.00031,4.8,0,1100500,38,0,0.027
C-04553,0.1991,0.0,0.0,-0.1688,0.3846,0,-0.0138,0.00851,-0.00069,1.3,0,1306000,38,0,0.052
C-04554,0.1667,0.0,0.0,0.1333,0.2917,0,0.0254,0.011,0.0018,3.4,0,72000,53,0,0.03
C-04555,0.0618,0.0,0.0,-0.0563,1.0,0,-0.0188,0.00716,-0.00204,2.1,1,3293500,64,0,0.061
C-04556,0.2242,0.0,0.0,-0.1656,0.7772,0,0.0436,0.00995,0.00075,14.6,0,430500,74,0,0.054
C-04557,0.1325,0.0,0.0,0.0699,0.3636,0,-0.0096,0.011,0.0018,7.8,1,83000,39,0,0.028
C-04558,0.0398,0.0,0.0,-0.0356,0.8261,0,0.0397,0.00922,2e-05,1.0,1,867500,61,0,0.049
C-04559,0.0524,0.0,0.0,-0.0342,0.0,0,-0.0061,0.00936,0.00016,0.6,0,725000,70,0,0.028
C-04560,0.0369,0.0,0.0,-0.0037,0.8125,0,-0.0005,0.011,0.0018,14.7,0,217000,68,0,0.01
C-04561,0.1895,0.0,0.0,-0.1416,0.2105,0,0.0062,0.011,0.0018,4.1,0,200500,32,0,0.054
C-04562,0.0989,0.0,0.0,-0.0813,0.1605,0,-0.0002,0.01003,0.00083,1.3,0,409500,71,0,0.016
C-04563,0.0985,0.0,0.0,-0.049,0.3837,0,-0.013,0.00993,0.00073,1.2,0,436500,64,0,0.039
C-04564,0.2494,0.2383,0.0594,-0.2214,0.5026,0,0.0082,0.01011,0.00091,10,1,387000,32,0,0.0
C-04565,0.1091,0.0,0.0,-0.1091,0.6531,1,-0.0044,0.011,0.0018,5.6,1,224500,68,0,0.051
C-04566,0.2008,0.0,0.0,0.1004,0.2708,0,0.0388,0.011,0.0018,23.1,0,119500,47,1,0.389
C-04567,0.1639,0.0,0.0,-0.0262,0.4,0,0.0002,0.011,0.0018,1.5,1,61000,34,0,0.028
C-04568,0.1652,0.1789,0.0296,-0.0734,0.3684,0,0.0016,0.01067,0.00147,9.4,0,287500,64,0,0.033
C-04569,0.0555,0.0,0.0,-0.0469,0.0,0,0.0011,0.01074,0.00154,2.8,0,279500,75,0,0.02
C-04570,0.0503,0.0,0.0,-0.0201,0.125,0,-0.0049,0.011,0.0018,0.4,0,79500,65,0,0.048
C-04571,0.2496,0.4872,0.1216,-0.1907,0.5192,0,0.0298,0.0105,0.0013,0.3,1,312500,36,1,0.434
C-04572,0.055,0.0,0.0,-0.055,0.7331,1,-0.0076,0.00765,-0.00155,0.9,1,2281500,33,0,0.01
C-04573,0.2722,0.4767,0.1297,-0.2494,0.0756,0,0.0295,0.01048,0.00128,7.3,0,316000,74,0,0.005
C-04574,0.1914,0.0,0.0,-0.1914,0.5169,1,0.0096,0.011,0.0018,1.4,0,232500,35,0,0.037
C-04575,0.0909,0.0,0.0,-0.0834,0.3793,0,-0.0109,0.00885,-0.00035,0.3,0,1116500,54,0,0.108
C-04576,0.177,0.0,0.0,-0.0998,0.5974,0,-0.0091,0.011,0.0018,2.9,0,217500,64,1,0.257
C-04577,0.1209,0.0,0.0,0.0637,0.7273,0,0.004,0.011,0.0018,3,0,91000,25,0,0.005
C-04578,0.1315,0.0,0.0,-0.118,0.4011,0,0.0061,0.00938,0.00018,5.7,0,711000,56,0,0.0
C-04579,0.0571,0.0,0.0,-0.0571,0.5802,1,0.0284,0.00835,-0.00085,21.4,0,1419500,55,0,0.05
C-04580,0.1532,0.2105,0.0323,-0.0952,0.7368,0,-0.0145,0.011,0.0018,5.4,0,62000,59,0,0.044
C-04581,0.3542,0.7059,0.25,-0.2229,0.1765,0,0.0444,0.011,0.0018,8,0,48000,30,1,0.696
C-04582,0.1736,0.1837,0.0319,-0.168,0.472,0,0.0001,0.00761,-0.00159,7.1,1,2368000,64,0,0.02
C-04583,0.1132,0.0,0.0,0.0385,0.8831,0,-0.0066,0.00942,0.00022,0.6,1,680500,40,0,0.032
C-04584,0.1108,0.5036,0.0558,0.0078,0.705,0,0.0023,0.0095,0.0003,15.5,0,627000,39,0,0.013
C-04585,0.1308,0.1429,0.0187,0.5869,0.6429,0,-0.0117,0.011,0.0018,3,0,53500,25,0,0.019
C-04586,0.0441,0.0,0.0,-0.0441,0.8333,1,-0.0032,0.011,0.0018,5.8,0,136000,67,0,0.065
C-04587,0.074,0.0,0.0,0.0341,0.9565,0,-0.0019,0.011,0.0018,1.6,0,155500,60,0,0.0
C-04588,0.0598,0.0,0.0,0.0054,0.3636,0,-0.0154,0.011,0.0018,19.6,0,92000,60,0,0.055
C-04589,0.1607,0.1677,0.027,-0.1396,0.229,0,0.0024,0.00915,-5e-05,6.4,1,964500,39,0,0.021
C-04590,0.1349,0.0,0.0,-0.107,0.1897,0,-0.0059,0.011,0.0018,3.9,0,215000,35,0,0.011
C-04591,0.097,0.0,0.0,-0.097,0.1375,1,-0.005,0.00926,6e-05,1.2,0,825000,37,0,0.037
C-04592,0.0474,0.0,0.0,-0.0213,0.6514,0,0.0252,0.00764,-0.00156,6.0,1,2301500,55,0,0.06
C-04593,0.1034,0.0,0.0,-0.091,0.45,0,0.0007,0.011,0.0018,4.8,0,193500,69,0,0.041
C-04594,0.083,0.0,0.0,-0.0642,0.0,0,-0.0138,0.00787,-0.00133,3.0,1,1922500,65,0,0.073
C-04595,0.1516,0.0,0.0,-0.129,0.2919,0,-0.0173,0.00968,0.00048,0.8,0,531000,65,0,0.019
C-04596,0.1237,0.0,0.0,-0.0763,0.6522,0,-0.0101,0.01074,0.00154,2.6,0,279000,42,0,0.0
C-04597,0.1467,0.0,0.0,-0.0699,0.6545,0,-0.0093,0.011,0.0018,1.0,0,187500,39,0,0.007
C-04598,0.1875,0.0,0.0,0.0833,0.5,0,0.0538,0.011,0.0018,3.6,0,48000,30,1,0.131
C-04599,0.124,0.0,0.0,-0.0446,0.2667,0,-0.0015,0.011,0.0018,1.9,1,60500,70,0,0.001
C-04600,0.2677,0.4598,0.1231,-0.2012,0.6092,0,0.0387,0.011,0.0018,11.0,0,162500,70,0,0.101
C-04601,0.1931,0.5607,0.1083,-0.1917,0.6262,0,0.0467,0.00925,5e-05,4.2,1,831000,69,0,0.048
C-04602,0.0795,0.0,0.0,-0.0343,0.0,0,0.01,0.011,0.0018,6.7,1,239000,67,0,0.028
C-04603,0.0733,0.0,0.0,0.0138,0.4845,0,-0.0012,0.00944,0.00024,16.5,0,661500,60,0,0.048
C-04604,0.0632,0.0,0.0,-0.0315,0.5116,0,-0.0203,0.00942,0.00022,2.1,0,680000,48,0,0.043
C-04605,0.0741,0.0,0.0,-0.0741,0.5455,1,0.055,0.011,0.0018,1.0,0,148500,39,1,0.155
C-04606,0.0472,0.0,0.0,0.2472,0.2,0,0.0183,0.011,0.0018,2.8,0,53000,28,0,0.03
C-04607,0.096,0.0,0.0,-0.0598,0.0,0,0.0115,0.00985,0.00065,6.0,1,463500,56,0,0.072
C-04608,0.2221,0.5645,0.1254,-0.2221,0.1351,1,0.0476,0.00738,-0.00182,1.4,0,2966500,45,1,0.858
C-04609,0.2396,0.1739,0.0417,0.1354,0.3913,0,0.0308,0.011,0.0018,2.7,0,48000,27,0,0.028
C-04610,0.161,0.0,0.0,0.0424,0.0,0,-0.0047,0.011,0.0018,1.0,0,59000,25,0,0.086
C-04611,0.1264,0.0,0.0,-0.1176,0.1208,0,-0.0051,0.00926,6e-05,5.0,0,819000,62,0,0.059
C-04612,0.2262,0.6316,0.1429,-0.0452,0.8246,0,0.0499,0.011,0.0018,27,0,126000,49,1,0.227
C-04613,0.1557,0.0,0.0,-0.0834,0.0,0,0.0004,0.00928,8e-05,16.3,0,796500,57,0,0.024
C-04614,0.0947,0.0,0.0,-0.0657,0.5727,0,0.0156,0.00958,0.00038,12.2,0,581000,40,0,0.024
C-04615,0.1008,0.0,0.0,-0.1008,0.0591,1,0.0178,0.00858,-0.00062,0.3,0,1260500,70,0,0.049
C-04616,0.1274,0.0,0.0,-0.1157,0.2994,0,0.0093,0.00951,0.00031,0.3,0,616000,72,0,0.038
C-04617,0.1497,0.0,0.0,-0.1497,0.4,1,0.0284,0.00919,-1e-05,3.4,0,902000,50,0,0.026
C-04618,0.1227,0.0,0.0,-0.1227,0.6623,1,0.0287,0.0095,0.0003,7.7,0,627500,41,1,0.722
C-04619,0.0672,0.0,0.0,-0.0637,0.3478,0,-0.0085,0.00941,0.00021,0.9,0,684500,50,0,0.041
C-04620,0.1896,0.339,0.0643,-0.1838,0.5127,0,0.0517,0.0095,0.0003,14.4,0,622500,39,0,0.045
C-04621,0.1961,0.1538,0.0302,-0.1411,0.4843,0,-0.0069,0.0092,0.0,1.1,0,895000,31,0,0.029
C-04622,0.0556,0.0,0.0,-0.0451,0.2237,0,-0.0054,0.00941,0.00021,4.4,0,683500,65,0,0.0
C-04623,0.0379,0.0,0.0,-0.0296,0.0,0,0.0544,0.0079,-0.0013,0.7,0,1874000,70,0,0.094
C-04624,0.0531,0.0,0.0,-0.0455,0.1782,0,0.0478,0.00788,-0.00132,3.5,0,1903500,52,0,0.067
C-04625,0.0946,0.3333,0.0315,-0.0946,0.3333,1,0.0453,0.011,0.0018,10,1,111000,32,0,0.02
C-04626,0.1354,0.0,0.0,0.2146,0.5385,0,-0.0061,0.011,0.0018,0.5,1,48000,25,0,0.056
C-04627,0.0957,0.0,0.0,-0.0165,0.2069,0,-0.0002,0.011,0.0018,0.9,0,151500,44,0,0.005
C-04628,0.1301,0.0,0.0,0.0123,0.6491,0,-0.0002,0.011,0.0018,9.9,0,219000,64,0,0.033
C-04629,0.1006,0.0,0.0,-0.0929,0.0645,0,0.0027,0.00918,-2e-05,0.7,0,924000,54,0,0.067
C-04630,0.4642,0.6277,0.2914,-0.4642,0.6968,1,0.0495,0.011,0.0018,0.5,1,202500,46,1,0.304
C-04631,0.0737,0.0,0.0,-0.0183,0.5373,0,-0.0068,0.00988,0.00068,2.5,0,454500,36,0,0.0
C-04632,0.2025,0.375,0.0759,-0.1418,0.0,0,-0.0039,0.011,0.0018,4.4,1,79000,37,1,0.302
C-04633,0.0879,0.0,0.0,-0.0879,0.875,1,-0.0181,0.011,0.0018,15.7,1,45500,67,0,0.048
C-04634,0.0847,0.0,0.0,-0.0395,0.0,0,-0.0014,0.011,0.0018,15,0,212500,37,0,0.008
C-04635,0.2667,0.3958,0.1056,-0.2667,0.8333,1,0.0151,0.011,0.0018,0.3,0,90000,68,0,0.035
C-04636,0.0593,0.0,0.0,-0.0593,0.3611,1,0.0069,0.01056,0.00136,3.2,0,303500,68,0,0.018
C-04637,0.113,0.0,0.0,-0.113,0.0455,1,0.0108,0.01064,0.00144,5.7,0,292000,69,0,0.046
C-04638,0.3525,0.3488,0.123,-0.3361,0.5465,0,0.0348,0.011,0.0018,2.3,0,122000,56,0,0.008
C-04639,0.103,0.0,0.0,0.0712,0.2955,0,-0.0022,0.011,0.0018,2.8,0,213500,60,0,0.0
C-04640,0.0597,0.0,0.0,-0.0321,0.0,0,-0.0171,0.00946,0.00026,6.6,0,653500,48,0,0.047
C-04641,0.0915,0.0,0.0,-0.0646,0.0,0,-0.0043,0.00885,-0.00035,6,0,1115000,28,0,0.098
C-04642,0.1304,0.0,0.0,0.1565,0.5833,0,0.0054,0.011,0.0018,2.5,0,46000,50,0,0.019
C-04643,0.1549,0.0,0.0,-0.1424,0.2829,0,0.0018,0.00878,-0.00042,0.3,0,1152000,56,0,0.071
C-04644,0.0894,0.0,0.0,-0.0793,0.0,0,0.0153,0.01025,0.00105,7.6,0,358000,71,0,0.091
C-04645,0.2057,0.5,0.1029,-0.144,0.0972,0,0.008,0.011,0.0018,4,1,175000,26,1,0.202
C-04646,0.1178,0.0,0.0,-0.0866,0.5847,0,-0.0129,0.00975,0.00055,2.6,1,501000,27,0,0.039
C-04647,0.0763,0.0,0.0,-0.0092,0.1333,0,-0.0126,0.011,0.0018,4.6,0,196500,42,0,0.028
C-04648,0.2321,0.0,0.0,-0.2321,0.0865,1,0.0373,0.011,0.0018,2.7,1,224000,75,0,0.031
C-04649,0.0337,0.0,0.0,-0.0265,0.0,0,-0.0135,0.00825,-0.00095,14.8,1,1497500,54,0,0.032
C-04650,0.197,0.2417,0.0476,-0.1773,0.1917,0,-0.0039,0.01055,0.00135,0.5,0,304500,53,0,0.082
C-04651,0.1354,0.2923,0.0396,-0.0954,0.6154,0,0.0042,0.011,0.0018,17.0,0,240000,51,0,0.064
C-04652,0.0404,0.0,0.0,0.1713,0.3636,0,0.0054,0.0108,0.0016,6.1,0,272000,31,0,0.055
C-04653,0.1157,0.2143,0.0248,0.0331,0.2143,0,-0.0062,0.011,0.0018,1.7,1,121000,68,0,0.011
C-04654,0.0581,0.0,0.0,-0.0247,1.0,0,0.006,0.011,0.0018,3.4,1,215000,74,0,0.013
C-04655,0.1717,0.0,0.0,-0.1717,0.2516,1,-0.0008,0.00985,0.00065,12.4,0,463000,68,0,0.068
C-04656,0.0818,0.0,0.0,0.0055,0.6667,0,-0.008,0.011,0.0018,7,1,55000,29,0,0.063
C-04657,0.0935,0.0,0.0,-0.046,1.0,0,0.0101,0.00949,0.00029,2.4,0,631000,49,0,0.031
C-04658,0.0726,0.0,0.0,-0.0726,0.5556,1,0.0003,0.011,0.0018,3.3,1,186000,34,0,0.008
C-04659,0.1318,0.0,0.0,-0.063,0.3478,0,-0.0097,0.011,0.0018,5.9,0,174500,30,0,0.082
C-04660,0.1585,0.0,0.0,-0.1529,0.4421,0,-0.0116,0.00897,-0.00023,1.4,0,1063000,50,0,0.006
C-04661,0.0788,0.0,0.0,-0.0488,1.0,0,0.0055,0.01006,0.00086,2.9,0,399500,62,0,0.071
C-04662,0.0335,0.0,0.0,0.1609,1.0,0,-0.0135,0.011,0.0018,1.2,0,179000,55,0,0.058
C-04663,0.0702,0.0,0.0,0.0159,0.7333,0,-0.0087,0.01045,0.00125,4.1,1,320500,63,0,0.063
C-04664,0.0741,0.0,0.0,-0.0574,0.6875,0,-0.0014,0.011,0.0018,9.8,0,216000,48,0,0.048
C-04665,0.0502,0.0,0.0,0.0078,1.0,0,0.0313,0.01082,0.00162,0.3,0,269000,28,0,0.055
C-04666,0.1706,0.0,0.0,-0.0977,0.2329,0,-0.0117,0.00923,3e-05,1.4,1,856000,49,0,0.025
C-04667,0.245,0.6216,0.1523,-0.0702,0.8919,0,0.0449,0.011,0.0018,1.4,0,75500,46,0,0.041
C-04668,0.0408,0.0,0.0,-0.0408,0.0,1,0.0092,0.011,0.0018,9.6,0,147000,70,0,0.025
C-04669,0.0619,0.0,0.0,-0.022,0.0,0,-0.0015,0.00966,0.00046,9.1,0,541000,34,0,0.053
C-04670,0.0402,0.0,0.0,-0.0402,0.5625,1,0.0514,0.011,0.0018,1.1,0,199000,44,1,0.45
C-04671,0.1209,0.7119,0.0861,-0.0926,0.0,0,-0.0026,0.00914,-6e-05,13.2,1,976000,56,0,0.059
C-04672,0.1477,0.0,0.0,-0.1298,0.0,0,-0.0091,0.00868,-0.00052,3.6,0,1205000,44,0,0.092
C-04673,0.1912,0.4889,0.0935,-0.1585,0.2844,0,0.0147,0.00956,0.00036,2.1,0,588500,38,1,0.355
C-04674,0.1518,0.0,0.0,-0.1433,0.4297,0,-0.0109,0.00998,0.00078,12.1,1,421500,65,0,0.014
C-04675,0.1508,0.0,0.0,-0.133,0.4074,0,0.0428,0.011,0.0018,4.4,0,89500,49,0,0.051
C-04676,0.1418,0.0,0.0,-0.0522,0.7895,0,0.0038,0.011,0.0018,5,1,201000,27,1,0.257
C-04677,0.0985,0.0,0.0,-0.0712,0.8942,0,-0.0006,0.00968,0.00048,1.7,1,528000,29,0,0.051
C-04678,0.0914,0.0,0.0,-0.0914,0.1935,1,0.001,0.011,0.0018,30,1,169500,54,0,0.0
C-04679,0.0786,0.0,0.0,-0.0786,0.56,1,-0.0053,0.011,0.0018,1.7,1,159000,50,0,0.067
C-04680,0.036,0.0,0.0,-0.036,0.0,1,-0.0122,0.011,0.0018,9.3,0,55500,37,0,0.059
C-04681,0.1203,0.0,0.0,-0.0963,0.5859,0,-0.0114,0.0081,-0.0011,12.8,0,1645500,62,0,0.059
C-04682,0.1774,0.0,0.0,-0.029,0.5909,0,-0.0035,0.011,0.0018,6.1,0,186000,30,0,0.034
C-04683,0.2592,0.2374,0.0615,-0.2478,0.516,0,-0.0049,0.00998,0.00078,11.8,0,422500,71,0,0.046
C-04684,0.0551,0.0,0.0,-0.0551,0.1515,1,-0.0126,0.01059,0.00139,3.8,1,299500,54,0,0.018
C-04685,0.0797,0.0,0.0,0.0126,0.2069,0,-0.0096,0.011,0.0018,30,1,182000,65,1,0.252
C-04686,0.1594,0.4406,0.0702,-0.1594,0.7413,1,0.0007,0.00989,0.00069,7.4,0,448500,48,0,0.059
C-04687,0.0426,0.0,0.0,0.1362,1.0,0,0.0073,0.011,0.0018,15,0,94000,37,0,0.042
C-04688,0.096,0.0,0.0,-0.0894,0.2109,0,-0.0184,0.00811,-0.00109,13.6,0,1629500,61,0,0.013
C-04689,0.0666,0.0,0.0,-0.0486,0.0,0,-0.0109,0.00857,-0.00063,5.6,0,1269000,55,0,0.054
C-04690,0.0906,0.0,0.0,0.0014,0.6154,0,0.0106,0.011,0.0018,4,0,143500,26,0,0.071
C-04691,0.1706,0.0,0.0,-0.1706,0.2222,1,-0.0032,0.011,0.0018,6.0,1,211000,65,0,0.035
C-04692,0.0526,0.0,0.0,0.2505,0.4,0,0.0076,0.011,0.0018,3.1,0,47500,36,0,0.0
C-04693,0.0863,0.0,0.0,-0.07,0.4045,0,-0.0034,0.00971,0.00051,2.1,1,515500,52,0,0.057
C-04694,0.4207,0.7582,0.319,-0.4083,1.0,0,0.0391,0.00925,5e-05,8.6,1,835500,73,1,0.683
C-04695,0.0915,0.0,0.0,-0.066,0.0,0,0.0297,0.011,0.0018,5.1,0,235000,68,0,0.014
C-04696,0.054,0.0,0.0,-0.054,0.7642,1,0.0329,0.00914,-6e-05,21,0,982000,43,0,0.057
C-04697,0.1542,0.0,0.0,-0.133,0.0,0,-0.0088,0.011,0.0018,5.0,0,113500,37,0,0.0
C-04698,0.0542,0.0,0.0,-0.0187,0.7273,0,0.0067,0.011,0.0018,1.0,0,101500,72,0,0.051
C-04699,0.0926,0.3077,0.0285,-0.0834,0.4201,0,0.0079,0.00918,-2e-05,4.3,0,913000,40,0,0.066
C-04700,0.0818,0.0,0.0,-0.0599,0.1786,0,0.0382,0.00842,-0.00078,10.2,0,1369500,56,0,0.047
C-04701,0.0685,0.0,0.0,-0.0584,0.3665,0,0.0109,0.00721,-0.00199,1.0,0,3227500,64,0,0.073
C-04702,0.0961,0.0,0.0,-0.0328,0.0,0,0.0321,0.00956,0.00036,3.7,0,588000,42,0,0.051
C-04703,0.103,0.0,0.0,-0.0789,0.3961,0,-0.0024,0.00934,0.00014,0.9,0,747500,39,0,0.099
C-04704,0.0922,0.0,0.0,-0.0922,0.4321,1,-0.0009,0.00849,-0.00071,4.3,0,1318000,36,0,0.026
C-04705,0.1214,0.0,0.0,-0.1214,0.3644,1,0.0359,0.00979,0.00059,17.7,1,486000,67,0,0.056
C-04706,0.101,0.0,0.0,-0.0959,0.2228,0,-0.0074,0.00787,-0.00133,4.2,1,1911500,62,0,0.015
C-04707,0.0549,0.0,0.0,0.2352,0.0,0,-0.0108,0.011,0.0018,3,0,45500,25,0,0.0
C-04708,0.1756,0.0,0.0,-0.1115,0.6087,0,-0.0038,0.01089,0.00169,8.0,1,262000,44,0,0.056
C-04709,0.0643,0.0,0.0,0.0386,0.6667,0,-0.0169,0.011,0.0018,2.0,0,70000,54,0,0.036
C-04710,0.0131,0.0,0.0,-0.0131,0.3571,1,0.023,0.00967,0.00047,3.8,0,535000,57,0,0.039
C-04711,0.1151,0.0,0.0,-0.1151,0.7419,1,0.0472,0.00966,0.00046,5.7,1,538500,53,0,0.055
C-04712,0.1233,0.0,0.0,-0.1186,0.5092,0,-0.0001,0.00573,-0.00347,3.7,0,9713500,64,0,0.064
C-04713,0.1068,0.0,0.0,-0.0466,0.7424,0,-0.0062,0.00951,0.00031,1.5,1,618000,55,0,0.097
C-04714,0.0696,0.0,0.0,-0.025,0.0,0,-0.0073,0.01043,0.00123,9.3,1,323500,47,0,0.073
C-04715,0.09,0.0,0.0,0.054,0.1111,0,-0.0041,0.011,0.0018,1.2,0,50000,41,0,0.062
C-04716,0.568,0.5877,0.3338,-0.568,0.2488,1,0.0527,0.01018,0.00098,1.5,1,371500,68,1,0.651
C-04717,0.0627,0.0,0.0,-0.0627,0.5789,1,0.0055,0.011,0.0018,4.7,1,151500,67,0,0.017
C-04718,0.1357,0.1852,0.0251,0.009,0.2222,0,-0.0185,0.011,0.0018,2.4,0,99500,27,0,0.042
C-04719,0.1395,0.0,0.0,-0.0943,0.6984,0,-0.001,0.00919,-1e-05,28.5,0,903500,54,0,0.048
C-04720,0.1764,0.0,0.0,-0.1696,0.4866,0,0.0145,0.00968,0.00048,2.2,0,530000,65,0,0.018
C-04721,0.0715,0.0,0.0,-0.0642,0.4118,0,0.0061,0.00851,-0.00069,1.3,0,1307000,74,0,0.0
C-04722,0.1958,0.0,0.0,-0.0463,0.4091,0,-0.0071,0.011,0.0018,6.5,0,168500,41,0,0.053
C-04723,0.0997,0.0,0.0,-0.0066,0.25,0,-0.0007,0.011,0.0018,3.8,1,180500,51,0,0.051
C-04724,0.1612,0.0,0.0,-0.0322,0.2029,0,0.0029,0.011,0.0018,11,0,214000,33,0,0.035
C-04725,0.1381,0.0,0.0,-0.1381,0.1335,1,0.0517,0.00622,-0.00298,4.6,0,5857500,61,0,0.104
C-04726,0.1578,0.0,0.0,-0.1578,0.0,1,0.0168,0.011,0.0018,1.5,1,206000,72,0,0.062
C-04727,0.2411,0.0882,0.0213,-0.2411,1.0,1,0.0022,0.011,0.0018,9.4,0,70500,70,0,0.03
C-04728,0.1789,0.1176,0.0211,-0.1789,0.2941,1,0.0048,0.011,0.0018,5,0,47500,27,0,0.092
C-04729,0.1138,0.0,0.0,-0.06,0.7273,0,-0.0026,0.01066,0.00146,6.6,0,290000,69,0,0.0
C-04730,0.4234,0.6383,0.2703,-0.2721,0.4255,0,0.0464,0.011,0.0018,2.6,0,55500,47,0,0.096
C-04731,0.1888,0.0,0.0,-0.1499,0.4062,0,0.0087,0.01034,0.00114,2.5,1,339000,60,0,0.086
C-04732,0.0759,0.0,0.0,-0.0682,0.0,0,0.0087,0.00951,0.00031,1.0,0,619000,50,0,0.037
C-04733,0.2062,0.35,0.0722,-0.1072,0.5,0,-0.0055,0.011,0.0018,4,0,48500,26,0,0.045
C-04734,0.0763,0.3243,0.0247,-0.0367,0.3243,0,-0.0067,0.00979,0.00059,7.9,0,485000,47,0,0.059
C-04735,0.0918,0.0,0.0,-0.0184,0.1111,0,-0.0122,0.011,0.0018,10.4,1,49000,72,0,0.053
C-04736,0.0902,0.2941,0.0265,-0.0822,0.1912,0,0.0426,0.01016,0.00096,7.9,0,377000,54,0,0.057
C-04737,0.1008,0.0,0.0,-0.1008,0.7213,1,0.0403,0.01057,0.00137,0.9,0,302500,40,0,0.036
C-04738,0.0833,0.0,0.0,0.2417,0.625,0,-0.0053,0.011,0.0018,14.8,1,48000,42,0,0.04
C-04739,0.1268,0.0,0.0,0.0254,0.5,0,-0.0186,0.011,0.0018,1.4,1,71000,38,0,0.065
C-04740,0.2679,0.75,0.201,-0.0612,0.0,0,0.0394,0.011,0.0018,5.5,0,104500,61,1,0.448
C-04741,0.239,0.4249,0.1015,-0.239,0.1329,1,0.0015,0.00936,0.00016,0.8,1,724000,59,0,0.008
C-04742,0.1654,0.0,0.0,-0.128,0.2471,0,0.0094,0.01093,0.00173,3.2,0,257000,73,0,0.01
C-04743,0.0312,0.0,0.0,-0.0137,0.0,0,0.0077,0.00754,-0.00166,4.3,0,2528000,61,0,0.039
C-04744,0.186,0.185,0.0344,-0.186,0.4215,1,0.0055,0.00879,-0.00041,4,1,1148000,26,0,0.067
C-04745,0.1136,0.3568,0.0405,-0.1136,0.0705,1,0.0344,0.00913,-7e-05,1.0,0,999000,62,1,0.718
C-04746,0.0467,0.0,0.0,-0.0467,0.1216,1,0.0416,0.00929,9e-05,2.1,0,793000,53,0,0.019
C-04747,0.0751,0.0,0.0,-0.0421,0.0,0,0.0161,0.00982,0.00062,0.8,0,472500,61,0,0.034
C-04748,0.2378,0.2273,0.0541,-0.1859,0.1477,0,0.0539,0.011,0.0018,4.8,0,185000,75,1,0.492
C-04749,0.1854,0.0,0.0,-0.1854,0.6781,1,0.0031,0.00929,9e-05,1.4,0,787500,73,0,0.034
C-04750,0.0842,0.0,0.0,0.0674,0.5,0,-0.0054,0.011,0.0018,2.2,0,47500,29,0,0.101
C-04751,0.1698,0.2889,0.0491,-0.1698,1.0,1,0.0245,0.011,0.0018,3.8,1,132500,50,1,0.395
C-04752,0.1544,0.0,0.0,-0.1544,0.5234,1,0.0007,0.0103,0.0011,9.4,0,346500,36,0,0.002
C-04753,0.1788,0.0,0.0,-0.1633,0.657,0,0.0004,0.00931,0.00011,0.6,1,774500,43,0,0.022
C-04754,0.0648,0.0,0.0,-0.0648,0.0,1,0.0029,0.01088,0.00168,9.7,0,262500,54,0,0.03
C-04755,0.1526,0.0,0.0,-0.1449,0.7594,0,0.0052,0.00839,-0.00081,6.7,0,1389000,65,0,0.095
C-04756,0.1342,0.0,0.0,-0.0784,0.8163,0,-0.0119,0.01021,0.00101,5.1,1,365000,44,0,0.057
C-04757,0.2037,0.4545,0.0926,-0.2037,0.0,1,0.0306,0.011,0.0018,0.3,1,54000,26,0,0.013
C-04758,0.0769,0.0,0.0,-0.0769,0.64,1,0.0274,0.011,0.0018,4.7,1,162500,27,0,0.067
C-04759,0.1225,0.0,0.0,0.0539,0.0,0,0.0274,0.011,0.0018,2.2,1,204000,48,0,0.0
C-04760,0.0945,0.0,0.0,-0.083,0.2764,0,-0.0026,0.0083,-0.0009,5.0,0,1455000,69,0,0.012
C-04761,0.0672,0.0,0.0,-0.057,0.377,0,0.0315,0.00742,-0.00178,6.5,1,2844000,72,0,0.074
C-04762,0.2244,0.4044,0.0908,-0.2125,0.7794,0,-0.0013,0.01056,0.00136,5.2,1,303000,72,0,0.024
C-04763,0.0476,0.0,0.0,0.0246,0.2105,0,0.0121,0.011,0.0018,1.2,0,199500,50,0,0.008
C-04764,0.1169,0.0,0.0,-0.0981,0.2105,0,-0.003,0.0092,0.0,1.8,0,894000,57,0,0.028
C-04765,0.1048,0.0,0.0,-0.1048,0.4615,1,0.04,0.011,0.0018,3.3,0,62000,46,0,0.061
C-04766,0.1312,0.0,0.0,-0.1312,0.2662,1,0.0088,0.00781,-0.00139,1.6,1,2004500,51,0,0.03
C-04767,0.153,0.0,0.0,-0.153,0.1724,1,0.0351,0.011,0.0018,1.9,0,189500,48,0,0.067
C-04768,0.0728,0.0,0.0,-0.0521,0.0,0,0.0183,0.00748,-0.00172,0.3,0,2666000,59,0,0.034
C-04769,0.3494,0.8618,0.3011,-0.3494,0.125,1,0.0508,0.011,0.0018,7.4,1,217500,59,1,0.713
C-04770,0.3178,0.4118,0.1308,-0.2505,0.598,0,-0.0034,0.011,0.0018,1.4,1,160500,59,1,0.215
C-04771,0.25,0.6957,0.1739,-0.25,0.2174,1,0.0462,0.011,0.0018,1.1,0,46000,70,1,0.552
C-04772,0.1151,0.6332,0.0729,-0.097,0.3668,0,0.0085,0.00802,-0.00118,7.2,1,1729500,45,0,0.078
C-04773,0.0577,0.0,0.0,-0.0356,0.0,0,-0.0111,0.01014,0.00094,2.8,0,381500,67,0,0.012
C-04774,0.097,0.0,0.0,-0.097,0.2308,1,0.0344,0.011,0.0018,1.9,0,134000,37,0,0.038
C-04775,0.1481,0.0,0.0,-0.0772,0.152,0,0.0094,0.00913,-7e-05,9.3,0,999500,52,0,0.05
C-04776,0.1085,0.0,0.0,0.0589,0.2857,0,0.0051,0.011,0.0018,2.0,0,64500,67,0,0.043
C-04777,0.0557,0.0,0.0,-0.0426,0.3252,0,0.0014,0.00829,-0.00091,5.3,1,1462500,64,0,0.066
C-04778,0.1393,0.0,0.0,-0.0707,0.4359,0,-0.0062,0.011,0.0018,0.3,0,140000,33,0,0.06
C-04779,0.2043,0.375,0.0766,-0.2043,0.625,1,0.0184,0.011,0.0018,2.3,0,117500,26,0,0.014
C-04780,0.1662,0.0,0.0,-0.1662,0.5077,1,0.0006,0.011,0.0018,6.1,0,195500,69,0,0.051
C-04781,0.2127,0.6452,0.1372,-0.2007,0.9355,0,0.0406,0.01064,0.00144,2.5,0,291500,66,1,0.711
C-04782,0.322,0.7086,0.2281,-0.3117,0.5099,0,0.0418,0.011,0.0018,8.0,0,234500,32,1,0.633
C-04783,0.1529,0.1667,0.0255,0.0306,0.1667,0,0.0083,0.011,0.0018,26,0,157000,48,0,0.081
C-04784,0.0562,0.0,0.0,-0.0562,0.4231,1,0.0531,0.011,0.0018,7,0,231500,29,0,0.039
C-04785,0.0977,0.5333,0.0521,-0.0977,0.5333,1,0.0121,0.01013,0.00093,4.5,1,384000,67,1,0.71
C-04786,0.1316,0.0,0.0,-0.1229,0.0,0,0.0033,0.00707,-0.00213,16.6,0,3439000,48,0,0.042
C-04787,0.0247,0.0,0.0,-0.0247,0.75,1,-0.0094,0.011,0.0018,0.3,0,81000,61,0,0.062
C-04788,0.0951,0.0,0.0,-0.0007,0.5517,0,-0.0127,0.011,0.0018,4.3,1,152500,36,0,0.068
C-04789,0.1042,0.0,0.0,0.1958,0.3,0,0.0209,0.011,0.0018,8,0,48000,30,0,0.028
C-04790,0.0619,0.0,0.0,-0.0619,0.2857,1,-0.0045,0.01071,0.00151,0.6,0,282500,67,0,0.0
C-04791,0.046,0.0,0.0,-0.0153,1.0,0,0.032,0.011,0.0018,14.1,0,163000,39,0,0.038
C-04792,0.0891,0.0,0.0,-0.0891,0.0,1,0.0483,0.00751,-0.00169,3.1,1,2602500,71,0,0.05
C-04793,0.1017,0.0,0.0,-0.0449,0.2326,0,0.0072,0.011,0.0018,6.5,0,211500,49,0,0.029
C-04794,0.2757,0.4681,0.129,-0.2334,0.7766,0,-0.0011,0.011,0.0018,12.1,1,170500,72,1,0.482
C-04795,0.2104,0.0,0.0,-0.1927,0.3642,0,0.0109,0.00788,-0.00132,4.8,0,1898500,46,0,0.035
C-04796,0.1636,0.0,0.0,-0.162,0.3883,0,0.0455,0.00694,-0.00226,1.4,0,3666500,73,0,0.093
C-04797,0.0669,0.0,0.0,-0.0471,1.0,0,0.0105,0.00703,-0.00217,1.9,0,3504500,49,0,0.043
C-04798,0.0766,0.0,0.0,-0.0526,0.913,0,-0.0108,0.00989,0.00069,3.2,1,450500,56,0,0.035
C-04799,0.0368,0.0,0.0,-0.0074,0.2222,0,0.0342,0.011,0.0018,2.4,1,244500,29,1,0.405
C-04800,0.0933,0.0,0.0,0.1057,0.2222,0,-0.0084,0.011,0.0018,4.5,0,96500,68,0,0.118
C-04801,0.2188,0.0,0.0,-0.1354,0.0,0,0.0386,0.011,0.0018,5.3,0,48000,28,0,0.046
C-04802,0.2192,0.1333,0.0292,-0.2192,0.8286,1,0.0057,0.011,0.0018,5.8,0,239500,65,0,0.048
C-04803,0.0915,0.0,0.0,-0.0643,0.438,0,0.0303,0.00934,0.00014,5.5,0,748500,68,0,0.0
C-04804,0.1711,0.159,0.0272,-0.1416,0.6256,0,0.0001,0.0096,0.0004,3.2,0,570000,49,0,0.038
C-04805,0.0476,0.0,0.0,-0.0164,0.1364,0,-0.0145,0.00985,0.00065,1.3,0,462500,68,0,0.005
C-04806,0.1217,0.6341,0.0772,-0.1217,0.6341,1,0.0073,0.011,0.0018,2.5,0,168500,41,1,0.519
C-04807,0.0778,0.2745,0.0213,-0.0625,0.0,0,-0.0111,0.00783,-0.00137,2.8,0,1967500,43,0,0.075
C-04808,0.0894,0.0,0.0,-0.0069,0.4103,0,-0.0053,0.011,0.0018,0.9,1,218000,39,0,0.036
C-04809,0.1099,0.4426,0.0486,-0.103,1.0,0,-0.018,0.00704,-0.00216,3.7,0,3486000,57,0,0.023
C-04810,0.2139,0.4188,0.0896,-0.2043,0.3187,0,-0.0037,0.01017,0.00097,4.7,1,374000,66,0,0.028
C-04811,0.1772,0.0,0.0,-0.0759,0.4286,0,-0.0068,0.011,0.0018,1.4,0,118500,36,0,0.101
C-04812,0.1538,0.0,0.0,-0.1106,0.0,0,0.0017,0.01055,0.00135,0.3,1,305500,75,1,0.134
C-04813,0.0785,0.0,0.0,-0.0254,0.2051,0,0.0149,0.011,0.0018,7.2,0,248500,57,0,0.031
C-04814,0.1674,0.0,0.0,-0.1674,0.825,1,0.0463,0.011,0.0018,0.3,0,119500,46,0,0.068
C-04815,0.108,0.0,0.0,-0.0488,0.0857,0,0.0076,0.011,0.0018,9.8,0,162000,49,0,0.059
C-04816,0.1494,0.0,0.0,-0.1494,0.1892,1,-0.0074,0.01018,0.00098,0.6,0,371500,38,0,0.041
C-04817,0.1003,0.0,0.0,-0.0838,0.4932,0,0.0086,0.01022,0.00102,5.2,0,364000,72,0,0.061
C-04818,0.0268,0.0,0.0,0.0698,0.0,0,0.0185,0.011,0.0018,9.7,0,74500,69,0,0.045
C-04819,0.227,0.7216,0.1638,-0.2036,0.5911,0,0.0521,0.00948,0.00028,0.3,0,641000,53,1,0.836
C-04820,0.105,0.0,0.0,-0.0906,0.0,0,-0.0011,0.00787,-0.00133,11.3,1,1913500,68,0,0.074
C-04821,0.0924,0.0,0.0,-0.0728,0.0,0,0.0386,0.011,0.0018,19,0,184000,41,0,0.027
C-04822,0.0584,0.0,0.0,-0.0477,0.5165,0,-0.0112,0.0093,0.0001,6.0,0,778500,74,0,0.033
C-04823,0.2129,0.3032,0.0646,-0.1871,0.5372,0,0.0344,0.00992,0.00072,2.1,1,441500,62,1,0.251
C-04824,0.1126,0.0,0.0,-0.0691,0.3587,0,-0.0098,0.0083,-0.0009,2.4,0,1461000,53,0,0.048
C-04825,0.3471,0.5388,0.187,-0.3471,0.5752,1,0.0515,0.00829,-0.00091,3.1,1,1465000,54,1,0.361
C-04826,0.2204,0.3402,0.075,-0.2204,0.2199,1,0.0141,0.00931,0.00011,1.0,0,773500,54,0,0.053
C-04827,0.2684,0.6336,0.1701,-0.2094,0.1985,0,0.0339,0.011,0.0018,4.2,1,244000,46,1,0.624
C-04828,0.1497,0.4906,0.0734,-0.1497,0.6792,1,0.0045,0.011,0.0018,5,0,177000,27,0,0.032
C-04829,0.1694,0.0,0.0,-0.1657,0.369,0,0.0284,0.00573,-0.00347,0.3,0,9724000,60,0,0.023
C-04830,0.0935,0.5217,0.0488,-0.074,0.6087,0,0.0117,0.011,0.0018,0.9,0,123000,74,0,0.017
C-04831,0.0945,0.0,0.0,-0.0945,0.0,1,0.0345,0.011,0.0018,10.8,0,153500,61,1,0.306
C-04832,0.2463,0.4821,0.1188,-0.2463,0.131,1,0.0379,0.01033,0.00113,3.7,1,341000,39,0,0.024
C-04833,0.1108,0.383,0.0425,-0.0882,0.2553,0,0.0047,0.011,0.0018,0.6,1,212000,69,1,0.847
C-04834,0.028,0.0,0.0,0.2075,0.5,0,-0.0039,0.011,0.0018,5,0,107000,27,0,0.035
C-04835,0.0714,0.0,0.0,0.051,0.5714,0,0.0037,0.011,0.0018,7.4,0,49000,32,0,0.062
C-04836,0.3346,0.5227,0.1749,-0.3346,0.7159,1,0.0411,0.011,0.0018,6.3,0,131500,33,1,0.379
C-04837,0.0284,0.0,0.0,0.0295,0.0,0,-0.0065,0.01028,0.00108,7.9,0,352000,33,0,0.028
C-04838,0.2418,0.472,0.1141,-0.2418,0.296,1,0.0443,0.01092,0.00172,0.3,0,258500,54,0,0.096
C-04839,0.1511,0.0,0.0,-0.142,0.3538,0,-0.0078,0.00918,-2e-05,5.7,0,916500,70,0,0.0
C-04840,0.2486,0.5402,0.1343,-0.2486,0.1264,1,0.0301,0.011,0.0018,1.6,1,175000,56,1,0.411
C-04841,0.0934,0.0,0.0,-0.0934,0.8378,1,0.0328,0.011,0.0018,3.5,1,198000,57,0,0.054
C-04842,0.1084,0.0,0.0,-0.0694,0.725,0,0.0506,0.011,0.0018,7.5,0,184500,68,0,0.078
C-04843,0.1125,0.4815,0.0542,-0.0325,0.4815,0,0.0093,0.011,0.0018,0.6,0,120000,37,0,0.057
C-04844,0.1288,0.0,0.0,-0.1288,0.0538,1,-0.0107,0.00974,0.00054,1.0,1,504500,51,0,0.0
C-04845,0.0699,0.0,0.0,-0.0574,0.2537,0,0.0046,0.0098,0.0006,6.2,1,479000,68,0,0.099
C-04846,0.1108,0.0,0.0,0.0487,0.0857,0,0.0056,0.011,0.0018,28.9,0,158000,61,0,0.049
C-04847,0.0909,0.0,0.0,-0.0909,0.487,1,0.0168,0.00897,-0.00023,1.4,0,1062000,64,0,0.049
C-04848,0.4511,0.7743,0.3493,-0.4511,0.0487,1,0.0408,0.011,0.0018,1.9,1,250500,59,1,0.624
C-04849,0.197,0.2941,0.0579,-0.1613,0.3109,0,0.0058,0.01057,0.00137,15.2,0,302000,39,0,0.016
C-04850,0.162,0.181,0.0293,-0.162,0.5714,1,0.0049,0.01043,0.00123,2.0,1,324000,57,0,0.063
C-04851,0.0955,0.0,0.0,0.0131,0.0,0,0.0024,0.011,0.0018,0.9,0,99500,61,1,0.05
C-04852,0.0884,0.0,0.0,0.1728,0.0,0,-0.0022,0.011,0.0018,3,0,73500,25,0,0.007
C-04853,0.1437,0.0,0.0,-0.1166,0.634,0,-0.0113,0.00967,0.00047,0.3,0,532500,53,0,0.079
C-04854,0.0615,0.0,0.0,-0.0615,0.1429,1,-0.0009,0.0087,-0.0005,0.7,0,1195500,59,0,0.014
C-04855,0.0509,0.0,0.0,-0.0509,0.0,1,0.0444,0.011,0.0018,2.1,0,137500,25,0,0.105
C-04856,0.0761,0.0,0.0,-0.0761,0.0,1,0.0391,0.011,0.0018,4,0,46000,26,0,0.068
C-04857,0.223,0.3433,0.0765,-0.179,0.6418,0,0.0135,0.01058,0.00138,5.1,0,300500,29,1,0.449
C-04858,0.0686,0.0,0.0,-0.0571,0.1741,0,0.0031,0.00829,-0.00091,9.5,1,1466000,39,0,0.048
C-04859,0.1758,0.0,0.0,0.0088,0.25,0,0.0014,0.011,0.0018,5.4,0,45500,73,0,0.058
C-04860,0.0507,0.0,0.0,-0.0279,0.4911,0,-0.0071,0.00888,-0.00032,1.6,0,1105000,41,0,0.059
C-04861,0.2258,0.0,0.0,-0.2258,0.3333,1,-0.0137,0.011,0.0018,2.7,0,46500,66,0,0.033
C-04862,0.1776,0.0,0.0,-0.0763,0.4918,0,-0.0077,0.01032,0.00112,0.3,0,343500,45,0,0.018
C-04863,0.1169,0.0,0.0,-0.0492,0.0,0,-0.0162,0.011,0.0018,0.6,0,124000,70,0,0.033
C-04864,0.1181,0.0,0.0,0.0265,0.3061,0,-0.0118,0.011,0.0018,13.2,1,207500,39,0,0.016
C-04865,0.2879,0.4286,0.1234,-0.2879,0.8797,1,0.0138,0.011,0.0018,5.7,0,231000,57,0,0.11
C-04866,0.1667,0.0,0.0,-0.0939,0.1364,0,0.0414,0.011,0.0018,3,1,66000,25,1,0.369
C-04867,0.1556,0.0,0.0,-0.0817,0.3438,0,0.0017,0.01053,0.00133,9.5,1,308500,37,0,0.065
C-04868,0.0982,0.0,0.0,0.0089,0.0909,0,0.0075,0.011,0.0018,4,1,56000,26,0,0.039
C-04869,0.1958,0.0,0.0,-0.1111,0.4595,0,0.044,0.011,0.0018,2.3,0,94500,72,0,0.083
C-04870,0.1053,0.0,0.0,0.1158,0.1875,0,0.0099,0.011,0.0018,12,1,76000,34,0,0.091
C-04871,0.0504,0.0,0.0,-0.0504,0.0,1,-0.0164,0.011,0.0018,6.1,0,139000,75,0,0.018
C-04872,0.1595,0.1863,0.0297,-0.1595,0.299,1,0.0156,0.00787,-0.00133,1.3,0,1918000,53,1,0.4
C-04873,0.1562,0.0,0.0,-0.092,0.2857,0,-0.0014,0.011,0.0018,5.3,0,112000,74,0,0.082
C-04874,0.2074,0.2222,0.0461,-0.0083,0.6222,0,0.0055,0.011,0.0018,11.4,0,108500,39,0,0.011
C-04875,0.1264,0.0,0.0,-0.0868,0.4348,0,-0.0375,0.011,0.0018,2.6,0,182000,49,0,0.04
C-04876,0.128,0.3596,0.046,-0.1051,0.8509,0,0.0008,0.0092,0.0,8.4,0,890500,65,0,0.017
C-04877,0.1968,0.0,0.0,-0.0819,0.2838,0,-0.0051,0.011,0.0018,0.3,0,188000,38,0,0.083
C-04878,0.1687,0.0,0.0,-0.1687,0.3929,1,0.0527,0.011,0.0018,3.5,0,166000,29,0,0.0
C-04879,0.0302,0.0,0.0,-0.0104,0.0,0,0.0184,0.01021,0.00101,1.7,1,364500,51,0,0.0
C-04880,0.1899,0.291,0.0553,-0.1581,0.7869,0,-0.0192,0.00947,0.00027,4.6,1,642500,29,0,0.028
C-04881,0.0101,0.0,0.0,-0.0101,0.6154,1,0.0492,0.00947,0.00027,2.8,1,643500,75,0,0.01
C-04882,0.1181,0.0,0.0,-0.0977,1.0,0,-0.0007,0.00983,0.00063,20.9,1,470000,59,0,0.043
C-04883,0.0623,0.0,0.0,-0.049,0.1333,0,-0.0047,0.00832,-0.00088,5.9,1,1443500,38,0,0.058
C-04884,0.1603,0.0,0.0,-0.1359,0.6529,0,-0.0057,0.00882,-0.00038,8.0,0,1132500,64,0,0.064
C-04885,0.2097,0.3093,0.0649,-0.1929,0.6469,0,0.0313,0.00918,-2e-05,6.9,0,925000,63,0,0.04
C-04886,0.1635,0.0,0.0,-0.1246,0.4955,0,-0.011,0.01034,0.00114,5,0,339500,27,0,0.025
C-04887,0.1304,0.0,0.0,-0.1253,0.4397,0,0.0057,0.00873,-0.00047,0.3,0,1177500,58,0,0.0
C-04888,0.1089,0.5806,0.0632,-0.0948,0.3763,0,0.0349,0.00996,0.00076,5.4,0,427000,58,0,0.084
C-04889,0.0673,0.0,0.0,-0.0576,0.587,0,-0.003,0.00842,-0.00078,3.0,0,1367000,46,0,0.055
C-04890,0.0429,0.0,0.0,-0.0055,0.0,0,-0.0012,0.00972,0.00052,18.5,0,513000,70,0,0.051
C-04891,0.3466,0.4832,0.1675,-0.3401,0.7707,0,0.0516,0.00854,-0.00066,5.1,0,1289500,55,0,0.062
C-04892,0.2093,0.3607,0.0755,-0.1681,0.418,0,0.0063,0.01064,0.00144,2.3,0,291500,60,0,0.0
C-04893,0.0901,0.2656,0.0239,-0.0901,0.375,1,-0.0044,0.01026,0.00106,1.0,0,355000,47,1,0.394
C-04894,0.1717,0.0,0.0,-0.1717,0.0902,1,-0.0055,0.00889,-0.00031,3.3,0,1098000,35,0,0.021
C-04895,0.2097,0.678,0.1422,-0.1993,0.3955,0,0.0491,0.00998,0.00078,0.3,0,422000,33,1,0.862
C-04896,0.0471,0.0,0.0,0.066,0.6667,0,-0.0062,0.011,0.0018,5.9,0,95500,37,0,0.042
C-04897,0.0526,0.0,0.0,0.2281,0.0,0,0.0085,0.011,0.0018,4,0,85500,26,0,0.025
C-04898,0.4195,0.745,0.3126,-0.3727,0.7051,0,0.048,0.00966,0.00046,2.7,1,537500,52,0,0.101
C-04899,0.1183,0.0,0.0,0.1398,0.5455,0,0.0023,0.011,0.0018,5,0,46500,27,0,0.026
C-04900,0.2287,0.0,0.0,-0.0563,0.6538,0,-0.0166,0.01033,0.00113,8.3,1,341000,52,0,0.044
C-04901,0.1828,0.7647,0.1398,0.0108,0.3529,0,0.0281,0.011,0.0018,3.4,1,46500,74,0,0.022
C-04902,0.1005,0.4111,0.0413,-0.0923,0.0544,0,0.009,0.00575,-0.00345,20.6,0,9517000,48,0,0.072
C-04903,0.0837,0.0,0.0,0.0223,0.4722,0,-0.0001,0.011,0.0018,3,1,215000,25,0,0.002
C-04904,0.0825,0.0,0.0,-0.0082,0.5,0,-0.0083,0.011,0.0018,8.4,1,48500,39,0,0.039
C-04905,0.1966,0.0,0.0,-0.194,0.397,0,-0.0048,0.00669,-0.00251,18.9,0,4209500,60,0,0.0
C-04906,0.0808,0.0,0.0,0.6222,0.0,0,-0.0016,0.011,0.0018,5.3,1,49500,39,0,0.021
C-04907,0.0993,0.0,0.0,-0.099,0.616,0,0.0005,0.00581,-0.00339,1.3,0,8789000,70,0,0.016
C-04908,0.1221,0.0,0.0,-0.1221,1.0,1,-0.0011,0.011,0.0018,3.3,0,151500,34,0,0.036
C-04909,0.0727,0.0,0.0,-0.0666,0.2113,0,-0.0129,0.00914,-6e-05,3.5,1,976500,55,0,0.051
C-04910,0.0327,0.0,0.0,0.1242,1.0,0,0.0062,0.011,0.0018,3.4,0,76500,42,0,0.054
C-04911,0.0566,0.0,0.0,-0.0566,0.5276,1,0.0291,0.00752,-0.00168,0.9,1,2563500,52,0,0.033
C-04912,0.1043,0.0,0.0,-0.099,0.4139,0,0.0003,0.00573,-0.00347,13.5,1,9744500,60,0,0.053
C-04913,0.2458,0.0892,0.0219,-0.2262,0.4211,0,-0.0074,0.007,-0.0022,5.5,0,3556000,75,0,0.059
C-04914,0.0692,0.0,0.0,-0.036,0.2316,0,0.0085,0.00941,0.00021,0.6,0,686500,58,0,0.0
C-04915,0.051,0.0,0.0,0.0959,0.2,0,-0.0127,0.011,0.0018,2.0,0,49000,29,0,0.061
C-04916,0.0817,0.0,0.0,0.0163,0.0,0,0.0159,0.01093,0.00173,14,0,257000,36,0,0.006
C-04917,0.1222,0.0,0.0,-0.0596,0.5976,0,-0.0009,0.00943,0.00023,8.8,0,671000,42,0,0.064
C-04918,0.1735,0.0,0.0,-0.1161,0.1954,0,-0.0,0.00975,0.00055,12.1,0,501500,70,0,0.0
C-04919,0.0737,0.0,0.0,0.28,0.4286,0,-0.0065,0.011,0.0018,0.6,0,47500,26,0,0.056
C-04920,0.1225,0.0,0.0,-0.1077,0.0707,0,0.0102,0.00927,7e-05,2.7,0,808000,54,0,0.031
C-04921,0.2831,0.6601,0.1869,-0.2494,0.8399,0,0.0407,0.00966,0.00046,2.3,1,540500,66,1,0.71
C-04922,0.272,0.3922,0.1067,-0.272,0.6765,1,-0.0054,0.011,0.0018,0.3,1,187500,70,1,0.267
C-04923,0.0507,0.0,0.0,0.0014,0.0,0,-0.0038,0.011,0.0018,29.1,0,207000,61,0,0.008
C-04924,0.154,0.0,0.0,-0.1427,0.3469,0,0.0189,0.00948,0.00028,19.7,0,636500,71,0,0.037
C-04925,0.0652,0.0,0.0,-0.0326,0.6667,0,0.0053,0.011,0.0018,14.3,0,184000,54,1,0.282
C-04926,0.1554,0.0,0.0,-0.1091,0.4345,0,-0.0138,0.00984,0.00064,1.2,0,466500,58,0,0.047
C-04927,0.1283,0.0,0.0,-0.1283,0.0,1,-0.0093,0.011,0.0018,4.0,0,230000,31,0,0.042
C-04928,0.0477,0.0,0.0,-0.0477,0.36,1,-0.0071,0.01089,0.00169,1.1,0,262000,41,0,0.049
C-04929,0.0542,0.0,0.0,0.0128,0.1818,0,-0.0024,0.01055,0.00135,0.3,0,304500,42,0,0.022
C-04930,0.059,0.0,0.0,0.166,0.0,0,-0.0124,0.011,0.0018,10,0,144000,32,0,0.006
C-04931,0.1528,0.0,0.0,-0.09,0.2095,0,-0.0159,0.01032,0.00112,2.1,1,343500,69,0,0.081
C-04932,0.1835,0.0,0.0,-0.1448,0.117,0,-0.0057,0.00984,0.00064,1.5,0,466000,39,0,0.0
C-04933,0.1082,0.0,0.0,-0.1082,0.3636,1,-0.0079,0.01055,0.00135,13.4,0,305000,64,0,0.038
C-04934,0.1724,0.15,0.0259,-0.1724,0.3,1,0.0284,0.011,0.0018,12,0,116000,34,0,0.046
C-04935,0.186,0.0,0.0,-0.1505,0.2508,0,0.0004,0.00924,4e-05,2.9,1,847000,55,0,0.047
C-04936,0.1238,0.0,0.0,-0.0287,0.0,0,0.0021,0.011,0.0018,2.2,1,101000,31,0,0.01
C-04937,0.0805,0.0,0.0,-0.0805,0.0,1,-0.0058,0.011,0.0018,10.2,1,130500,45,0,0.019
C-04938,0.1357,0.0,0.0,-0.1357,0.0548,1,-0.0113,0.01082,0.00162,7,1,269000,29,0,0.028
C-04939,0.1278,0.0,0.0,-0.1278,0.3924,1,0.0454,0.01052,0.00132,0.3,0,309000,45,0,0.021
C-04940,0.075,0.0,0.0,-0.0675,0.0,0,0.013,0.00733,-0.00187,3.9,0,3054000,68,0,0.051
C-04941,0.1025,0.8276,0.0848,-0.1025,0.069,1,0.0456,0.011,0.0018,8.1,0,141500,60,1,0.913
C-04942,0.3511,0.7576,0.266,0.0319,0.8788,0,0.0532,0.011,0.0018,6,1,47000,28,1,0.688
C-04943,0.144,0.0,0.0,-0.1284,0.6847,0,0.0021,0.00931,0.00011,2.5,0,771000,66,0,0.018
C-04944,0.079,0.0,0.0,-0.0501,0.7542,0,-0.0163,0.00934,0.00014,6.8,0,746500,54,0,0.04
C-04945,0.1726,0.4386,0.0757,-0.1726,0.0819,1,0.0252,0.00976,0.00056,10.3,0,495500,73,1,0.087
C-04946,0.0938,0.0,0.0,-0.0938,0.2438,1,-0.0023,0.00853,-0.00067,15.4,1,1290500,52,0,0.082
C-04947,0.0645,0.0,0.0,-0.0505,0.2987,0,-0.014,0.00955,0.00035,1.4,1,596500,53,0,0.083
C-04948,0.1034,0.0,0.0,0.1614,0.7333,0,-0.0002,0.011,0.0018,3.5,0,72500,51,0,0.036
C-04949,0.0826,0.0,0.0,-0.0826,0.8182,1,0.0479,0.01085,0.00165,15.3,1,266500,44,0,0.036
C-04950,0.0619,0.0,0.0,-0.0619,0.45,1,-0.0115,0.011,0.0018,0.4,0,161500,32,0,0.002
C-04951,0.1207,0.0,0.0,0.0862,0.7143,0,-0.0041,0.011,0.0018,10.8,0,87000,45,0,0.037
C-04952,0.1976,0.1652,0.0326,-0.1976,0.4522,1,0.0063,0.01065,0.00145,13.3,0,291000,45,0,0.018
C-04953,0.0884,0.0,0.0,-0.0609,0.4235,0,0.0103,0.00915,-5e-05,5.8,0,962000,57,0,0.017
C-04954,0.1332,0.0,0.0,-0.1065,0.3183,0,0.0272,0.00875,-0.00045,9.6,0,1167500,63,0,0.02
C-04955,0.1758,0.0,0.0,-0.1523,0.2037,0,-0.0003,0.00952,0.00032,10.6,0,614500,65,0,0.014
C-04956,0.075,0.0,0.0,-0.0665,0.8962,0,-0.017,0.00938,0.00018,19.4,0,706500,51,0,0.0
C-04957,0.1691,0.1277,0.0216,-0.1464,0.4362,0,0.003,0.00886,-0.00034,0.4,1,1112000,73,0,0.0
C-04958,0.1036,0.2788,0.0289,-0.0951,0.1044,0,-0.0098,0.0073,-0.0019,6.4,1,3099000,56,0,0.043
C-04959,0.0422,0.0,0.0,-0.0169,0.0,0,-0.0218,0.011,0.0018,1.1,0,189500,54,0,0.038
C-04960,0.0932,0.0,0.0,-0.0932,0.3793,1,0.0146,0.011,0.0018,4.2,0,155500,68,0,0.039
C-04961,0.1455,0.0,0.0,-0.1015,0.0,0,-0.0002,0.00977,0.00057,5.6,0,491500,49,0,0.051
C-04962,0.098,0.0,0.0,-0.0667,0.3333,0,-0.0165,0.011,0.0018,1.9,0,76500,74,0,0.1
C-04963,0.3636,0.5833,0.2121,-0.1455,0.8333,0,0.0468,0.011,0.0018,1.8,0,49500,25,1,0.372
C-04964,0.1267,0.1892,0.024,-0.0527,0.1892,0,-0.0087,0.011,0.0018,1.5,0,146000,27,0,0.042
C-04965,0.0896,0.0,0.0,-0.0852,0.0983,0,0.0008,0.006,-0.0032,3.8,0,7102000,47,0,0.025
C-04966,0.0931,0.0,0.0,-0.0772,0.381,0,-0.0041,0.011,0.0018,0.3,0,225500,75,0,0.036
C-04967,0.1654,0.0,0.0,-0.148,0.1546,0,-0.0153,0.00745,-0.00175,18.3,0,2756500,69,0,0.075
C-04968,0.0526,0.0,0.0,-0.0526,0.2,1,-0.0098,0.011,0.0018,2.5,1,47500,25,0,0.031
C-04969,0.0833,0.0,0.0,-0.0833,0.6524,1,0.0547,0.00572,-0.00348,7.7,0,9962500,38,0,0.014
C-04970,0.1107,0.0,0.0,-0.1077,0.3955,0,-0.0001,0.00867,-0.00053,3.0,0,1211000,47,0,0.0
C-04971,0.1147,0.0,0.0,-0.1147,0.6369,1,0.044,0.00941,0.00021,2.9,1,684500,51,0,0.044
C-04972,0.0978,0.0,0.0,-0.037,0.3704,0,0.001,0.011,0.0018,2.0,0,138000,70,0,0.049
C-04973,0.1195,0.0,0.0,-0.0621,0.4,0,-0.0027,0.011,0.0018,0.3,0,146500,26,0,0.047
C-04974,0.0863,0.5429,0.0469,-0.0725,1.0,0,-0.0012,0.00953,0.00033,6.4,0,608000,59,0,0.033
C-04975,0.0367,0.0,0.0,-0.0037,0.4,0,0.0425,0.01003,0.00083,2.4,0,408500,60,1,0.675
C-04976,0.0942,0.0,0.0,-0.0859,0.1481,0,0.0144,0.01068,0.00148,9.8,0,286500,71,0,0.005
C-04977,0.2763,0.5109,0.1411,-0.2042,0.4022,0,0.0033,0.011,0.0018,3.5,1,166500,50,0,0.073
C-04978,0.2846,0.5045,0.1436,-0.2846,0.6306,1,0.0048,0.011,0.0018,7.9,1,195000,69,1,0.345
C-04979,0.1481,0.0,0.0,0.2296,0.5,0,-0.0029,0.011,0.0018,7.5,0,54000,34,0,0.035
C-04980,0.2165,0.7191,0.1557,-0.2165,0.0225,1,0.0098,0.011,0.0018,1.6,1,205500,66,0,0.0
C-04981,0.1815,0.0,0.0,-0.0795,0.3404,0,0.029,0.011,0.0018,3.8,0,129500,74,0,0.0
C-04982,0.1095,0.0,0.0,-0.0214,1.0,0,0.0526,0.0093,0.0001,11.8,0,776500,43,0,0.018
C-04983,0.1489,0.7143,0.1064,-0.1489,0.2857,1,0.0301,0.011,0.0018,2.9,1,47000,27,1,0.719
C-04984,0.3153,0.4279,0.1349,-0.3153,0.1892,1,0.0174,0.01028,0.00108,3.5,1,352000,72,1,0.543
C-04985,0.0991,0.0,0.0,-0.0651,0.0952,0,0.0062,0.011,0.0018,22.7,0,106000,49,0,0.034
C-04986,0.0534,0.0,0.0,-0.0205,0.8718,0,-0.0005,0.01021,0.00101,4.3,0,365000,45,0,0.0
C-04987,0.0291,0.0,0.0,-0.0148,0.0,0,-0.0084,0.00933,0.00013,6.5,0,757000,52,0,0.0
C-04988,0.1704,0.2609,0.0444,0.0963,1.0,0,0.0268,0.011,0.0018,7.8,0,67500,73,0,0.051
C-04989,0.0634,0.0,0.0,-0.0415,0.0,0,0.029,0.00809,-0.00111,0.5,1,1649000,53,0,0.059
C-04990,0.1114,0.0,0.0,-0.0945,0.4105,0,-0.0143,0.00997,0.00077,25.3,0,426500,49,0,0.016
C-04991,0.1045,0.0,0.0,-0.0967,0.4057,0,0.0404,0.00692,-0.00228,16.7,0,3703000,75,0,0.045
C-04992,0.1345,0.1875,0.0252,0.0471,0.0,0,0.0044,0.011,0.0018,6.1,0,59500,35,0,0.075
C-04993,0.1562,0.3,0.0469,0.0312,0.65,0,-0.008,0.011,0.0018,4,0,64000,26,1,0.358
C-04994,0.1936,0.0,0.0,-0.1772,0.131,0,0.007,0.00906,-0.00014,4.7,0,1025500,44,0,0.009
C-04995,0.0947,0.6522,0.0617,-0.0156,0.913,0,-0.0029,0.011,0.0018,4.9,0,121500,32,1,0.367
C-04996,0.0865,0.0,0.0,-0.0865,0.2222,1,-0.0163,0.011,0.0018,2.2,0,52000,68,0,0.009
C-04997,0.1408,0.0,0.0,-0.1261,0.471,0,0.0074,0.00978,0.00058,1.5,0,490000,70,0,0.051
C-04998,0.1304,0.0,0.0,-0.1304,0.5316,1,0.0364,0.01056,0.00136,10.7,0,303000,41,1,0.49
C-04999,0.12,0.0,0.0,-0.0281,0.2837,0,0.0075,0.00956,0.00036,3.9,0,587500,45,0,0.001
C-05000,0.1224,0.3636,0.0445,-0.1224,0.4444,1,-0.0166,0.01005,0.00085,5.7,0,404500,53,0,0.01
C-05001,0.2039,0.2581,0.0526,-0.2039,0.7903,1,-0.0031,0.011,0.0018,0.3,0,152000,48,0,0.081
C-05002,0.2435,0.0,0.0,-0.2124,0.617,0,-0.0072,0.01012,0.00092,4.7,0,386000,51,1,0.119
C-05003,0.1354,0.0,0.0,0.0646,0.6154,0,0.0049,0.011,0.0018,1.0,0,48000,25,0,0.053
C-05004,0.0645,0.0,0.0,-0.0578,0.2236,0,0.0015,0.0086,-0.0006,0.5,0,1247500,46,0,0.065
C-05005,0.1928,0.48,0.0925,-0.0632,0.48,0,0.0342,0.011,0.0018,8.6,0,194500,62,0,0.039
C-05006,0.1993,0.6441,0.1284,-0.1101,0.2034,0,0.0316,0.011,0.0018,14.3,0,148000,55,1,0.574
C-05007,0.0625,0.0,0.0,0.0875,0.0,0,0.003,0.011,0.0018,1.0,0,48000,30,0,0.076
C-05008,0.1605,0.0,0.0,-0.1229,0.2439,0,-0.01,0.01095,0.00175,12.5,1,255500,73,0,0.084
C-05009,0.0975,0.0,0.0,-0.0775,0.3932,0,-0.0005,0.00954,0.00034,0.8,0,600000,68,0,0.059
C-05010,0.1488,0.0,0.0,-0.1488,0.6351,1,0.0108,0.00756,-0.00164,0.3,0,2486000,70,1,0.412
C-05011,0.1056,0.0,0.0,-0.084,0.0,0,-0.0086,0.011,0.0018,11.1,0,222500,73,0,0.0
C-05012,0.2321,0.6618,0.1536,0.0628,0.0,0,0.0105,0.011,0.0018,8.9,1,146500,38,0,0.033
C-05013,0.1812,0.44,0.0797,0.1493,0.44,0,0.0089,0.011,0.0018,2.4,0,69000,26,0,0.045
C-05014,0.0761,0.2857,0.0217,0.1065,0.5714,0,0.0175,0.011,0.0018,3.4,0,46000,30,1,0.797
C-05015,0.1405,0.0,0.0,-0.0605,0.1017,0,-0.0001,0.011,0.0018,3.8,0,210000,52,1,0.077
C-05016,0.0917,0.0,0.0,0.0083,0.7273,0,0.0077,0.011,0.0018,8,0,60000,30,0,0.064
C-05017,0.1398,0.0,0.0,-0.0572,0.4615,0,-0.0034,0.011,0.0018,0.9,0,232500,36,0,0.039
C-05018,0.2674,0.726,0.1941,-0.2674,0.9041,1,0.0527,0.01079,0.00159,0.3,1,273000,60,1,0.921
C-05019,0.0553,0.0,0.0,0.006,0.3846,0,0.005,0.011,0.0018,3.6,1,117500,47,0,0.085
C-05020,0.0665,0.0,0.0,-0.0516,0.0,0,0.0062,0.00961,0.00041,8.4,1,563500,60,0,0.047
C-05021,0.2011,0.4595,0.0924,-0.2011,0.1892,1,0.0003,0.011,0.0018,2.7,1,184000,59,1,0.274
C-05022,0.0663,0.0,0.0,-0.0551,0.4825,0,-0.0197,0.00923,3e-05,3.9,1,859500,40,0,0.019
C-05023,0.0674,0.0,0.0,-0.0483,1.0,0,0.0003,0.00927,7e-05,6.9,0,815500,73,0,0.032
C-05024,0.0742,0.0,0.0,-0.0144,0.1719,0,0.0034,0.00922,2e-05,0.9,0,863000,40,0,0.029
C-05025,0.0545,0.0,0.0,0.1927,0.0,0,-0.0187,0.011,0.0018,1.7,1,82500,64,0,0.005
C-05026,0.2151,0.4,0.086,-0.2151,0.5,1,0.0028,0.011,0.0018,7,1,46500,29,1,0.667
C-05027,0.1368,0.0,0.0,-0.112,0.3673,0,0.0009,0.00749,-0.00171,2.4,0,2657000,32,0,0.062
C-05028,0.1469,0.0,0.0,-0.1246,0.5833,0,0.0015,0.00907,-0.00013,4.3,1,1021000,53,0,0.049
C-05029,0.0914,0.0,0.0,-0.0823,1.0,0,-0.0138,0.00918,-2e-05,10.5,0,925000,41,0,0.084
C-05030,0.1519,0.418,0.0635,-0.1346,0.0582,0,0.0004,0.0095,0.0003,7.5,0,622000,48,0,0.0
C-05031,0.0914,0.0,0.0,-0.0796,0.5346,0,0.0032,0.00835,-0.00085,9.9,0,1422500,61,0,0.047
C-05032,0.0529,0.0,0.0,-0.0456,0.0,0,0.0032,0.00773,-0.00147,2.9,0,2127000,61,0,0.007
C-05033,0.1038,0.0,0.0,-0.1038,0.0,1,0.003,0.00775,-0.00145,6.5,0,2095500,35,0,0.07
C-05034,0.2346,0.3947,0.0926,-0.1309,0.3947,0,0.0034,0.011,0.0018,0.4,0,81000,59,1,0.493
C-05035,0.131,0.0,0.0,-0.0809,0.4781,0,-0.0095,0.00915,-5e-05,3.3,1,958000,55,0,0.044
C-05036,0.076,0.0,0.0,-0.001,0.0,0,0.0014,0.0098,0.0006,0.8,0,480500,64,0,0.06
C-05037,0.5056,0.7992,0.4041,-0.5056,0.8715,1,0.0541,0.00977,0.00057,5.7,1,492500,53,0,0.034
C-05038,0.1143,0.0,0.0,-0.0114,0.0,0,0.025,0.011,0.0018,2.3,1,52500,71,0,0.0
C-05039,0.1603,0.0,0.0,-0.1603,0.683,1,-0.0048,0.00744,-0.00176,10.3,0,2795500,69,0,0.025
C-05040,0.1397,0.1562,0.0218,-0.1397,0.6875,1,-0.0105,0.011,0.0018,4.0,0,114500,26,0,0.035
C-05041,0.0856,0.0,0.0,-0.0645,0.6691,0,0.0074,0.00929,9e-05,1.1,0,794000,42,0,0.053
C-05042,0.1931,0.0,0.0,-0.1931,0.3991,1,-0.0019,0.00963,0.00043,0.9,0,551500,74,0,0.029
C-05043,0.0875,0.244,0.0213,-0.0849,0.0,0,0.002,0.00761,-0.00159,12.2,1,2367000,47,0,0.031
C-05044,0.0526,0.0,0.0,0.0989,0.2,0,-0.0009,0.011,0.0018,9,0,47500,31,0,0.0
C-05045,0.2062,0.6512,0.1343,-0.2062,0.0,1,0.0367,0.01,0.0008,10.0,0,417000,65,0,0.011
C-05046,0.062,0.0,0.0,-0.0561,0.6623,0,0.0527,0.00866,-0.00054,1.9,0,1218000,64,0,0.0
C-05047,0.4328,0.8447,0.3656,-0.4328,0.3927,1,0.0542,0.00974,0.00054,5.8,1,506000,45,0,0.045
C-05048,0.1339,0.0,0.0,-0.1054,0.0,0,-0.0054,0.011,0.0018,11,0,168000,33,0,0.025
C-05049,0.0878,0.0,0.0,-0.0545,0.7895,0,-0.0114,0.011,0.0018,10.2,0,216500,72,0,0.029
C-05050,0.0294,0.0,0.0,-0.0294,0.375,1,0.0017,0.011,0.0018,0.9,1,136000,45,0,0.025
C-05051,0.2979,0.6434,0.1917,-0.2979,0.2308,1,0.0412,0.011,0.0018,6.4,0,240000,32,0,0.058
C-05052,0.0482,0.0,0.0,-0.0229,0.0,0,0.0084,0.00919,-1e-05,5.6,0,903000,45,0,0.05
C-05053,0.132,0.2,0.0264,-0.0771,0.2,0,0.0006,0.0107,0.0015,22.9,0,284000,69,0,0.018
C-05054,0.1448,0.2969,0.043,0.0181,0.7656,0,-0.0113,0.011,0.0018,2.5,0,221000,64,0,0.033
C-05055,0.0328,0.0,0.0,0.0197,0.2667,0,-0.0002,0.011,0.0018,21.0,0,228500,62,0,0.032
C-05056,0.1343,0.0,0.0,0.038,0.4828,0,0.0104,0.011,0.0018,1.8,1,216000,29,0,0.039
C-05057,0.1368,0.0,0.0,0.0905,0.9231,0,-0.0047,0.011,0.0018,1.0,1,47500,64,0,0.014
C-05058,0.0605,0.5714,0.0346,-0.049,1.0,0,-0.0069,0.0097,0.0005,0.6,0,520500,61,0,0.089
C-05059,0.0793,0.0,0.0,-0.0793,0.6902,1,0.0057,0.00876,-0.00044,16.6,0,1160000,65,0,0.062
C-05060,0.1399,0.4933,0.069,-0.1399,0.68,1,0.0256,0.01083,0.00163,13.7,1,268000,72,1,0.738
C-05061,0.132,0.0,0.0,-0.1122,0.3646,0,-0.0063,0.01022,0.00102,0.4,1,363500,49,0,0.0
C-05062,0.415,0.6781,0.2814,-0.415,0.555,1,0.0479,0.0087,-0.0005,15.3,1,1194000,54,1,0.721
C-05063,0.2872,0.7778,0.2234,-0.2872,0.6667,1,0.0431,0.011,0.0018,14.9,0,47000,39,1,0.774
C-05064,0.0979,0.0,0.0,-0.0921,0.2099,0,-0.0076,0.01001,0.00081,3.9,0,413500,65,0,0.045
C-05065,0.1158,0.0,0.0,-0.0938,0.3651,0,-0.0205,0.0108,0.0016,1.2,0,272000,70,0,0.0
C-05066,0.211,0.0,0.0,-0.1898,0.4558,0,-0.0116,0.00973,0.00053,3.8,0,509500,30,0,0.032
C-05067,0.1288,0.5263,0.0678,-0.1098,0.0,0,0.0536,0.011,0.0018,7.7,0,147500,74,1,0.473
C-05068,0.1589,0.0,0.0,-0.0734,0.3448,0,0.0037,0.011,0.0018,6.1,0,182500,53,0,0.081
C-05069,0.0869,0.0,0.0,-0.0497,0.454,0,-0.009,0.00912,-8e-05,0.5,0,1001500,61,0,0.101
C-05070,0.0831,0.0,0.0,-0.0579,0.1263,0,0.0036,0.00959,0.00039,3.8,0,571500,69,0,0.059
C-05071,0.1703,0.0,0.0,-0.1703,0.3882,1,0.0398,0.011,0.0018,2.9,0,249500,31,0,0.062
C-05072,0.4203,0.6988,0.2937,-0.3963,0.5478,0,0.0541,0.00824,-0.00096,7.9,0,1505000,32,1,0.485
C-05073,0.0651,0.0,0.0,-0.0651,0.7907,1,0.0276,0.01039,0.00119,19.7,1,330500,59,0,0.0
C-05074,0.1695,0.0,0.0,-0.1371,0.3046,0,0.0427,0.0099,0.0007,2.8,0,445500,64,0,0.0
C-05075,0.1183,0.0,0.0,-0.1183,0.3889,1,-0.01,0.00953,0.00033,0.9,1,608500,61,0,0.096
C-05076,0.04,0.0,0.0,0.224,0.0,0,0.0225,0.011,0.0018,4,0,50000,26,0,0.056
C-05077,0.1579,0.3333,0.0526,0.1453,0.1333,0,0.017,0.011,0.0018,1.7,0,47500,25,1,0.222
C-05078,0.1474,0.5,0.0737,-0.1474,0.7857,1,0.0043,0.011,0.0018,3.3,1,47500,60,0,0.07
C-05079,0.0874,0.0,0.0,-0.0129,0.6729,0,-0.0233,0.00952,0.00032,2.7,0,612000,47,0,0.061
C-05080,0.1255,0.0,0.0,-0.049,0.6032,0,0.0118,0.01099,0.00179,1.5,0,251000,65,0,0.036
C-05081,0.1617,0.0,0.0,-0.0902,0.6842,0,0.043,0.011,0.0018,4.2,0,235000,27,0,0.019
C-05082,0.1819,0.4723,0.0859,-0.1784,0.2243,0,0.0534,0.00902,-0.00018,3.1,0,1042000,71,0,0.09
C-05083,0.0692,0.0,0.0,-0.0649,0.3043,0,-0.0021,0.00925,5e-05,13.9,1,830500,69,0,0.029
C-05084,0.0503,0.0,0.0,-0.0101,0.0,0,0.0272,0.00937,0.00017,4.9,0,716000,54,0,0.049
C-05085,0.119,0.0,0.0,0.0034,0.3571,0,0.0093,0.011,0.0018,5.3,0,176500,28,0,0.004
C-05086,0.0984,0.0,0.0,-0.0799,0.8272,0,0.0016,0.00914,-6e-05,9.4,0,970500,38,0,0.026
C-05087,0.2976,0.5465,0.1626,-0.2976,0.5233,1,0.0317,0.01066,0.00146,0.3,1,289000,51,1,0.36
C-05088,0.0997,0.0,0.0,-0.0997,0.177,1,0.018,0.009,-0.0002,5.1,1,1048000,61,0,0.045
C-05089,0.0802,0.0,0.0,-0.0802,0.3966,1,-0.0033,0.01023,0.00103,0.9,1,361500,68,0,0.043
C-05090,0.1079,0.0,0.0,-0.0539,0.5208,0,-0.0011,0.011,0.0018,1.2,1,222500,49,0,0.091
C-05091,0.0968,0.0,0.0,-0.0968,0.2333,1,0.0168,0.011,0.0018,0.5,1,155000,72,0,0.082
C-05092,0.0841,0.0,0.0,-0.0841,0.8108,1,0.0479,0.011,0.0018,7.1,0,220000,61,0,0.006
C-05093,0.1114,0.0,0.0,-0.1043,0.4484,0,0.0405,0.00823,-0.00097,3.5,0,1521000,53,0,0.066
C-05094,0.1301,0.0,0.0,-0.1301,0.6885,1,0.005,0.011,0.0018,2.4,1,234500,70,0,0.063
C-05095,0.1056,0.0,0.0,0.1329,0.7059,0,-0.005,0.011,0.0018,10.3,0,161000,38,0,0.057
C-05096,0.1656,0.2037,0.0337,-0.1656,0.2593,1,0.0003,0.011,0.0018,3.1,0,163000,74,1,0.389
C-05097,0.1483,0.0,0.0,-0.0801,0.0,0,0.0006,0.011,0.0018,19,0,158500,41,0,0.067
C-05098,0.0809,0.0,0.0,-0.055,0.4242,0,-0.0082,0.00907,-0.00013,7.9,0,1019500,57,0,0.049
C-05099,0.0644,0.0,0.0,-0.0437,0.0,0,0.0114,0.0097,0.0005,6.3,0,520000,62,0,0.083
C-05100,0.0733,0.0,0.0,-0.0733,0.0,1,0.0414,0.0096,0.0004,16.0,1,566000,57,0,0.078
C-05101,0.1294,0.2273,0.0294,-0.1294,0.5,1,-0.0053,0.011,0.0018,13.9,1,170000,52,1,0.637
C-05102,0.2397,0.4483,0.1074,-0.0017,0.3103,0,0.0065,0.011,0.0018,2.5,0,60500,26,1,0.403
C-05103,0.0861,0.3051,0.0263,-0.0669,0.3051,0,-0.0081,0.00941,0.00021,0.3,1,685000,56,0,0.087
C-05104,0.0449,0.0,0.0,0.3397,0.7143,0,0.0039,0.011,0.0018,0.7,0,78000,32,0,0.02
C-05105,0.1311,0.0,0.0,-0.1217,0.5014,0,-0.0007,0.00743,-0.00177,1.7,0,2814000,37,0,0.018
C-05106,0.1702,0.375,0.0638,0.2638,0.1875,0,0.0046,0.011,0.0018,7.4,0,47000,33,0,0.041
C-05107,0.0661,0.0,0.0,-0.0257,0.5098,0,0.0232,0.01012,0.00092,1.1,0,385500,29,0,0.005
C-05108,0.0882,0.0,0.0,-0.0081,0.6081,0,0.005,0.00999,0.00079,2.5,1,419500,52,0,0.008
C-05109,0.1357,0.0,0.0,-0.0722,0.4241,0,-0.0028,0.00854,-0.00066,8.8,1,1286000,61,0,0.046
C-05110,0.0992,0.6154,0.0611,-0.0534,0.6923,0,0.0097,0.011,0.0018,15.0,0,131000,65,1,0.733
C-05111,0.1014,0.0,0.0,0.0072,0.0,0,-0.0007,0.01076,0.00156,5.0,1,276000,60,0,0.081
C-05112,0.0691,0.0,0.0,-0.0691,0.0,1,-0.0255,0.011,0.0018,1.3,0,202500,26,0,0.079
C-05113,0.0974,0.0,0.0,-0.0754,0.434,0,-0.006,0.0108,0.0016,7.7,1,272000,72,0,0.038
C-05114,0.0725,0.0,0.0,-0.0488,0.0,0,-0.0007,0.00919,-1e-05,1.5,0,910500,55,0,0.058
C-05115,0.0313,0.0,0.0,-0.0313,0.4747,1,0.0427,0.00816,-0.00104,1.4,1,1581000,63,0,0.048
C-05116,0.1609,0.32,0.0515,-0.1609,0.0,1,0.0109,0.011,0.0018,0.5,1,233000,66,1,0.614
C-05117,0.0473,0.0,0.0,-0.0396,0.9091,0,0.0047,0.00984,0.00064,6.2,0,465000,36,0,0.085
C-05118,0.2101,0.17,0.0357,-0.2078,0.5013,0,0.0157,0.007,-0.0022,4.8,0,3555000,57,0,0.091
C-05119,0.1889,0.0,0.0,0.0244,0.2941,0,-0.0134,0.011,0.0018,15.8,0,45000,57,0,0.029
C-05120,0.1242,0.0,0.0,-0.0719,0.3684,0,0.031,0.011,0.0018,4.6,1,76500,34,0,0.001
C-05121,0.0767,0.0,0.0,-0.0498,0.8958,0,-0.0006,0.0105,0.0013,14.1,0,313000,55,0,0.054
C-05122,0.13,0.0,0.0,-0.1238,0.3586,0,-0.0007,0.00642,-0.00278,0.6,0,5018000,58,1,0.05
C-05123,0.1215,0.0,0.0,-0.1215,0.9714,1,0.001,0.011,0.0018,3.5,0,144000,33,0,0.053
C-05124,0.0505,0.0,0.0,0.6283,0.2,0,0.0014,0.011,0.0018,0.9,0,49500,44,0,0.09
C-05125,0.2177,0.2344,0.051,-0.0871,0.2969,0,-0.0171,0.011,0.0018,4.4,1,147000,61,0,0.0
C-05126,0.127,0.4,0.0508,-0.127,0.6625,1,0.0048,0.01048,0.00128,0.3,0,315000,65,0,0.035
C-05127,0.0434,0.0,0.0,-0.0169,0.339,0,-0.0147,0.00942,0.00022,1.2,0,679500,34,0,0.032
C-05128,0.0729,0.375,0.0274,-0.0729,1.0,1,0.0502,0.011,0.0018,8.1,0,164500,73,0,0.015
C-05129,0.1551,0.2095,0.0325,-0.1232,0.1429,0,-0.005,0.01035,0.00115,4.6,0,338500,70,0,0.025
C-05130,0.0913,0.0,0.0,-0.0913,0.3964,1,-0.0057,0.00744,-0.00176,15.6,0,2778000,66,0,0.056
C-05131,0.1077,0.0,0.0,-0.0739,0.2973,0,0.0083,0.00905,-0.00015,6.9,0,1030500,69,0,0.028
C-05132,0.1453,0.4062,0.059,-0.1411,0.1169,0,0.0373,0.00885,-0.00035,5.4,0,1118000,64,0,0.058
C-05133,0.0693,0.0,0.0,-0.0139,0.381,0,-0.0112,0.01056,0.00136,0.4,0,303000,32,0,0.096
C-05134,0.0968,0.0,0.0,-0.0968,0.8944,1,-0.0017,0.00935,0.00015,0.3,0,733500,28,0,0.05
C-05135,0.1254,0.0,0.0,-0.0522,0.3405,0,0.0035,0.00935,0.00015,3.5,0,737500,39,0,0.011
C-05136,0.2278,0.0,0.0,-0.2053,0.5019,0,0.0113,0.00957,0.00037,6.5,1,586000,61,0,0.095
C-05137,0.1172,0.0,0.0,-0.1172,0.6222,1,0.0105,0.011,0.0018,24.2,0,192000,68,0,0.036
C-05138,0.1594,0.3864,0.0616,-0.1594,0.8409,1,0.0109,0.01076,0.00156,2.1,1,276000,43,0,0.051
C-05139,0.0947,0.0,0.0,-0.083,0.3026,0,0.0013,0.00905,-0.00015,6.1,0,1030000,65,0,0.055
C-05140,0.1346,0.0,0.0,-0.1346,0.6786,1,-0.0044,0.011,0.0018,2.1,0,104000,28,0,0.076
C-05141,0.063,0.3333,0.021,-0.0526,0.6667,0,0.0043,0.00927,7e-05,2.5,0,810000,72,0,0.061
C-05142,0.1076,0.0,0.0,0.0646,0.25,0,0.0235,0.011,0.0018,0.5,0,111500,48,0,0.031
C-05143,0.1124,0.0,0.0,-0.0509,0.0,0,0.0334,0.01097,0.00177,1.0,0,253500,55,0,0.025
C-05144,0.1179,0.0,0.0,-0.0957,0.6114,0,-0.016,0.00836,-0.00084,1.7,0,1408000,66,0,0.052
C-05145,0.0635,0.0,0.0,0.0508,0.0,0,0.0294,0.011,0.0018,0.3,1,94500,34,1,0.053
C-05146,0.113,0.0,0.0,0.0748,0.3846,0,-0.0115,0.011,0.0018,6,1,57500,28,0,0.036
C-05147,0.2109,0.4815,0.1016,-0.1172,0.6667,0,0.0044,0.011,0.0018,0.5,0,64000,75,0,0.005
C-05148,0.2512,0.2998,0.0753,-0.2446,0.5651,0,0.0203,0.00812,-0.00108,1.2,1,1620000,66,0,0.097
C-05149,0.1582,0.0,0.0,-0.1582,0.2615,1,0.0077,0.011,0.0018,5.5,0,205500,74,0,0.0
C-05150,0.0652,0.0,0.0,0.1957,0.3333,0,0.0043,0.011,0.0018,12.0,1,46000,34,0,0.013
C-05151,0.0747,0.0,0.0,-0.0494,0.5101,0,0.0134,0.00913,-7e-05,0.8,1,997000,63,0,0.08
C-05152,0.1773,0.2667,0.0473,-0.1631,0.2833,0,0.006,0.00942,0.00022,4.6,1,677000,51,0,0.066
C-05153,0.1428,0.0,0.0,-0.1428,0.5208,1,0.0087,0.00924,4e-05,6.5,0,840500,42,0,0.025
C-05154,0.1161,0.0,0.0,-0.0944,0.5974,0,0.001,0.01039,0.00119,0.5,1,331500,65,0,0.044
C-05155,0.0849,0.3687,0.0313,-0.0747,0.5307,0,0.0062,0.00899,-0.00021,4.6,0,1054000,73,0,0.058
C-05156,0.0647,0.0,0.0,-0.0647,0.0,1,-0.0091,0.0094,0.0002,4,0,695000,26,0,0.044
C-05157,0.1488,0.4565,0.0679,-0.1488,0.779,1,0.0097,0.00917,-3e-05,3.5,0,927500,47,1,0.528
C-05158,0.1169,0.0,0.0,-0.1091,0.4673,0,0.0064,0.00746,-0.00174,14.1,0,2745000,51,0,0.0
C-05159,0.0743,0.0,0.0,-0.052,0.7273,0,0.046,0.00955,0.00035,3.2,0,592500,73,1,0.478
C-05160,0.1569,0.0,0.0,-0.1371,0.3632,0,-0.0021,0.00953,0.00033,3.6,0,605500,59,0,0.016
C-05161,0.0203,0.0,0.0,0.0018,0.6364,0,0.0035,0.00927,7e-05,8.2,0,814500,67,0,0.071
C-05162,0.3351,0.3525,0.1181,-0.3319,0.7495,0,0.0422,0.00589,-0.00331,13.9,1,7988000,53,1,0.285
C-05163,0.044,0.0,0.0,-0.0356,0.6139,0,0.0368,0.00879,-0.00041,4.9,0,1148500,38,0,0.031
C-05164,0.2045,0.2982,0.061,-0.2045,0.1696,1,0.0513,0.00859,-0.00061,13,1,1254500,35,0,0.069
C-05165,0.0774,0.0,0.0,-0.0399,0.6915,0,-0.0067,0.00953,0.00033,10.3,1,607000,40,0,0.015
C-05166,0.2953,0.3207,0.0947,-0.2873,0.2003,0,0.0514,0.00775,-0.00145,4.8,0,2096000,51,0,0.005
C-05167,0.1321,0.0,0.0,0.0408,0.6591,0,-0.0112,0.011,0.0018,4.3,1,166500,72,0,0.04
C-05168,0.0947,0.0,0.0,0.2337,0.6667,0,-0.0114,0.011,0.0018,3.7,0,47500,65,0,0.035
C-05169,0.1359,0.0,0.0,-0.1202,0.5836,0,-0.0046,0.00913,-7e-05,12.2,0,989500,61,0,0.058
C-05170,0.1963,0.0,0.0,-0.1514,0.1429,0,0.0094,0.011,0.0018,2.4,0,107000,71,0,0.013
C-05171,0.4937,0.6667,0.3291,-0.4329,0.8462,0,0.0428,0.011,0.0018,6.6,0,79000,68,1,0.448
C-05172,0.0506,0.0,0.0,0.0978,0.0,0,0.0429,0.011,0.0018,2.0,1,89000,27,0,0.033
C-05173,0.1535,0.0,0.0,-0.1089,0.5275,0,-0.007,0.01061,0.00141,15.3,0,296500,67,0,0.066
C-05174,0.1204,0.0,0.0,-0.0759,0.5385,0,-0.0061,0.011,0.0018,14.6,0,162000,37,0,0.076
C-05175,0.0717,0.0,0.0,-0.0179,1.0,0,0.0038,0.011,0.0018,18.2,0,111500,68,0,0.021
C-05176,0.1319,0.0,0.0,-0.1319,0.3226,1,-0.0161,0.00983,0.00063,2.4,1,470000,44,0,0.066
C-05177,0.0992,0.4861,0.0482,-0.0992,0.4861,1,-0.0063,0.01022,0.00102,0.3,0,363000,61,1,0.615
C-05178,0.1046,0.0,0.0,-0.0042,0.44,0,0.0025,0.011,0.0018,7.6,0,119500,41,0,0.094
C-05179,0.1749,0.2731,0.0478,-0.1671,0.6343,0,0.0077,0.00951,0.00031,4.9,0,617500,48,0,0.006
C-05180,0.1159,0.0,0.0,0.0305,0.0,0,-0.002,0.011,0.0018,4.1,0,82000,64,0,0.046
C-05181,0.1808,0.0,0.0,-0.1808,0.3208,1,-0.0022,0.00915,-5e-05,1.8,0,957000,62,0,0.028
C-05182,0.1406,0.0,0.0,-0.1292,0.0743,0,-0.0231,0.00899,-0.00021,7.9,0,1053000,47,0,0.0
C-05183,0.1529,0.0,0.0,-0.1405,0.4595,0,0.0161,0.011,0.0018,1.1,1,121000,67,0,0.039
C-05184,0.0151,0.0,0.0,0.0314,0.2857,0,0.007,0.011,0.0018,4.5,0,232500,41,0,0.0
C-05185,0.1533,0.0,0.0,-0.1372,0.1009,0,0.0023,0.00934,0.00014,5.7,0,743500,74,0,0.019
C-05186,0.2753,0.656,0.1806,-0.2383,0.744,0,0.0462,0.011,0.0018,6.8,0,227000,66,1,0.421
C-05187,0.0885,0.0,0.0,-0.0135,0.1471,0,0.0153,0.011,0.0018,5.1,0,192000,42,0,0.016
C-05188,0.0396,0.0,0.0,0.0151,0.0,0,-0.0071,0.01,0.0008,4.1,1,417000,47,0,0.0
C-05189,0.1855,0.5455,0.1012,-0.1624,0.5455,0,0.0093,0.011,0.0018,11.7,0,207500,65,0,0.01
C-05190,0.1358,0.0,0.0,-0.0706,0.1273,0,-0.0087,0.011,0.0018,17,0,202500,39,0,0.013
C-05191,0.0545,0.0,0.0,-0.0545,0.875,1,-0.0001,0.00972,0.00052,5.0,1,514000,66,0,0.023
C-05192,0.0662,0.0,0.0,0.0019,0.3095,0,0.0066,0.01047,0.00127,15.1,0,317000,57,0,0.058
C-05193,0.0536,0.0,0.0,-0.0327,0.4212,0,0.0158,0.00619,-0.00301,0.3,0,5984000,63,0,0.039
C-05194,0.226,0.2201,0.0497,-0.1774,0.0,0,-0.0002,0.00955,0.00035,0.3,0,593000,35,0,0.057
C-05195,0.1588,0.0,0.0,-0.15,0.6045,0,-0.0043,0.00694,-0.00226,3.5,1,3676500,47,0,0.06
C-05196,0.2389,0.5463,0.1305,-0.2071,0.6111,0,0.0167,0.011,0.0018,1.3,0,226000,72,1,0.484
C-05197,0.0378,0.0,0.0,-0.037,0.0,0,0.0318,0.00653,-0.00267,6.4,0,4671500,71,0,0.049
C-05198,0.1888,0.2963,0.0559,-0.0713,0.4815,0,-0.0124,0.011,0.0018,1.9,0,71500,28,0,0.038
C-05199,0.148,0.0,0.0,-0.113,0.3731,0,0.0004,0.00946,0.00026,21.1,0,652000,48,0,0.035
C-05200,0.0609,0.0,0.0,-0.0609,0.0,1,0.0133,0.00942,0.00022,0.7,0,682000,57,0,0.014
C-05201,0.0987,0.0,0.0,-0.0438,0.0,0,0.0002,0.01029,0.00109,5,0,349500,27,0,0.036
C-05202,0.0567,0.0,0.0,0.0003,0.5074,0,0.0014,0.00869,-0.00051,16.2,0,1199000,63,0,0.0
C-05203,0.1009,0.0,0.0,-0.097,0.4372,0,0.013,0.00919,-1e-05,2.9,1,906500,45,0,0.067
C-05204,0.2377,0.3626,0.0862,-0.2272,0.864,0,0.0021,0.00827,-0.00093,5.2,1,1485000,67,0,0.062
C-05205,0.0352,0.0,0.0,-0.0251,0.0,0,-0.0137,0.00955,0.00035,28.8,0,597000,68,0,0.027
C-05206,0.1677,0.0,0.0,-0.1413,0.5568,0,0.0254,0.00715,-0.00205,2.4,0,3308500,37,0,0.012
C-05207,0.2277,0.6456,0.147,-0.1447,0.6456,0,0.0127,0.011,0.0018,2.6,1,173500,60,0,0.006
C-05208,0.08,0.0,0.0,-0.0359,0.2703,0,-0.0168,0.00918,-2e-05,1.3,0,925000,54,0,0.0
C-05209,0.2485,0.3415,0.0848,0.1297,0.3415,0,0.028,0.011,0.0018,9.0,1,82500,49,0,0.06
C-05210,0.1688,0.0,0.0,-0.0083,0.2642,0,0.0059,0.011,0.0018,6.8,0,157000,42,0,0.0
C-05211,0.0458,0.0,0.0,-0.0362,0.693,0,0.0137,0.00861,-0.00059,12.0,1,1244500,43,0,0.079
C-05212,0.1097,0.0,0.0,-0.1097,0.1732,1,0.011,0.00927,7e-05,8.4,0,816000,53,1,0.173
C-05213,0.0745,0.0,0.0,-0.0489,0.0,0,-0.0018,0.00998,0.00078,2.2,0,423000,53,0,0.057
C-05214,0.0907,0.0,0.0,-0.0678,0.5,0,0.0499,0.011,0.0018,3.9,0,209500,73,0,0.035
C-05215,0.1771,0.7456,0.132,-0.1771,0.7751,1,0.0461,0.00915,-5e-05,6.2,1,954500,67,0,0.031
C-05216,0.1203,0.0,0.0,-0.1203,0.3333,1,-0.0064,0.011,0.0018,1.8,0,187000,69,0,0.063
C-05217,0.0678,0.0,0.0,-0.0548,0.45,0,0.0301,0.00828,-0.00092,3.9,1,1475500,41,0,0.037
C-05218,0.068,0.0,0.0,-0.068,0.4783,1,-0.0022,0.011,0.0018,0.5,0,169000,42,0,0.103
C-05219,0.1148,0.0,0.0,-0.0282,0.7857,0,-0.0163,0.01055,0.00135,12.1,1,305000,74,0,0.0
C-05220,0.0986,0.6098,0.0601,-0.0986,0.0976,1,0.0141,0.011,0.0018,3.1,0,208000,35,1,0.419
C-05221,0.117,0.0,0.0,0.1638,0.3636,0,0.0396,0.011,0.0018,6.0,0,47000,46,0,0.046
C-05222,0.0609,0.0,0.0,-0.0609,0.4571,1,-0.0043,0.00878,-0.00042,2.9,0,1149500,75,0,0.034
C-05223,0.1224,0.0,0.0,0.0245,0.5,0,0.0134,0.011,0.0018,7.3,0,49000,41,0,0.016
C-05224,0.0184,0.0,0.0,-0.0184,0.0,1,0.05,0.01059,0.00139,1.3,0,298500,45,0,0.0
C-05225,0.0834,0.0,0.0,-0.0645,0.4434,0,0.013,0.00948,0.00028,10.9,0,635500,60,0,0.047
C-05226,0.0629,0.0,0.0,-0.0629,0.5357,1,-0.0025,0.011,0.0018,7.7,0,222500,31,0,0.034
C-05227,0.0448,0.0,0.0,-0.0233,0.88,0,-0.0079,0.01074,0.00154,7.5,0,279000,47,0,0.068
C-05228,0.1082,0.0,0.0,-0.1082,0.8992,1,0.0085,0.00955,0.00035,9.1,0,596000,67,0,0.104
C-05229,0.0954,0.0,0.0,-0.0603,0.8387,0,0.0052,0.00946,0.00026,1.4,0,650000,55,0,0.0
C-05230,0.1419,0.0,0.0,-0.1409,0.1188,0,0.0336,0.0066,-0.0026,3.6,0,4449000,70,0,0.017
C-05231,0.1383,0.0,0.0,-0.1383,0.6923,1,0.0065,0.011,0.0018,0.6,1,47000,26,0,0.064
C-05232,0.1877,0.0,0.0,-0.1406,0.709,0,0.0052,0.01025,0.00105,15.5,0,357000,49,0,0.057
C-05233,0.0576,0.0,0.0,0.0115,0.125,0,0.0192,0.011,0.0018,11,0,69500,33,0,0.07
C-05234,0.1368,0.0,0.0,-0.1253,0.5164,0,0.0488,0.00728,-0.00192,10.4,0,3128500,54,0,0.056
C-05235,0.2829,0.5767,0.1632,-0.2829,0.1587,1,0.0455,0.01037,0.00117,9.8,0,334000,47,0,0.04
C-05236,0.1241,0.0,0.0,-0.111,0.5495,0,-0.005,0.00829,-0.00091,10.6,0,1466500,62,0,0.042
C-05237,0.0868,0.6386,0.0554,-0.0868,0.8434,1,0.0534,0.00981,0.00061,0.3,0,478000,28,0,0.068
C-05238,0.0875,0.3214,0.0281,0.0475,0.2143,0,-0.0168,0.011,0.0018,3,0,160000,25,0,0.047
C-05239,0.0661,0.0,0.0,-0.0556,0.2149,0,0.0175,0.00918,-2e-05,3.8,1,915500,46,0,0.019
C-05240,0.2066,0.7359,0.152,-0.1786,0.0,0,0.0383,0.00916,-4e-05,16,0,944000,38,1,0.371
C-05241,0.162,0.0,0.0,-0.1583,0.7295,0,-0.0028,0.00766,-0.00154,0.3,0,2259500,63,0,0.026
C-05242,0.2035,0.5761,0.1173,-0.2035,0.0,1,0.0126,0.011,0.0018,3,1,226000,25,0,0.069
C-05243,0.063,0.0,0.0,-0.063,0.375,1,-0.0031,0.011,0.0018,2.1,0,63500,42,0,0.075
C-05244,0.0609,0.0,0.0,-0.0326,1.0,0,-0.0113,0.00973,0.00053,6.9,1,509000,72,0,0.037
C-05245,0.3719,0.6079,0.2261,-0.3571,0.301,0,0.0454,0.00918,-2e-05,0.6,1,915500,63,1,0.483
C-05246,0.1242,0.0,0.0,-0.0363,0.8197,0,-0.0044,0.011,0.0018,1.7,0,245500,34,0,0.0
C-05247,0.4304,0.9002,0.3874,-0.4304,0.0,1,0.0456,0.00943,0.00023,1.8,1,675000,57,1,0.651
C-05248,0.1852,0.0,0.0,0.0561,0.5429,0,-0.0101,0.0107,0.0015,11.2,1,283500,55,0,0.0
C-05249,0.1038,0.0,0.0,-0.1038,0.6893,1,0.0102,0.00976,0.00056,0.3,1,496000,48,1,0.055
C-05250,0.0729,0.0,0.0,0.102,0.0,0,0.0024,0.011,0.0018,3.5,0,199000,54,0,0.022
C-05251,0.1363,0.0,0.0,-0.129,0.1493,0,-0.0116,0.00977,0.00057,1.7,1,491500,73,0,0.026
C-05252,0.1393,0.0,0.0,-0.1148,0.3824,0,-0.0011,0.011,0.0018,1.1,1,244000,70,0,0.003
C-05253,0.2531,0.4854,0.1229,-0.1528,0.1262,0,0.0458,0.011,0.0018,3.9,0,203500,67,0,0.041
C-05254,0.0534,0.0,0.0,0.0189,0.5128,0,0.0073,0.01021,0.00101,2.2,1,365500,40,0,0.014
C-05255,0.2189,0.2016,0.0441,-0.1627,0.2346,0,-0.0059,0.00963,0.00043,3.4,0,555000,52,0,0.032
C-05256,0.1022,0.0,0.0,-0.0607,0.0,0,-0.0006,0.01047,0.00127,19.1,0,318000,62,0,0.082
C-05257,0.0737,0.0,0.0,-0.0685,1.0,0,0.0509,0.00918,-2e-05,3.6,0,922500,71,0,0.04
C-05258,0.1347,0.0,0.0,-0.1332,0.7121,0,-0.0055,0.00609,-0.00311,1.5,0,6565000,50,0,0.051
C-05259,0.2551,0.2606,0.0665,-0.2551,0.7074,1,-0.0035,0.0102,0.001,3.2,0,368500,58,0,0.05
C-05260,0.2473,0.4532,0.1121,-0.221,0.6798,0,0.0079,0.01002,0.00082,3.1,1,410500,70,0,0.073
C-05261,0.2018,0.0,0.0,-0.2018,0.4074,1,0.036,0.00954,0.00034,1.0,1,602000,51,1,0.329
C-05262,0.1828,0.1176,0.0215,-0.0538,0.3529,0,0.0021,0.011,0.0018,3.0,0,46500,33,0,0.03
C-05263,0.3531,0.8468,0.299,-0.3531,0.2543,1,0.048,0.00978,0.00058,1.6,1,490000,46,1,0.565
C-05264,0.0874,0.0,0.0,0.0306,0.25,0,-0.0256,0.011,0.0018,5,0,91500,27,0,0.0
C-05265,0.0495,0.0,0.0,-0.016,0.6667,0,-0.0063,0.00929,9e-05,14.5,1,788500,47,0,0.101
C-05266,0.053,0.0,0.0,-0.053,0.0,1,0.0405,0.00748,-0.00172,3.8,0,2677000,39,0,0.02
C-05267,0.0591,0.0,0.0,-0.0591,0.0,1,-0.0095,0.011,0.0018,2.8,1,211500,28,0,0.119
C-05268,0.2056,0.348,0.0716,-0.1935,0.8015,0,-0.0086,0.00913,-7e-05,0.5,1,992000,28,0,0.0
C-05269,0.1956,0.0,0.0,-0.1316,0.0,0,-0.0016,0.011,0.0018,2.2,0,225000,51,0,0.084
C-05270,0.0892,0.0,0.0,-0.0892,0.9456,1,0.0484,0.00809,-0.00111,0.4,0,1648500,44,0,0.059
C-05271,0.0415,0.0,0.0,-0.0415,0.8571,1,-0.018,0.00798,-0.00122,1.4,0,1773000,61,0,0.004
C-05272,0.1456,0.0,0.0,0.3557,0.3478,0,-0.0024,0.011,0.0018,0.3,1,79000,54,0,0.002
C-05273,0.2222,0.2333,0.0519,-0.1156,0.6,0,0.0025,0.011,0.0018,0.3,1,67500,34,0,0.064
C-05274,0.029,0.0,0.0,0.0356,0.8571,0,-0.0091,0.011,0.0018,1.7,0,241500,55,0,0.059
C-05275,0.0863,0.0,0.0,-0.0532,0.4686,0,-0.0038,0.00909,-0.00011,7.0,1,1013500,53,0,0.058
C-05276,0.0856,0.0,0.0,-0.0856,0.5257,1,0.0183,0.00907,-0.00013,17.5,0,1022000,44,0,0.009
C-05277,0.0701,0.0,0.0,-0.0701,0.1364,1,0.0137,0.011,0.0018,0.3,1,157000,36,0,0.078
C-05278,0.252,0.0,0.0,-0.2398,0.4404,0,-0.015,0.00799,-0.00121,11.2,0,1766000,61,0,0.053
C-05279,0.1036,0.0,0.0,-0.0462,0.3846,0,0.0003,0.011,0.0018,15.6,0,125500,55,0,0.059
C-05280,0.289,0.5726,0.1655,-0.1492,0.7097,0,0.0465,0.011,0.0018,6.3,0,214500,48,0,0.001
C-05281,0.1398,0.6154,0.086,0.2989,0.6923,0,0.0108,0.011,0.0018,3,1,46500,25,0,0.01
C-05282,0.0968,0.0,0.0,-0.0083,0.254,0,0.0501,0.01042,0.00122,3.0,0,325500,34,0,0.066
C-05283,0.0596,0.0,0.0,-0.0292,0.0,0,-0.0101,0.01076,0.00156,6.2,0,277000,48,0,0.076
C-05284,0.1776,0.0,0.0,-0.1436,0.587,0,-0.0048,0.01011,0.00091,4.0,1,388500,38,0,0.029
C-05285,0.1295,0.0,0.0,-0.1058,0.7373,0,0.0068,0.00987,0.00067,0.8,1,455500,71,0,0.022
C-05286,0.1301,0.0,0.0,-0.0689,0.5686,0,0.0095,0.011,0.0018,7.6,0,196000,62,0,0.027
C-05287,0.1654,0.2963,0.049,-0.1423,0.7249,0,0.0128,0.00959,0.00039,0.3,1,571500,28,0,0.02
C-05288,0.1495,0.0,0.0,-0.1332,0.0,0,0.0372,0.011,0.0018,10,0,214000,32,0,0.082
C-05289,0.0588,0.0,0.0,-0.0588,0.7,1,0.0188,0.011,0.0018,1.0,1,85000,25,0,0.026
C-05290,0.0808,0.0,0.0,0.084,0.8,0,-0.0117,0.011,0.0018,0.3,1,247500,32,0,0.033
C-05291,0.1402,0.2973,0.0417,-0.0856,0.0,0,-0.0138,0.011,0.0018,2.5,0,132000,41,0,0.027
C-05292,0.1908,0.6552,0.125,-0.1276,0.3448,0,0.0147,0.011,0.0018,0.3,0,76000,31,0,0.061
C-05293,0.1355,0.0,0.0,-0.109,0.6953,0,-0.0081,0.00923,3e-05,0.7,0,860000,50,0,0.007
C-05294,0.1321,0.0,0.0,-0.0207,0.1622,0,0.0084,0.011,0.0018,0.5,1,140000,48,0,0.075
C-05295,0.1359,0.0,0.0,-0.128,0.6117,0,-0.001,0.00932,0.00012,14.0,0,758000,57,0,0.014
C-05296,0.1023,0.0,0.0,-0.0886,0.5,0,-0.009,0.01028,0.00108,15.7,1,352000,73,0,0.013
C-05297,0.1966,0.0,0.0,-0.1497,0.441,0,-0.0006,0.01003,0.00083,0.5,0,409500,69,0,0.033
C-05298,0.4105,0.8462,0.3474,-0.4105,0.8718,1,0.0537,0.011,0.0018,1.2,0,47500,71,1,0.463
C-05299,0.1818,0.0,0.0,-0.1818,0.5833,1,0.0078,0.011,0.0018,2.9,0,99000,27,0,0.055
C-05300,0.0938,0.0,0.0,-0.0938,0.0566,1,0.0298,0.00882,-0.00038,4.1,0,1130000,48,0,0.067
C-05301,0.174,0.3262,0.0568,-0.1579,0.3691,0,-0.0102,0.00943,0.00023,3.3,0,669500,63,0,0.038
C-05302,0.1473,0.0,0.0,-0.0921,0.0703,0,-0.0017,0.00994,0.00074,1.6,0,434500,45,0,0.059
C-05303,0.1267,0.0,0.0,-0.1267,0.1786,1,0.0098,0.011,0.0018,7.1,0,110500,48,1,0.348
C-05304,0.1753,0.0,0.0,-0.1753,0.2353,1,0.0492,0.011,0.0018,5,0,48500,27,1,0.362
C-05305,0.1434,0.0,0.0,-0.1434,0.7387,1,0.0386,0.01011,0.00091,0.8,0,387000,38,0,0.0
C-05306,0.0402,0.0,0.0,0.067,1.0,0,-0.0035,0.011,0.0018,3.4,0,112000,30,0,0.051
C-05307,0.1594,0.1989,0.0317,-0.1156,0.5477,0,-0.0086,0.00878,-0.00042,0.3,0,1151000,45,0,0.019
C-05308,0.0649,0.0,0.0,-0.0649,0.4947,1,0.0034,0.00935,0.00015,6.9,1,731500,37,0,0.021
C-05309,0.1638,0.0,0.0,-0.1458,0.4706,0,0.016,0.00984,0.00064,6.0,0,467000,66,0,0.0
C-05310,0.1333,0.0,0.0,-0.1333,0.3125,1,0.0111,0.011,0.0018,4.5,0,60000,40,0,0.064
C-05311,0.0885,0.0,0.0,-0.078,0.5811,0,-0.0047,0.00825,-0.00095,11.1,0,1498000,61,0,0.006
C-05312,0.0815,0.0,0.0,-0.0343,0.3793,0,-0.0084,0.011,0.0018,1.0,0,178000,35,0,0.069
C-05313,0.0949,0.0,0.0,-0.0703,0.2027,0,-0.0064,0.0093,0.0001,4.1,0,779500,64,0,0.024
C-05314,0.1258,0.4907,0.0617,-0.0227,0.6211,0,0.0478,0.00948,0.00028,0.4,0,640000,56,0,0.081
C-05315,0.1339,0.0,0.0,-0.1339,0.6316,1,-0.0215,0.00918,-2e-05,4.9,0,922500,69,0,0.098
C-05316,0.1222,0.0,0.0,-0.1222,0.3234,1,0.0062,0.00842,-0.00078,1.8,1,1367000,58,0,0.054
C-05317,0.0482,0.0,0.0,-0.042,0.5826,0,-0.021,0.00692,-0.00228,0.6,1,3705000,63,0,0.065
C-05318,0.1158,0.2727,0.0316,0.0611,0.2727,0,-0.0115,0.011,0.0018,0.3,0,47500,45,0,0.062
C-05319,0.078,0.0,0.0,0.2794,1.0,0,0.004,0.011,0.0018,0.5,1,70500,40,0,0.067
C-05320,0.1197,0.0,0.0,-0.1197,0.4286,1,0.039,0.01014,0.00094,7.8,0,380000,72,0,0.0
C-05321,0.1767,0.0,0.0,-0.1545,0.5261,0,0.0243,0.00932,0.00012,7.4,0,758500,48,0,0.071
C-05322,0.1474,0.0,0.0,0.1558,0.3571,0,-0.0051,0.011,0.0018,1.0,1,47500,38,0,0.0
C-05323,0.0589,0.0,0.0,-0.0493,0.2715,0,0.0148,0.0079,-0.0013,4.8,0,1877000,66,0,0.118
C-05324,0.0912,0.0,0.0,-0.0838,0.7797,0,0.005,0.01043,0.00123,3.5,0,323500,73,0,0.036
C-05325,0.19,0.0,0.0,-0.1762,0.3362,0,0.0036,0.00952,0.00032,1.7,0,610500,75,0,0.025
C-05326,0.0647,0.0,0.0,0.0259,0.2917,0,0.0122,0.011,0.0018,0.3,0,185500,67,0,0.047
C-05327,0.0734,0.3846,0.0282,-0.0734,0.2308,1,-0.0032,0.011,0.0018,5.0,0,88500,53,0,0.015
C-05328,0.1782,0.0,0.0,-0.1782,0.5714,1,-0.0099,0.01077,0.00157,10.0,1,275000,56,0,0.065
C-05329,0.1131,0.2655,0.03,-0.1131,0.2655,1,-0.0152,0.00866,-0.00054,1.9,0,1215500,47,0,0.029
C-05330,0.1249,0.0,0.0,-0.0792,0.2381,0,-0.0061,0.00999,0.00079,9.2,0,420500,60,0,0.0
C-05331,0.1144,0.0,0.0,-0.099,0.7273,0,-0.0168,0.0095,0.0003,2.4,0,625000,64,0,0.011
C-05332,0.0296,0.0,0.0,0.0698,0.0,0,0.0015,0.011,0.0018,0.4,1,84500,27,0,0.067
C-05333,0.0533,0.0,0.0,-0.0533,0.6923,1,0.0043,0.011,0.0018,2.9,0,122000,45,0,0.031
C-05334,0.1875,0.381,0.0714,-0.0589,0.3333,0,0.0151,0.011,0.0018,3.7,0,56000,39,0,0.026
C-05335,0.1564,0.4079,0.0638,-0.107,0.6184,0,0.0303,0.011,0.0018,0.5,0,243000,50,1,0.404
C-05336,0.2682,0.4857,0.1303,-0.2682,0.5143,1,0.0441,0.011,0.0018,1.1,1,130500,72,1,0.375
C-05337,0.1383,0.0,0.0,0.117,0.2308,0,0.0076,0.011,0.0018,0.6,0,47000,32,0,0.032
C-05338,0.1821,0.2094,0.0381,-0.1584,0.1805,0,0.0114,0.00932,0.00012,8.3,0,760500,58,0,0.0
C-05339,0.1279,0.5596,0.0716,-0.1279,0.0,1,0.0011,0.00997,0.00077,1.8,1,426000,55,0,0.019
C-05340,0.0329,0.0,0.0,-0.0329,0.0,1,0.0036,0.0077,-0.0015,0.7,0,2189000,69,0,0.007
C-05341,0.1126,0.2041,0.023,-0.1126,0.4082,1,-0.0083,0.011,0.0018,19.8,1,217500,60,0,0.037
C-05342,0.1354,0.0,0.0,-0.1354,0.3617,1,0.0255,0.011,0.0018,5.0,0,173500,47,0,0.042
C-05343,0.1682,0.0,0.0,-0.0691,0.8,0,0.0138,0.01041,0.00121,2.4,0,327000,35,0,0.006
C-05344,0.3005,0.6,0.1803,-0.153,0.0545,0,0.0241,0.011,0.0018,12.0,1,91500,58,1,0.707
C-05345,0.1716,0.0,0.0,-0.1716,0.6456,1,0.0545,0.00986,0.00066,3.5,0,460500,71,0,0.031
C-05346,0.1961,0.0,0.0,-0.1961,0.2424,1,-0.0047,0.01036,0.00116,6.6,1,336500,67,0,0.042
C-05347,0.1429,0.0,0.0,-0.0824,0.0,0,0.0014,0.0106,0.0014,3.6,1,297500,57,0,0.049
C-05348,0.1266,0.0,0.0,-0.1266,0.2647,1,0.0182,0.01005,0.00085,1.4,1,403000,56,0,0.036
C-05349,0.0637,0.0,0.0,0.0127,0.1333,0,0.0033,0.011,0.0018,7,0,235500,29,0,0.0
C-05350,0.0529,0.0,0.0,-0.0464,0.0,0,0.0055,0.00917,-3e-05,5.9,0,927000,56,0,0.0
C-05351,0.1603,0.0,0.0,-0.0782,0.52,0,0.0365,0.011,0.0018,5.6,0,234000,36,0,0.043
C-05352,0.3775,0.6889,0.2601,-0.3775,0.5333,1,0.0348,0.0106,0.0014,18.2,0,298000,74,1,0.742
C-05353,0.0852,0.0,0.0,-0.0693,0.4667,0,0.0083,0.00968,0.00048,12.9,0,528000,69,0,0.004
C-05354,0.1136,0.0,0.0,-0.0513,0.8486,0,0.0461,0.0082,-0.001,4.3,0,1540000,45,0,0.054
C-05355,0.1752,0.0,0.0,-0.1752,0.4091,1,0.0324,0.00992,0.00072,21.9,1,439500,68,0,0.035
C-05356,0.1496,0.0,0.0,-0.1325,0.3651,0,-0.0129,0.011,0.0018,1.1,0,210500,74,0,0.067
C-05357,0.0301,0.0,0.0,-0.0301,0.1489,1,-0.0025,0.0093,0.0001,5.7,1,782000,28,0,0.075
C-05358,0.2515,0.4811,0.121,-0.2287,0.0755,0,0.002,0.00998,0.00078,10.1,1,421500,54,0,0.079
C-05359,0.1494,0.0,0.0,-0.1414,0.3788,0,-0.0188,0.00664,-0.00256,0.3,0,4347500,62,0,0.096
C-05360,0.0976,0.0,0.0,-0.0976,0.8462,1,0.0078,0.00984,0.00064,2.5,1,466000,69,0,0.03
C-05361,0.1777,0.0,0.0,-0.1777,0.5255,1,0.0105,0.00937,0.00017,6,0,717500,28,0,0.052
C-05362,0.1839,0.8223,0.1512,-0.1013,0.0,0,0.0278,0.00879,-0.00041,1.2,1,1147500,60,1,0.524
C-05363,0.1756,0.133,0.0234,-0.1548,0.6404,0,-0.0113,0.00958,0.00038,3.2,0,578000,71,0,0.06
C-05364,0.1078,0.0,0.0,-0.1033,0.1314,0,0.0509,0.00927,7e-05,6.6,0,812000,62,1,0.27
C-05365,0.062,0.0,0.0,-0.062,0.75,1,0.0523,0.011,0.0018,3.6,1,64500,48,1,0.32
C-05366,0.1515,0.3498,0.053,-0.0978,0.399,0,-0.0197,0.00943,0.00023,9.3,0,670000,59,0,0.055
C-05367,0.0979,0.0,0.0,-0.0706,0.0,0,-0.0017,0.01027,0.00107,0.5,0,352500,41,0,0.046
C-05368,0.2891,0.5225,0.151,-0.2016,0.7928,0,0.0261,0.011,0.0018,1.7,0,192000,49,0,0.043
C-05369,0.0437,0.0,0.0,0.1363,1.0,0,0.0101,0.011,0.0018,11.9,0,80000,41,0,0.042
C-05370,0.2161,0.3175,0.0686,-0.1479,0.5657,0,0.0048,0.00949,0.00029,3.0,0,634000,55,0,0.059
C-05371,0.1621,0.6197,0.1004,-0.1439,1.0,0,0.0538,0.00707,-0.00213,13.5,0,3440000,56,0,0.0
C-05372,0.1278,0.0,0.0,-0.1188,0.0,0,-0.0047,0.01085,0.00165,8.9,1,266000,70,0,0.101
C-05373,0.1056,0.0,0.0,-0.1056,0.0,1,-0.0277,0.01033,0.00113,5.7,0,341000,66,0,0.0
C-05374,0.1492,0.2239,0.0334,-0.0958,0.403,0,-0.0008,0.011,0.0018,2.8,0,224500,55,0,0.082
C-05375,0.2169,0.6481,0.1406,-0.2169,0.0309,1,0.0547,0.01017,0.00097,6.3,0,373500,41,0,0.036
C-05376,0.0398,0.0,0.0,-0.0398,0.0,1,-0.0024,0.011,0.0018,4.1,1,176000,42,1,0.478
C-05377,0.1041,0.0,0.0,-0.083,0.2694,0,0.0206,0.00834,-0.00086,2.1,0,1427000,37,0,0.039
C-05378,0.137,0.0,0.0,-0.0489,0.4865,0,0.0515,0.011,0.0018,4,0,135000,26,0,0.037
C-05379,0.0861,0.0,0.0,-0.0232,0.6522,0,0.0022,0.011,0.0018,12.5,0,133500,51,0,0.016
C-05380,0.0778,0.0,0.0,0.0389,0.25,0,-0.0102,0.01053,0.00133,25,1,308500,47,0,0.0
C-05381,0.094,0.0,0.0,-0.094,0.101,1,0.044,0.00816,-0.00104,7.4,0,1580000,71,0,0.088
C-05382,0.2271,0.2281,0.0518,-0.0837,0.7895,0,0.0061,0.011,0.0018,5,1,125500,27,0,0.022
C-05383,0.1073,0.0,0.0,-0.097,0.04,0,-0.0099,0.011,0.0018,7.3,0,233000,73,0,0.055
C-05384,0.1992,0.34,0.0677,-0.0558,0.48,0,-0.0031,0.011,0.0018,10.1,0,125500,43,0,0.045
C-05385,0.1145,0.0,0.0,-0.1145,0.1377,1,0.0189,0.00954,0.00034,5.2,0,602500,50,0,0.105
C-05386,0.0479,0.0,0.0,-0.0402,0.0,0,-0.0108,0.00819,-0.00101,14.9,0,1556500,38,0,0.027
C-05387,0.1922,0.2785,0.0535,-0.1221,0.0506,0,0.0028,0.011,0.0018,2.1,0,205500,42,0,0.08
C-05388,0.1474,0.0,0.0,-0.1474,0.2143,1,0.0347,0.011,0.0018,3.1,0,47500,26,0,0.072
C-05389,0.2298,0.5385,0.1237,-0.2298,0.1648,1,0.0026,0.011,0.0018,11.1,1,198000,47,1,0.902
C-05390,0.1114,0.0,0.0,-0.0876,0.3889,0,-0.0025,0.01005,0.00085,1.9,0,404000,29,0,0.017
C-05391,0.2514,0.3409,0.0857,-0.2514,0.2045,1,0.0043,0.011,0.0018,2.6,0,87500,41,1,0.356
C-05392,0.1155,0.0,0.0,-0.1079,0.8927,0,-0.0101,0.00726,-0.00194,0.3,0,3147500,54,0,0.053
C-05393,0.1752,0.1635,0.0286,-0.1065,0.1597,0,0.0054,0.00933,0.00013,4.2,1,750500,64,1,0.219
C-05394,0.1284,0.0,0.0,-0.0697,0.0,0,0.0027,0.011,0.0018,3,0,163500,25,0,0.03
C-05395,0.1144,0.0,0.0,-0.1078,0.4256,0,-0.0078,0.00858,-0.00062,1.8,0,1263000,67,0,0.037
C-05396,0.1087,0.0,0.0,-0.0644,0.6909,0,0.0023,0.00932,0.00012,6.4,0,759000,48,0,0.034
C-05397,0.0421,0.0,0.0,0.1347,0.25,0,0.0079,0.011,0.0018,3.8,0,47500,62,0,0.028
C-05398,0.1159,0.2286,0.0265,-0.0841,0.7571,0,-0.0003,0.01057,0.00137,6.6,1,302000,54,0,0.002
C-05399,0.0828,0.0,0.0,0.0331,0.3333,0,0.0289,0.011,0.0018,10,1,72500,32,0,0.0
C-05400,0.0806,0.0,0.0,-0.0639,0.2759,0,-0.0001,0.00937,0.00017,10.2,0,719500,72,0,0.05
C-05401,0.0407,0.0,0.0,-0.0407,0.7143,1,-0.0049,0.011,0.0018,5,0,86000,27,0,0.0
C-05402,0.1514,0.3396,0.0514,-0.0863,0.3774,0,0.006,0.01029,0.00109,2.1,0,350000,45,0,0.04
C-05403,0.0958,0.0,0.0,0.0096,0.3125,0,-0.0078,0.011,0.0018,1.5,1,250500,36,0,0.064
C-05404,0.117,0.0,0.0,0.3936,0.4545,0,0.0341,0.011,0.0018,0.6,0,47000,48,0,0.03
C-05405,0.1682,0.6304,0.106,0.0907,0.7609,0,0.003,0.01079,0.00159,0.3,1,273500,35,1,0.549
C-05406,0.1731,0.5185,0.0897,-0.0654,0.0,0,0.0162,0.011,0.0018,7.6,0,78000,62,0,0.04
C-05407,0.1282,0.0,0.0,0.0,1.0,0,0.0011,0.011,0.0018,9.2,0,234000,60,0,0.044
C-05408,0.1648,0.3365,0.0555,-0.1534,0.1058,0,0.0038,0.01048,0.00128,13.3,0,315500,39,0,0.042
C-05409,0.0483,0.0,0.0,-0.0483,0.4878,1,0.0144,0.00997,0.00077,4.5,0,424000,61,0,0.09
C-05410,0.0394,0.0,0.0,-0.0394,0.1176,1,0.037,0.00995,0.00075,30,0,432000,60,0,0.047
C-05411,0.0421,0.0,0.0,0.1853,0.0,0,0.0062,0.011,0.0018,4.3,1,47500,57,0,0.037
C-05412,0.096,0.0,0.0,-0.0851,0.0,0,-0.0072,0.01041,0.00121,6,0,328000,28,0,0.059
C-05413,0.1851,0.0,0.0,-0.1806,0.2031,0,0.0025,0.00759,-0.00161,4.7,0,2407000,69,1,0.128
C-05414,0.0425,0.0,0.0,-0.0425,0.6667,1,0.0145,0.01071,0.00151,6.2,0,282500,58,0,0.002
C-05415,0.2415,0.489,0.1181,-0.2415,0.239,1,0.0391,0.00933,0.00013,0.7,0,753500,74,0,0.025
C-05416,0.0979,0.0,0.0,-0.0442,1.0,0,-0.0147,0.01025,0.00105,7.8,0,357500,65,0,0.045
C-05417,0.0938,0.0,0.0,-0.0938,0.3333,1,-0.0162,0.011,0.0018,4.8,0,48000,28,0,0.045
C-05418,0.1068,0.0,0.0,-0.0541,0.0,0,-0.0215,0.00926,6e-05,3.7,0,819500,63,0,0.07
C-05419,0.0625,0.0,0.0,-0.0625,0.0,1,0.0507,0.011,0.0018,1.3,1,48000,25,0,0.0
C-05420,0.0944,0.0,0.0,-0.0833,0.1289,0,-0.0104,0.00823,-0.00097,5.2,1,1520500,40,0,0.035
C-05421,0.1234,0.0,0.0,-0.0793,0.2979,0,-0.0024,0.011,0.0018,7.1,0,190500,31,0,0.059
C-05422,0.1479,0.2381,0.0352,-0.0296,0.5714,0,0.022,0.011,0.0018,4.7,0,71000,34,0,0.0
C-05423,0.0615,0.0,0.0,-0.0615,0.1186,1,0.0547,0.0098,0.0006,2.8,1,480000,61,0,0.0
C-05424,0.0796,0.0,0.0,-0.0796,0.5227,1,-0.0134,0.01076,0.00156,1.2,0,276500,40,0,0.052
C-05425,0.1367,0.2635,0.036,-0.1251,0.7309,0,0.0075,0.00752,-0.00168,2.0,0,2582000,47,0,0.045
C-05426,0.0776,0.0,0.0,0.0047,0.5581,0,0.0141,0.01076,0.00156,30,1,277000,56,0,0.046
C-05427,0.0656,0.0,0.0,-0.0656,1.0,1,0.0051,0.00999,0.00079,0.8,0,419000,40,1,0.188
C-05428,0.1365,0.2593,0.0354,-0.1061,0.2593,0,-0.0232,0.00955,0.00035,10.4,0,593500,55,0,0.012
C-05429,0.1677,0.0,0.0,-0.1142,0.2832,0,0.0155,0.01035,0.00115,0.3,0,337000,45,0,0.044
C-05430,0.1271,0.0,0.0,-0.1213,0.3925,0,0.0274,0.00776,-0.00144,14.5,0,2085000,65,0,0.068
C-05431,0.2102,0.0,0.0,-0.1714,0.5495,0,-0.018,0.011,0.0018,2.2,0,216500,25,0,0.0
C-05432,0.0958,0.0,0.0,-0.0796,0.0,0,-0.0106,0.00811,-0.00109,7.8,0,1628500,46,0,0.03
C-05433,0.1336,0.0,0.0,-0.1109,0.0,0,-0.0175,0.00968,0.00048,8.4,0,527500,71,0,0.03
C-05434,0.1859,0.0,0.0,-0.1341,0.3226,0,-0.0121,0.00925,5e-05,2.1,0,834000,52,0,0.004
C-05435,0.1183,0.0,0.0,-0.1183,0.8065,1,0.0547,0.011,0.0018,3,0,131000,25,0,0.034
C-05436,0.1952,0.0,0.0,-0.0861,0.5753,0,-0.004,0.011,0.0018,12.1,0,187000,55,0,0.06
C-05437,0.1153,0.0,0.0,-0.1104,0.0,0,0.0297,0.00654,-0.00266,3.8,0,4613500,52,0,0.051
C-05438,0.1181,0.4194,0.0495,-0.1181,0.7903,1,-0.0056,0.01088,0.00168,4.1,0,262500,40,0,0.01
C-05439,0.0808,0.0,0.0,-0.0676,0.0,0,-0.0062,0.00988,0.00068,0.3,0,451500,74,0,0.029
C-05440,0.0737,0.0,0.0,0.4821,0.0,0,0.0268,0.011,0.0018,2.2,0,47500,44,0,0.059
C-05441,0.136,0.0,0.0,-0.136,0.3676,1,0.0089,0.011,0.0018,0.3,1,250000,48,1,0.381
C-05442,0.1183,0.0,0.0,-0.0961,0.4314,0,-0.014,0.011,0.0018,8.2,1,215500,65,0,0.003
C-05443,0.0927,0.5259,0.0487,-0.0927,0.0,1,-0.0281,0.0095,0.0003,6.4,0,626000,42,0,0.013
C-05444,0.2759,0.4722,0.1303,-0.2759,0.7083,1,0.0455,0.011,0.0018,0.3,0,130500,38,1,0.596
C-05445,0.0283,0.0,0.0,-0.0057,0.5758,0,0.0015,0.00957,0.00037,1.8,0,583000,59,0,0.066
C-05446,0.0733,0.0,0.0,0.1347,0.5455,0,0.0062,0.011,0.0018,4,0,75000,26,0,0.054
C-05447,0.1915,0.7037,0.1348,-0.166,0.7037,0,0.0386,0.00998,0.00078,14.4,0,423000,70,0,0.053
C-05448,0.1375,0.233,0.032,-0.1375,0.3495,1,0.0321,0.01017,0.00097,5.9,1,374500,73,0,0.097
C-05449,0.2571,0.8611,0.2214,-0.2571,0.7778,1,0.044,0.011,0.0018,1.2,0,70000,26,1,0.583
C-05450,0.0842,0.0,0.0,-0.0842,0.5806,1,0.0496,0.00963,0.00043,2.0,0,552000,47,0,0.01
C-05451,0.1042,0.2,0.0208,0.0208,0.6,0,0.0164,0.011,0.0018,2.8,0,48000,31,0,0.06
C-05452,0.0642,0.0,0.0,0.244,0.8571,0,0.0116,0.011,0.0018,7.5,0,54500,31,0,0.123
C-05453,0.2217,0.6159,0.1366,-0.2217,0.7781,1,0.0464,0.00942,0.00022,3.0,1,681000,52,1,0.785
C-05454,0.1383,0.7692,0.1064,-0.1383,0.8462,1,0.0147,0.011,0.0018,4.1,0,47000,73,1,0.821
C-05455,0.1523,0.0,0.0,-0.0987,0.3587,0,0.0338,0.00953,0.00033,1.3,1,604000,42,0,0.017
C-05456,0.1814,0.3244,0.0588,-0.1641,0.3244,0,0.0318,0.00762,-0.00158,4.1,1,2354000,52,0,0.0
C-05457,0.093,0.0,0.0,0.0361,0.4216,0,0.0064,0.00964,0.00044,0.4,0,548500,59,0,0.1
C-05458,0.1307,0.0,0.0,0.0575,0.4,0,0.006,0.011,0.0018,16.9,1,76500,40,0,0.011
C-05459,0.1855,0.0,0.0,-0.1787,0.7961,0,0.0021,0.00579,-0.00341,6.3,0,9030000,64,0,0.02
C-05460,0.1986,0.2289,0.0455,-0.1986,0.4975,1,0.0066,0.00974,0.00054,0.3,0,506000,74,0,0.043
C-05461,0.0637,0.0,0.0,-0.0577,0.6645,0,0.0072,0.0087,-0.0005,0.5,0,1193000,46,0,0.127
C-05462,0.117,0.3333,0.039,-0.117,0.7075,1,0.0523,0.0095,0.0003,8.8,0,628000,46,1,0.258
C-05463,0.1161,0.0,0.0,-0.092,0.625,0,-0.0093,0.0099,0.0007,1.3,0,448000,52,0,0.002
C-05464,0.0767,0.0,0.0,-0.0661,0.4291,0,-0.0038,0.00804,-0.00116,4.0,1,1701500,51,0,0.081
C-05465,0.11,0.0,0.0,-0.11,0.6364,1,0.0055,0.011,0.0018,4.2,1,50000,34,0,0.042
C-05466,0.1944,0.4524,0.088,-0.1944,0.1905,1,0.0545,0.011,0.0018,0.3,0,108000,75,1,0.519
C-05467,0.111,0.0,0.0,-0.0987,0.7888,0,0.0168,0.00791,-0.00129,3.9,1,1855500,40,0,0.025
C-05468,0.0286,0.0,0.0,0.1543,0.6667,0,-0.0041,0.011,0.0018,9,0,52500,31,0,0.041
C-05469,0.1918,0.2766,0.0531,-0.1527,1.0,0,-0.0233,0.011,0.0018,6,0,245000,28,0,0.009
C-05470,0.1633,0.4749,0.0776,-0.1442,0.1198,0,0.0041,0.00769,-0.00151,7.0,1,2198000,45,0,0.045
C-05471,0.1254,0.0,0.0,0.0638,0.6571,0,0.0,0.011,0.0018,17.1,1,139500,40,1,0.409
C-05472,0.1111,0.0,0.0,-0.0195,0.4646,0,0.0352,0.0099,0.0007,6.0,0,445500,38,0,0.059
C-05473,0.146,0.0,0.0,-0.0409,0.45,0,-0.0028,0.011,0.0018,10,0,68500,32,0,0.091
C-05474,0.1689,0.43,0.0726,-0.1689,0.74,1,-0.0055,0.01061,0.00141,15,1,296000,37,0,0.022
C-05475,0.125,0.4167,0.0521,-0.025,0.0,0,0.0053,0.011,0.0018,1.1,0,48000,26,0,0.053
C-05476,0.0357,0.0,0.0,-0.0357,0.4,1,-0.0071,0.011,0.0018,17,0,70000,39,0,0.0
C-05477,0.1135,0.0,0.0,-0.1087,0.5261,0,0.0034,0.00909,-0.00011,3.4,0,1013500,73,0,0.042
C-05478,0.1032,0.0,0.0,-0.1032,0.0,1,-0.009,0.00993,0.00073,5.2,1,436000,37,1,0.082
C-05479,0.1263,0.0,0.0,0.0505,0.25,0,-0.007,0.011,0.0018,1.9,1,95000,37,0,0.065
C-05480,0.1185,0.0,0.0,-0.1105,0.6713,0,-0.0054,0.00954,0.00034,4.1,1,603500,67,0,0.045
C-05481,0.08,0.0,0.0,0.0386,0.5556,0,-0.0043,0.00919,-1e-05,11.2,1,900500,55,0,0.025
C-05482,0.3871,0.8056,0.3118,-0.2065,0.4444,0,0.031,0.011,0.0018,4,1,46500,26,1,0.597
C-05483,0.1263,0.0,0.0,-0.0632,1.0,0,0.0062,0.011,0.0018,30,0,95000,69,0,0.054
C-05484,0.0633,0.0,0.0,0.1321,0.5714,0,-0.002,0.011,0.0018,9.1,0,110500,70,0,0.062
C-05485,0.1734,0.0,0.0,-0.1665,0.4867,0,-0.001,0.00652,-0.00268,3.9,0,4674000,59,0,0.042
C-05486,0.1263,0.0,0.0,-0.1263,0.88,1,0.0501,0.011,0.0018,12.5,0,99000,51,0,0.049
C-05487,0.0584,0.0,0.0,-0.0512,1.0,0,0.0151,0.00748,-0.00172,2.8,1,2681500,71,0,0.078
C-05488,0.2875,0.4457,0.1281,-0.235,0.5543,0,0.0126,0.011,0.0018,0.4,1,160000,68,1,0.508
C-05489,0.1532,0.0,0.0,-0.1456,0.556,0,-0.0112,0.00929,9e-05,3.5,1,786500,43,0,0.033
C-05490,0.1271,0.0,0.0,-0.1271,0.0,1,0.028,0.01059,0.00139,10.8,0,299000,34,0,0.017
C-05491,0.1431,0.4939,0.0707,-0.1431,0.4939,1,0.0015,0.00835,-0.00085,4.4,1,1422500,74,0,0.051
C-05492,0.1623,0.7059,0.1146,-0.1623,0.0,1,0.0303,0.01021,0.00101,14.4,0,366500,54,0,0.083
C-05493,0.1525,0.0,0.0,-0.1365,0.3187,0,-0.0133,0.00969,0.00049,1.1,0,524500,49,1,0.05
C-05494,0.0707,0.4746,0.0336,-0.0491,0.5339,0,-0.0077,0.00925,5e-05,6.2,0,834500,67,0,0.0
C-05495,0.1319,0.0,0.0,-0.0306,0.8,0,-0.0059,0.011,0.0018,10.4,0,189500,64,0,0.046
C-05496,0.0567,0.0,0.0,0.0794,0.7273,0,-0.0155,0.011,0.0018,0.6,1,97000,28,0,0.024
C-05497,0.1069,0.0,0.0,0.044,0.5294,0,0.0471,0.011,0.0018,1.6,0,79500,41,0,0.08
C-05498,0.1237,0.0,0.0,-0.0795,0.766,0,0.0021,0.01014,0.00094,9.4,1,380000,46,0,0.087
C-05499,0.1882,0.0,0.0,-0.1882,0.7812,1,0.0056,0.011,0.0018,19.1,1,170000,57,1,0.223
C-05500,0.0639,0.0,0.0,0.0676,0.4286,0,-0.0142,0.011,0.0018,1.4,0,109500,30,0,0.072
C-05501,0.0294,0.0,0.0,0.1294,0.5,0,-0.0148,0.0108,0.0016,1.7,1,272000,54,0,0.048
C-05502,0.0885,0.0,0.0,-0.0641,0.1149,0,0.0122,0.00977,0.00057,10.8,0,491500,52,0,0.022
C-05503,0.1658,0.0,0.0,-0.1658,0.1953,1,-0.011,0.00806,-0.00114,2.9,0,1683000,63,0,0.036
C-05504,0.1564,0.0,0.0,-0.0313,0.3542,0,0.0054,0.011,0.0018,10.4,0,153500,39,0,0.046
C-05505,0.0917,0.0,0.0,-0.0222,0.8882,0,0.0103,0.00925,5e-05,1.7,1,828500,73,0,0.016
C-05506,0.1087,0.3802,0.0413,-0.0893,0.2893,0,-0.0154,0.00962,0.00042,11.0,0,556500,57,0,0.068
C-05507,0.1204,0.0,0.0,-0.0734,0.0,0,0.0087,0.011,0.0018,9.7,1,178500,39,0,0.0
C-05508,0.1075,0.0,0.0,-0.1075,0.1201,1,0.0031,0.0075,-0.0017,11.9,1,2632500,51,0,0.106
C-05509,0.0958,0.0,0.0,-0.0958,0.2,1,0.0007,0.011,0.0018,14.6,1,130500,54,0,0.0
C-05510,0.1496,0.0,0.0,-0.0992,0.3684,0,0.0073,0.011,0.0018,5.7,0,190500,61,0,0.112
C-05511,0.0915,0.0,0.0,-0.0915,0.5435,1,0.0058,0.01099,0.00179,0.8,0,251500,75,0,0.044
C-05512,0.0497,0.0,0.0,0.0509,0.25,0,-0.0268,0.01044,0.00124,0.5,0,322000,34,0,0.08
C-05513,0.0888,0.0,0.0,-0.0492,0.0,0,0.0026,0.00979,0.00059,3.5,0,484000,44,0,0.012
C-05514,0.0978,0.0,0.0,-0.0978,1.0,1,-0.0045,0.00958,0.00038,0.8,0,578000,42,0,0.065
C-05515,0.1287,0.0,0.0,-0.1249,0.6523,0,0.0077,0.00858,-0.00062,7.5,1,1262500,73,0,0.055
C-05516,0.2312,0.0,0.0,-0.2295,0.3406,0,-0.0038,0.00626,-0.00294,11.4,0,5643500,63,0,0.014
C-05517,0.1277,0.0,0.0,-0.1277,0.25,1,0.0047,0.011,0.0018,6.8,1,47000,30,0,0.017
C-05518,0.1771,0.4706,0.0833,-0.1771,0.4118,1,0.0004,0.011,0.0018,0.7,1,48000,27,0,0.025
C-05519,0.1739,0.2411,0.0419,-0.0673,0.8014,0,0.043,0.01004,0.00084,3.4,0,405500,37,0,0.086
C-05520,0.0764,0.0,0.0,-0.0652,0.5646,0,0.0113,0.00915,-5e-05,8.4,0,962000,71,0,0.038
C-05521,0.1773,0.0,0.0,-0.1741,0.797,0,-0.0052,0.00886,-0.00034,11.9,0,1111000,45,0,0.026
C-05522,0.1063,0.4545,0.0483,0.1256,0.6364,0,-0.0056,0.011,0.0018,3.8,0,103500,53,0,0.024
C-05523,0.0987,0.4516,0.0446,-0.0376,0.3871,0,0.0036,0.00983,0.00063,13.0,0,471000,52,0,0.058
C-05524,0.1525,0.0,0.0,-0.1308,0.238,0,-0.0055,0.00877,-0.00043,7.6,0,1157000,45,0,0.015
C-05525,0.0829,0.0,0.0,-0.0785,0.2729,0,0.0024,0.007,-0.0022,3.1,0,3557500,74,0,0.055
C-05526,0.0482,0.0,0.0,-0.0482,0.1579,1,0.0114,0.011,0.0018,1.7,0,197000,68,0,0.016
C-05527,0.0714,0.0,0.0,0.0464,0.375,0,0.039,0.011,0.0018,2.6,1,56000,35,0,0.101
C-05528,0.0271,0.0,0.0,0.3078,0.7143,0,0.0118,0.011,0.0018,1.0,0,129000,43,0,0.052
C-05529,0.1026,0.0,0.0,-0.0919,0.413,0,-0.0135,0.00817,-0.00103,18.7,0,1569000,59,0,0.03
C-05530,0.2036,0.0,0.0,-0.0024,0.2941,0,0.0382,0.011,0.0018,0.3,0,83500,57,1,0.342
C-05531,0.1284,0.4821,0.0619,-0.1064,1.0,0,0.0047,0.011,0.0018,15.2,0,218000,72,0,0.079
C-05532,0.2685,0.5747,0.1543,-0.2296,0.2759,0,0.0508,0.011,0.0018,13.3,1,162000,73,1,0.578
C-05533,0.1363,0.0,0.0,-0.1125,0.9272,0,-0.0157,0.00963,0.00043,18.7,0,554000,71,0,0.05
C-05534,0.176,0.0,0.0,-0.176,0.5167,1,-0.0034,0.011,0.0018,2.0,0,170500,48,0,0.038
C-05535,0.0927,0.0,0.0,0.2468,0.5789,0,-0.0061,0.011,0.0018,3.2,1,102500,40,0,0.031
C-05536,0.1036,0.0,0.0,-0.0995,0.0,0,0.0303,0.00706,-0.00214,1.9,1,3454000,65,0,0.0
C-05537,0.1028,0.0,0.0,-0.1028,0.3961,1,-0.0157,0.00825,-0.00095,10.2,0,1497500,47,0,0.08
C-05538,0.0811,0.0,0.0,-0.0162,0.5,0,0.0528,0.011,0.0018,0.3,1,74000,74,0,0.014
C-05539,0.0985,0.0,0.0,-0.0985,0.5904,1,0.0074,0.00998,0.00078,0.9,1,421500,71,0,0.027
C-05540,0.0904,0.0,0.0,-0.0904,0.1923,1,-0.0273,0.01067,0.00147,3.0,0,287500,45,0,0.031
C-05541,0.0536,0.0,0.0,-0.0453,0.7431,0,-0.014,0.00908,-0.00012,2.6,0,1017500,71,0,0.005
C-05542,0.1626,0.6894,0.1121,-0.1389,1.0,0,0.0547,0.01004,0.00084,0.4,0,406000,59,1,0.564
C-05543,0.1953,0.16,0.0312,0.2359,0.32,0,0.0106,0.011,0.0018,6.5,1,64000,42,0,0.0
C-05544,0.0905,0.0,0.0,-0.0595,0.4762,0,-0.0075,0.011,0.0018,0.3,0,116000,71,0,0.049
C-05545,0.2097,0.0,0.0,-0.1168,0.3077,0,0.0097,0.011,0.0018,3.5,0,155000,51,0,0.033
C-05546,0.1355,0.2716,0.0368,-0.0351,0.0988,0,-0.0147,0.01059,0.00139,6.9,0,299000,42,0,0.077
C-05547,0.2437,0.2456,0.0599,-0.2437,0.3339,1,0.0316,0.00855,-0.00065,1.8,0,1278000,59,0,0.056
C-05548,0.0868,0.0,0.0,-0.0368,0.0,0,-0.0053,0.011,0.0018,2.5,0,144000,70,0,0.053
C-05549,0.0933,0.0,0.0,-0.0569,0.0465,0,-0.0008,0.0094,0.0002,5.0,0,691000,31,0,0.121
C-05550,0.1936,0.1606,0.0311,-0.1599,0.1451,0,-0.008,0.00975,0.00055,2.0,1,498500,74,0,0.05
C-05551,0.1669,0.2752,0.0459,-0.1669,0.8456,1,0.0026,0.0099,0.0007,6.3,0,446500,52,0,0.03
C-05552,0.0769,0.0,0.0,-0.0769,0.4091,1,-0.0071,0.011,0.0018,2.4,0,143000,25,0,0.014
C-05553,0.0669,0.0,0.0,-0.0669,0.8125,1,0.0049,0.011,0.0018,0.5,1,119500,25,1,0.118
C-05554,0.1176,0.5484,0.0645,-0.0949,0.3226,0,0.0035,0.01087,0.00167,0.6,1,263500,27,0,0.05
C-05555,0.0591,0.0,0.0,-0.0346,0.6543,0,0.002,0.00941,0.00021,4.4,0,685000,51,0,0.052
C-05556,0.0875,0.0,0.0,-0.0184,0.4348,0,0.0041,0.00918,-2e-05,4.2,0,920000,52,0,0.035
C-05557,0.0557,0.0,0.0,-0.0557,0.2444,1,0.0027,0.01005,0.00085,2.9,0,404000,62,0,0.0
C-05558,0.1559,0.0,0.0,-0.1372,0.7125,0,-0.0082,0.01094,0.00174,0.7,0,256500,42,0,0.007
C-05559,0.0934,0.0,0.0,-0.0934,0.4444,1,0.052,0.01066,0.00146,4,0,289000,26,1,0.103
C-05560,0.1031,0.0,0.0,-0.1031,0.2,1,0.0052,0.011,0.0018,4.1,0,145500,70,0,0.125
C-05561,0.0472,0.0,0.0,-0.0441,0.2454,0,0.0471,0.00765,-0.00155,5.1,1,2286000,73,1,0.356
C-05562,0.0958,0.0,0.0,-0.0485,0.8824,0,-0.0012,0.011,0.0018,4.5,0,177500,72,0,0.042
C-05563,0.1511,0.0,0.0,-0.1433,0.7257,0,0.0106,0.00757,-0.00163,0.3,0,2448500,66,0,0.063
C-05564,0.0827,0.0,0.0,-0.072,0.3395,0,-0.0061,0.00667,-0.00253,2.3,0,4254500,59,0,0.0
C-05565,0.1168,0.0,0.0,-0.0689,0.2927,0,-0.0104,0.011,0.0018,4.6,0,175500,31,1,0.074
C-05566,0.2168,0.0,0.0,-0.1301,0.4082,0,0.0501,0.011,0.0018,3.9,0,113000,28,0,0.033
C-05567,0.1888,0.105,0.0198,-0.1452,0.6501,0,-0.0138,0.00919,-1e-05,4.3,0,908500,37,0,0.079
C-05568,0.0515,0.0,0.0,0.1711,0.0,0,0.0176,0.011,0.0018,1.6,0,48500,25,0,0.048
C-05569,0.0586,0.0,0.0,-0.0454,0.0,0,-0.0023,0.00919,-1e-05,2.3,0,904000,72,0,0.022
C-05570,0.0961,0.0,0.0,-0.0888,0.7208,0,-0.0177,0.00618,-0.00302,1.8,0,6056000,53,0,0.0
C-05571,0.1509,0.2411,0.0364,-0.1089,0.6964,0,0.0541,0.01018,0.00098,9.1,0,371000,37,0,0.055
C-05572,0.1506,0.0,0.0,-0.1257,0.569,0,-0.0107,0.011,0.0018,6.1,0,192500,62,0,0.069
C-05573,0.1624,0.0,0.0,-0.1004,0.4545,0,-0.0024,0.011,0.0018,0.6,0,135500,38,0,0.01
C-05574,0.3187,0.4806,0.1531,-0.3187,0.082,1,0.0256,0.00891,-0.00029,1.4,1,1090500,37,0,0.019
C-05575,0.1325,0.0,0.0,-0.111,0.6842,0,-0.0028,0.00975,0.00055,15.1,0,502000,51,0,0.045
C-05576,0.0492,0.0,0.0,-0.0228,0.306,0,0.0057,0.00843,-0.00077,14.5,0,1360500,54,0,0.097
C-05577,0.0329,0.0,0.0,-0.0187,0.3846,0,-0.0029,0.00955,0.00035,4.0,0,593000,31,0,0.081
C-05578,0.118,0.0,0.0,-0.118,0.1579,1,0.0404,0.011,0.0018,1.9,0,161000,66,0,0.021
C-05579,0.1632,0.0,0.0,-0.1632,0.3266,1,-0.0073,0.00898,-0.00022,2.9,0,1060000,48,0,0.0
C-05580,0.0623,0.0,0.0,0.04,0.4211,0,0.0071,0.01055,0.00135,1.8,0,305000,28,0,0.0
C-05581,0.2437,0.0,0.0,-0.2156,0.512,0,0.0001,0.01094,0.00174,21.8,0,256500,67,1,0.542
C-05582,0.2216,0.439,0.0973,0.1935,0.1707,0,0.0097,0.011,0.0018,2.6,1,92500,46,1,0.544
C-05583,0.1049,0.0,0.0,-0.1049,0.4,1,0.0112,0.011,0.0018,4.3,0,71500,68,0,0.081
C-05584,0.0495,0.0,0.0,-0.003,0.8696,0,-0.0187,0.011,0.0018,0.7,1,232500,59,0,0.058
C-05585,0.048,0.0,0.0,-0.048,0.0,1,-0.0138,0.011,0.0018,2.2,1,62500,35,1,0.184
C-05586,0.1856,0.1667,0.0309,-0.1856,0.2778,1,-0.0071,0.011,0.0018,4,0,48500,26,0,0.013
C-05587,0.1055,0.0,0.0,-0.1055,0.8,1,0.027,0.011,0.0018,3.4,1,189500,36,0,0.079
C-05588,0.1623,0.0,0.0,-0.1411,0.2791,0,0.0388,0.011,0.0018,7.0,0,132500,58,0,0.073
C-05589,0.0783,0.0,0.0,-0.0141,0.3,0,0.0479,0.00972,0.00052,2.5,0,511000,36,0,0.071
C-05590,0.2472,0.2045,0.0506,-0.2472,0.2443,1,0.0069,0.00938,0.00018,10.9,0,712000,57,1,0.1
C-05591,0.1131,0.5101,0.0577,-0.1131,0.7785,1,0.0154,0.00945,0.00025,0.7,1,659000,39,0,0.018
C-05592,0.1446,0.0,0.0,-0.0742,0.3217,0,0.0093,0.00976,0.00056,1.8,0,494500,45,0,0.049
C-05593,0.152,0.0,0.0,-0.152,0.3368,1,0.0285,0.0105,0.0013,1.5,1,312500,35,1,0.614
C-05594,0.0184,0.0,0.0,-0.0184,0.2222,1,0.029,0.00803,-0.00117,5.9,0,1710500,60,0,0.063
C-05595,0.3134,0.742,0.2325,-0.3134,0.9315,1,0.052,0.00912,-8e-05,8.2,1,1002000,62,0,0.078
C-05596,0.1809,0.0,0.0,0.1,0.5882,0,-0.0143,0.011,0.0018,8.5,1,47000,35,0,0.065
C-05597,0.2241,0.0,0.0,-0.2177,0.1691,0,-0.0073,0.00918,-2e-05,0.3,0,923500,52,0,0.058
C-05598,0.1127,0.0,0.0,-0.0676,0.375,0,0.0018,0.011,0.0018,6.1,0,106500,64,0,0.0
C-05599,0.1298,0.4655,0.0604,0.0582,0.6897,0,0.0078,0.011,0.0018,7.4,0,223500,61,0,0.059
C-05600,0.0957,0.0,0.0,-0.0512,0.6129,0,-0.0093,0.00927,7e-05,0.4,1,810000,36,0,0.065
C-05601,0.0712,0.0,0.0,-0.0358,0.0,0,-0.0034,0.01018,0.00098,8.8,0,372000,65,0,0.054
C-05602,0.0461,0.0,0.0,0.0161,0.0,0,-0.0193,0.011,0.0018,3.9,1,173500,27,0,0.062
C-05603,0.2803,0.401,0.1124,-0.2514,0.8177,0,0.0486,0.00842,-0.00078,1.6,0,1370000,59,1,0.38
C-05604,0.1398,0.0,0.0,0.1183,0.1538,0,0.0155,0.011,0.0018,0.9,0,46500,25,0,0.006
C-05605,0.1217,0.7812,0.0951,-0.1217,0.875,1,-0.0115,0.011,0.0018,0.3,1,131500,25,1,0.541
C-05606,0.0877,0.0,0.0,-0.045,0.3623,0,0.0125,0.01009,0.00089,0.5,0,393500,46,1,0.302
C-05607,0.0804,0.0,0.0,-0.0148,0.22,0,-0.0165,0.01051,0.00131,3.7,0,311000,41,0,0.049
C-05608,0.1804,0.0,0.0,-0.161,0.0268,0,-0.0046,0.01051,0.00131,1.5,0,310500,58,0,0.041
C-05609,0.0664,0.0,0.0,0.0793,0.0,0,-0.0049,0.01087,0.00167,2.4,0,263500,40,0,0.103
C-05610,0.179,0.0,0.0,-0.1705,0.5428,0,-0.0056,0.0076,-0.0016,0.3,0,2382500,47,0,0.064
C-05611,0.0968,0.0,0.0,0.0194,0.6111,0,-0.01,0.011,0.0018,9.2,0,93000,70,0,0.089
C-05612,0.0849,0.0,0.0,-0.0618,0.8864,0,0.0104,0.01091,0.00171,0.9,1,259000,66,0,0.011
C-05613,0.1749,0.0,0.0,-0.1325,0.2727,0,0.004,0.01071,0.00151,5.3,0,283000,33,0,0.013
C-05614,0.0967,0.0,0.0,-0.0716,0.7387,0,-0.0092,0.00879,-0.00041,5.2,0,1148000,64,0,0.093
C-05615,0.0469,0.0,0.0,-0.0469,0.0,1,0.042,0.011,0.0018,12,0,138500,34,0,0.054
C-05616,0.3077,0.3863,0.1188,-0.3077,0.3791,1,0.0483,0.00881,-0.00039,14.1,0,1136000,53,1,0.356
C-05617,0.1063,0.0,0.0,-0.0519,0.7377,0,0.0325,0.01068,0.00148,6.4,0,287000,32,0,0.071
C-05618,0.1471,0.0,0.0,-0.1027,0.4843,0,-0.0196,0.00966,0.00046,8.6,0,540500,46,0,0.0
C-05619,0.1193,0.0,0.0,-0.0725,0.4423,0,0.0014,0.00993,0.00073,4.2,0,436000,48,0,0.018
C-05620,0.08,0.0,0.0,-0.056,0.25,0,0.0017,0.01058,0.00138,1.3,0,300000,47,0,0.059
C-05621,0.1053,0.0,0.0,-0.1053,0.5,1,-0.013,0.011,0.0018,4.1,1,47500,29,0,0.082
C-05622,0.1789,0.25,0.0447,-0.1789,0.1705,1,0.0267,0.011,0.0018,16.1,1,246000,40,1,0.204
C-05623,0.2883,0.5752,0.1658,-0.2638,0.8761,0,0.0203,0.011,0.0018,7.4,1,196000,31,1,0.457
C-05624,0.0834,0.0,0.0,-0.0501,0.4333,0,0.0056,0.01024,0.00104,3.2,0,359500,69,0,0.07
C-05625,0.0801,0.0,0.0,-0.0594,0.1154,0,0.0058,0.00927,7e-05,4.4,0,811500,61,0,0.036
C-05626,0.0938,0.0,0.0,-0.0938,0.4223,1,-0.016,0.00889,-0.00031,9.7,0,1097500,52,0,0.078
C-05627,0.0804,0.0,0.0,-0.0232,0.7778,0,-0.0196,0.011,0.0018,23.8,0,168000,67,0,0.0
C-05628,0.1733,0.4808,0.0833,-0.0293,0.0,0,0.0005,0.011,0.0018,2.1,0,150000,53,0,0.093
C-05629,0.1289,0.0,0.0,-0.1191,0.4163,0,-0.0007,0.00923,3e-05,1.4,0,857500,66,0,0.084
C-05630,0.117,0.0,0.0,-0.117,0.0,1,0.0049,0.011,0.0018,0.6,0,243500,34,0,0.034
C-05631,0.0734,0.0,0.0,-0.0716,1.0,0,0.0265,0.00856,-0.00064,3.1,0,1273000,65,0,0.032
C-05632,0.0784,0.0,0.0,-0.0157,0.5,0,-0.0011,0.01083,0.00163,6,1,268000,28,0,0.064
C-05633,0.1957,0.4444,0.087,0.4043,0.6667,0,0.0041,0.011,0.0018,10.8,0,46000,36,0,0.015
C-05634,0.1489,0.4286,0.0638,0.3617,0.5714,0,-0.0009,0.011,0.0018,4,1,47000,26,0,0.064
C-05635,0.4384,0.7281,0.3192,-0.426,0.5933,0,0.0529,0.00973,0.00053,15.8,1,507500,48,1,0.392
C-05636,0.0567,0.0,0.0,-0.0113,0.0,0,0.0049,0.01065,0.00145,7.6,0,291000,33,0,0.055
C-05637,0.0745,0.0,0.0,-0.0745,0.3037,1,0.0331,0.00795,-0.00125,8.4,0,1811500,38,0,0.037
C-05638,0.0469,0.0,0.0,-0.0054,0.5263,0,0.0021,0.01004,0.00084,1.5,0,405500,54,0,0.043
C-05639,0.4737,0.7111,0.3368,-0.4737,0.1778,1,0.0299,0.011,0.0018,4.1,1,47500,70,1,0.72
C-05640,0.0481,0.0,0.0,-0.0481,0.3301,1,0.0302,0.00895,-0.00025,6.3,0,1070500,56,0,0.04
C-05641,0.1573,0.0,0.0,-0.1238,0.6444,0,-0.0126,0.011,0.0018,13.9,0,143000,66,0,0.085
C-05642,0.0732,0.0,0.0,-0.0126,0.3448,0,-0.0016,0.011,0.0018,5.4,0,198000,73,0,0.048
C-05643,0.1667,0.0,0.0,-0.1667,0.1905,1,-0.0056,0.011,0.0018,4.1,0,63000,32,0,0.054
C-05644,0.1076,0.0,0.0,0.0755,0.7636,0,0.002,0.01095,0.00175,14.3,0,255500,38,0,0.09
C-05645,0.1735,0.0,0.0,-0.1735,0.1765,1,0.004,0.011,0.0018,0.3,1,49000,29,1,0.338
C-05646,0.1158,0.0,0.0,0.0105,0.0909,0,0.045,0.011,0.0018,7.3,1,47500,65,0,0.066
C-05647,0.1025,0.0,0.0,-0.0628,0.4032,0,-0.0017,0.01057,0.00137,1.4,0,302500,29,0,0.059
C-05648,0.1303,0.0,0.0,-0.1303,0.8043,1,0.0516,0.01027,0.00107,5,0,353000,27,0,0.083
C-05649,0.1166,0.0,0.0,-0.052,0.3077,0,0.0024,0.011,0.0018,4,0,111500,26,0,0.0
C-05650,0.0851,0.0,0.0,-0.0644,0.0,0,-0.002,0.01004,0.00084,0.7,0,405500,59,0,0.092
C-05651,0.054,0.0,0.0,-0.054,0.1358,1,-0.0063,0.00933,0.00013,1.2,0,749500,60,0,0.077
C-05652,0.1642,0.0,0.0,0.1224,0.0455,0,-0.0052,0.011,0.0018,3.0,0,67000,38,0,0.019
C-05653,0.1267,0.0,0.0,-0.1267,0.2568,1,0.0516,0.01064,0.00144,0.9,1,292000,47,0,0.047
C-05654,0.132,0.4222,0.0557,-0.132,0.7333,1,0.0378,0.011,0.0018,0.3,1,170500,41,1,0.686
C-05655,0.1376,0.0,0.0,-0.0936,0.0889,0,0.0005,0.011,0.0018,10.1,0,163500,36,0,0.052
C-05656,0.0502,0.0,0.0,-0.0053,0.0,0,0.0004,0.00908,-0.00012,1.9,0,1015500,44,0,0.066
C-05657,0.0538,0.0,0.0,-0.0486,0.7677,0,0.0259,0.00918,-2e-05,3.7,0,920500,75,0,0.017
C-05658,0.1074,0.0,0.0,-0.0552,0.3333,0,-0.0007,0.0101,0.0009,1.0,0,391000,62,0,0.036
C-05659,0.1612,0.1333,0.0215,-0.1457,0.7511,0,0.039,0.0094,0.0002,2.4,0,698000,64,0,0.088
C-05660,0.163,0.0,0.0,-0.0065,0.3,0,0.0059,0.011,0.0018,8.6,0,92000,53,0,0.005
C-05661,0.4408,0.7819,0.3447,-0.4142,0.1174,0,0.0404,0.01035,0.00115,7.4,1,338000,60,1,0.692
C-05662,0.0774,0.0,0.0,-0.0128,0.4783,0,-0.0078,0.011,0.0018,16.6,0,148500,50,0,0.038
C-05663,0.1013,0.0,0.0,-0.1013,0.5106,1,-0.0042,0.011,0.0018,1.3,1,232000,71,0,0.052
C-05664,0.0316,0.0,0.0,0.0442,0.0,0,-0.0003,0.011,0.0018,8.0,0,47500,70,0,0.054
C-05665,0.1235,0.0,0.0,-0.0597,0.4861,0,0.0235,0.01064,0.00144,4.3,1,291500,63,0,0.042
C-05666,0.2095,0.0,0.0,-0.1051,0.3679,0,-0.0087,0.01097,0.00177,3.8,1,253000,55,0,0.018
C-05667,0.1472,0.0,0.0,-0.1472,0.0574,1,0.0383,0.01001,0.00081,4.6,0,414500,32,0,0.048
C-05668,0.1273,0.0,0.0,0.0691,0.3571,0,0.005,0.011,0.0018,1.4,0,55000,35,0,0.027
C-05669,0.1701,0.5676,0.0966,-0.0818,0.0,0,0.0028,0.011,0.0018,8.9,0,217500,75,1,0.636
C-05670,0.1637,0.0,0.0,-0.1637,0.1918,1,-0.0045,0.011,0.0018,0.3,0,223000,56,0,0.061
C-05671,0.0897,0.0,0.0,0.0521,0.0488,0,-0.0028,0.011,0.0018,9,0,228500,31,0,0.067
C-05672,0.2034,0.7053,0.1435,-0.1777,0.7684,0,0.0375,0.011,0.0018,3.2,0,233500,71,1,0.514
C-05673,0.0834,0.0,0.0,-0.0741,0.4768,0,0.0042,0.00763,-0.00157,11.6,0,2327500,58,0,0.085
C-05674,0.0873,0.0,0.0,0.1013,0.45,0,-0.0041,0.011,0.0018,16.1,0,114500,64,0,0.113
C-05675,0.0858,0.0,0.0,-0.0845,0.4946,0,-0.0007,0.00746,-0.00174,3.0,0,2721000,31,0,0.0
C-05676,0.2246,0.6048,0.1359,-0.2018,0.0,0,0.0448,0.01076,0.00156,8.3,0,276000,38,1,0.247
C-05677,0.0355,0.0,0.0,0.0267,0.1154,0,-0.0061,0.01021,0.00101,20.0,1,366500,49,0,0.004
C-05678,0.2006,0.2676,0.0537,-0.2006,0.5775,1,0.0017,0.011,0.0018,0.3,1,177000,70,0,0.068
C-05679,0.0703,0.0,0.0,-0.0478,1.0,0,0.0049,0.011,0.0018,0.3,1,213500,75,0,0.045
C-05680,0.1792,0.5015,0.0899,-0.1272,0.1843,0,0.0238,0.00918,-2e-05,0.5,1,923500,42,1,0.826
C-05681,0.338,0.8056,0.2723,-0.338,0.4097,1,0.0443,0.011,0.0018,0.6,0,213000,71,1,0.541
C-05682,0.229,0.1572,0.036,-0.2228,0.5511,0,-0.0018,0.00845,-0.00075,1.6,0,1347000,61,0,0.046
C-05683,0.086,0.0,0.0,0.1204,0.375,0,0.0004,0.011,0.0018,3.8,0,46500,30,0,0.036
C-05684,0.1278,0.0,0.0,-0.1031,0.7012,0,0.0122,0.00742,-0.00178,4.8,0,2867500,53,0,0.052
C-05685,0.1255,0.0,0.0,-0.022,0.4688,0,-0.0088,0.011,0.0018,3,0,127500,25,0,0.077
C-05686,0.1744,0.0,0.0,-0.1233,0.5889,0,0.032,0.01092,0.00172,2.3,0,258000,70,0,0.074
C-05687,0.0845,0.5597,0.0473,-0.0654,0.5597,0,0.0056,0.00916,-4e-05,6.7,1,940500,69,0,0.002
C-05688,0.1266,0.25,0.0316,0.1013,0.6,0,-0.0041,0.011,0.0018,0.3,0,79000,45,0,0.065
C-05689,0.0721,0.0,0.0,-0.0721,0.3739,1,0.0013,0.00928,8e-05,4.1,1,797500,66,0,0.0
C-05690,0.1925,0.0,0.0,0.1412,0.7222,0,-0.0057,0.011,0.0018,2.5,0,93500,37,0,0.0
C-05691,0.0481,0.0,0.0,-0.0481,0.0,1,-0.0016,0.00839,-0.00081,1.8,0,1391500,54,0,0.048
C-05692,0.1492,0.0,0.0,-0.1492,0.3284,1,0.0128,0.011,0.0018,5.4,0,224500,67,1,0.263
C-05693,0.1598,0.0,0.0,-0.1598,0.7115,1,-0.0035,0.00978,0.00058,7.9,0,488000,64,0,0.006
C-05694,0.0946,0.0,0.0,-0.0946,0.434,1,-0.0007,0.00796,-0.00124,1.4,0,1803000,64,0,0.0
C-05695,0.25,0.0,0.0,-0.25,0.5,1,-0.0065,0.011,0.0018,5.1,0,48000,62,0,0.055
C-05696,0.2152,0.0,0.0,-0.1453,0.4962,0,0.009,0.00951,0.00031,1.2,0,618000,56,0,0.0
C-05697,0.1631,0.0,0.0,-0.1367,0.4528,0,0.0082,0.00881,-0.00039,11.5,1,1137500,70,0,0.087
C-05698,0.2984,0.4039,0.1205,-0.2801,0.6448,0,0.0301,0.00841,-0.00079,17,1,1377500,39,1,0.548
C-05699,0.1316,0.0,0.0,0.0895,0.3333,0,-0.0053,0.011,0.0018,13.7,1,114000,38,0,0.024
C-05700,0.3118,0.7586,0.2366,0.0495,0.6552,0,0.0486,0.011,0.0018,3.0,0,46500,28,1,0.451
C-05701,0.1813,0.0,0.0,-0.1385,0.3788,0,-0.006,0.01022,0.00102,2.1,0,364000,30,0,0.106
C-05702,0.1447,0.0,0.0,-0.1447,0.146,1,-0.0003,0.00982,0.00062,4.3,0,473500,55,0,0.08
C-05703,0.0984,0.0,0.0,-0.0537,0.0,0,0.0014,0.011,0.0018,9,0,188000,31,0,0.044
C-05704,0.141,0.0,0.0,-0.0163,0.7895,0,-0.0093,0.01082,0.00162,9.2,0,269500,39,0,0.038
C-05705,0.2092,0.0,0.0,-0.2092,0.4066,1,-0.0,0.011,0.0018,1.6,1,217500,37,0,0.068
C-05706,0.1059,0.0,0.0,-0.1059,0.6544,1,0.0101,0.00626,-0.00294,2.5,0,5657500,49,0,0.056
C-05707,0.2051,0.25,0.0513,-0.0821,0.2083,0,-0.0023,0.011,0.0018,12.7,0,58500,66,1,0.564
C-05708,0.2512,0.3793,0.0953,-0.2495,0.9073,0,0.0375,0.00743,-0.00177,7.1,0,2812000,69,0,0.0
C-05709,0.0995,0.2857,0.0284,-0.0876,0.7143,0,0.0107,0.00939,0.00019,10.4,0,703500,55,0,0.041
C-05710,0.1405,0.0,0.0,-0.0759,0.266,0,0.0022,0.01037,0.00117,2.5,0,334500,36,0,0.04
C-05711,0.068,0.0,0.0,0.0718,0.4286,0,0.0287,0.011,0.0018,0.9,0,51500,41,0,0.052
C-05712,0.1736,0.2868,0.0498,-0.1736,0.4044,1,0.0281,0.0093,0.0001,2.1,0,783500,44,0,0.005
C-05713,0.1405,0.0,0.0,-0.1206,0.401,0,-0.0051,0.0084,-0.0008,2.4,1,1384000,53,0,0.09
C-05714,0.2,0.0,0.0,-0.2,0.65,1,0.0002,0.011,0.0018,0.3,0,50000,43,0,0.025
C-05715,0.1054,0.0,0.0,-0.1054,0.0,1,0.0145,0.011,0.0018,6.8,0,156500,56,0,0.066
C-05716,0.138,0.0,0.0,-0.0785,0.1453,0,0.0041,0.00997,0.00077,7.3,0,424000,66,0,0.046
C-05717,0.1718,0.0,0.0,-0.1718,0.2821,1,0.0123,0.011,0.0018,5.0,1,113500,39,0,0.044
C-05718,0.0831,0.6229,0.0518,-0.0709,0.2924,0,-0.0172,0.00742,-0.00178,5.7,0,2839000,54,0,0.086
C-05719,0.1239,0.0,0.0,-0.1239,0.4274,1,-0.0228,0.00916,-4e-05,2.2,0,944500,45,0,0.021
C-05720,0.1022,0.2143,0.0219,-0.1022,0.2857,1,0.0085,0.011,0.0018,3,0,68500,25,0,0.054
C-05721,0.1127,0.0,0.0,-0.0113,0.6875,0,0.0038,0.011,0.0018,6.0,0,142000,41,0,0.005
C-05722,0.0693,0.0,0.0,0.0039,0.0,0,-0.008,0.011,0.0018,7.2,0,180500,36,0,0.06
C-05723,0.214,0.2404,0.0515,-0.1997,0.4634,0,-0.0072,0.00943,0.00023,0.3,0,670500,62,0,0.105
C-05724,0.1432,0.0,0.0,-0.0412,0.2266,0,0.0311,0.0099,0.0007,5.4,0,447000,53,0,0.056
C-05725,0.1053,0.0,0.0,0.2484,0.5,0,-0.0107,0.011,0.0018,1.8,0,47500,35,0,0.045
C-05726,0.0838,0.0,0.0,-0.0838,1.0,1,0.0018,0.011,0.0018,7.0,1,197000,47,0,0.041
C-05727,0.1458,0.5,0.0729,-0.1125,0.0,0,0.0334,0.011,0.0018,3,0,48000,25,0,0.008
C-05728,0.2149,0.4038,0.0868,-0.2149,0.2115,1,0.0171,0.011,0.0018,1.9,0,121000,64,1,0.084
C-05729,0.3616,0.6823,0.2467,-0.3052,0.4801,0,0.0396,0.01013,0.00093,1.7,0,383000,48,0,0.066
C-05730,0.0638,0.0,0.0,0.166,0.8333,0,-0.0085,0.011,0.0018,1.3,0,47000,70,0,0.061
C-05731,0.0556,0.0,0.0,0.2232,0.5455,0,0.0004,0.011,0.0018,7.8,1,99000,42,0,0.008
C-05732,0.1267,0.0,0.0,-0.1267,0.1515,1,0.034,0.0109,0.0017,0.4,1,260500,57,0,0.05
C-05733,0.273,0.464,0.1267,-0.2107,0.6772,0,0.02,0.00948,0.00028,0.5,1,635500,49,0,0.071
C-05734,0.1608,0.0,0.0,-0.1608,0.3438,1,0.0117,0.011,0.0018,15.8,0,99500,73,1,0.15
C-05735,0.0537,0.0,0.0,-0.0489,0.7506,0,-0.0025,0.0059,-0.0033,3.2,0,7947000,59,0,0.006
C-05736,0.0992,0.0,0.0,-0.0366,0.8947,0,0.0092,0.011,0.0018,1.0,1,191500,58,0,0.127
C-05737,0.1713,0.1485,0.0254,-0.1252,0.1,0,0.0393,0.00915,-5e-05,12.4,0,963000,40,0,0.011
C-05738,0.2145,0.4009,0.086,-0.1751,0.5766,0,0.0134,0.00971,0.00051,4.1,0,517500,31,0,0.077
C-05739,0.1549,0.3182,0.0493,-0.1549,0.0455,1,0.0078,0.011,0.0018,15.3,1,71000,40,0,0.043
C-05740,0.276,0.6234,0.172,-0.276,0.1948,1,0.0526,0.011,0.0018,16.9,0,139500,43,0,0.077
C-05741,0.1127,0.0,0.0,-0.0186,0.0,0,-0.0006,0.011,0.0018,3.2,0,102000,27,0,0.061
C-05742,0.0822,0.0,0.0,-0.0236,1.0,0,-0.0015,0.011,0.0018,5.8,0,225000,51,0,0.056
C-05743,0.1009,0.0,0.0,0.0532,0.3636,0,-0.0143,0.011,0.0018,2.6,0,54500,58,0,0.039
C-05744,0.1671,0.0,0.0,-0.1393,1.0,0,0.0013,0.00953,0.00033,0.3,0,604500,42,0,0.02
C-05745,0.078,0.0,0.0,0.0982,0.4706,0,-0.0137,0.011,0.0018,2.3,1,109000,45,0,0.033
C-05746,0.1141,0.0,0.0,-0.1089,0.5546,0,0.055,0.0097,0.0005,9.1,0,521500,73,0,0.002
C-05747,0.1438,0.0,0.0,-0.1438,0.8023,1,0.0186,0.00711,-0.00209,10.3,0,3377000,64,0,0.055
C-05748,0.1924,0.0,0.0,-0.1755,0.2002,0,0.0529,0.00714,-0.00206,5.8,0,3336500,62,0,0.059
C-05749,0.1053,0.6,0.0632,-0.1053,0.0,1,0.0412,0.011,0.0018,10.0,0,47500,63,0,0.025
C-05750,0.1176,0.0,0.0,-0.1176,0.0,1,0.0312,0.00803,-0.00117,7.8,0,1717000,55,0,0.046
C-05751,0.1455,0.0,0.0,-0.0364,0.5,0,0.0431,0.011,0.0018,3,0,82500,25,0,0.032
C-05752,0.1228,0.0,0.0,0.2772,0.3571,0,-0.0156,0.011,0.0018,4,0,57000,26,0,0.014
C-05753,0.0955,0.0,0.0,-0.0056,0.2157,0,-0.0067,0.01084,0.00164,1.6,0,267000,70,0,0.065
C-05754,0.1184,0.0,0.0,-0.1184,0.1944,1,0.0418,0.011,0.0018,10.1,1,152000,61,0,0.046
C-05755,0.0741,0.3,0.0222,0.0326,0.0,0,0.007,0.011,0.0018,4.7,0,67500,50,0,0.067
C-05756,0.1758,0.125,0.022,0.2198,0.625,0,0.0063,0.011,0.0018,18.6,0,45500,41,0,0.056
C-05757,0.1904,0.4393,0.0836,-0.1904,0.4951,1,0.0458,0.00893,-0.00027,7.0,1,1082000,66,0,0.021
C-05758,0.13,0.0,0.0,-0.1146,0.1921,0,-0.0078,0.0093,0.0001,4.2,1,781000,75,0,0.002
C-05759,0.1436,0.6818,0.0979,-0.1295,0.1,0,0.0149,0.00932,0.00012,11.4,0,766000,66,0,0.0
C-05760,0.0705,0.0,0.0,-0.0529,0.7371,0,0.008,0.00797,-0.00123,5.5,0,1781000,41,0,0.054
C-05761,0.1961,0.0986,0.0193,-0.1961,0.5352,1,0.0124,0.011,0.0018,3.6,0,181000,64,0,0.088
C-05762,0.1033,0.0,0.0,-0.0511,0.2632,0,0.0278,0.011,0.0018,3,0,92000,25,0,0.043
C-05763,0.1983,0.0,0.0,-0.0948,0.2609,0,0.0053,0.011,0.0018,3.4,0,174000,38,0,0.0
C-05764,0.1472,0.0,0.0,-0.1139,0.6981,0,-0.0092,0.011,0.0018,11.6,1,180000,39,0,0.048
C-05765,0.0607,0.0,0.0,-0.0607,0.0,1,0.0001,0.00819,-0.00101,3.2,0,1556000,49,0,0.038
C-05766,0.133,0.0,0.0,-0.1278,0.3158,0,0.037,0.00744,-0.00176,0.9,0,2786000,75,0,0.047
C-05767,0.1499,0.0,0.0,-0.1287,0.0,0,-0.0063,0.00915,-5e-05,2.0,0,964000,52,1,0.127
C-05768,0.1474,0.0,0.0,-0.1474,0.0,1,0.0068,0.011,0.0018,6,1,95000,28,1,0.085
C-05769,0.0846,0.3913,0.0331,0.0213,0.087,0,-0.0016,0.011,0.0018,10.3,0,136000,57,0,0.024
C-05770,0.0701,0.0,0.0,-0.0551,1.0,0,-0.0018,0.01045,0.00125,15.4,0,321000,48,0,0.004
C-05771,0.0983,0.0,0.0,-0.0866,0.0,0,0.0023,0.00711,-0.00209,15.7,1,3376500,52,0,0.021
C-05772,0.302,0.3841,0.116,-0.302,0.7483,1,0.0393,0.011,0.0018,13.6,0,250000,64,1,0.631
C-05773,0.0693,0.0,0.0,0.0796,0.7895,0,-0.0116,0.01078,0.00158,1.4,1,274000,28,0,0.05
C-05774,0.0829,0.0,0.0,-0.0829,0.8621,1,0.0365,0.011,0.0018,13.7,0,175000,49,0,0.012
C-05775,0.0231,0.0,0.0,-0.0154,0.0,0,0.0032,0.0093,0.0001,12.4,0,778000,70,0,0.033
C-05776,0.1414,0.0,0.0,0.101,0.5714,0,0.0211,0.011,0.0018,1.8,0,49500,29,0,0.014
C-05777,0.0899,0.0,0.0,-0.0843,0.4487,0,0.0354,0.00922,2e-05,12.1,0,868000,75,0,0.023
C-05778,0.0704,0.0,0.0,-0.0704,0.2,1,0.0262,0.011,0.0018,5.5,0,248500,38,0,0.037
C-05779,0.1263,0.0,0.0,0.0505,0.5,0,0.0215,0.011,0.0018,0.8,0,47500,25,0,0.091
C-05780,0.0489,0.0,0.0,-0.0489,0.2105,1,0.002,0.01011,0.00091,2.7,0,388500,50,0,0.066
C-05781,0.1371,0.0,0.0,-0.0577,0.2241,0,0.0049,0.011,0.0018,2.2,0,211500,37,0,0.073
C-05782,0.2453,0.5641,0.1384,-0.1849,0.7436,0,0.0012,0.011,0.0018,11.7,1,79500,71,0,0.043
C-05783,0.0371,0.0,0.0,-0.0282,0.0,0,-0.0014,0.01005,0.00085,0.3,0,404500,72,0,0.085
C-05784,0.1339,0.0,0.0,-0.0839,0.6111,0,-0.0173,0.01036,0.00116,11.1,0,336000,43,0,0.028
C-05785,0.1292,0.0,0.0,-0.1088,0.7273,0,0.0523,0.00856,-0.00064,7.0,0,1277000,67,0,0.0
C-05786,0.1758,0.3058,0.0538,-0.1758,0.205,1,0.0471,0.00929,9e-05,0.6,0,790500,52,0,0.002
C-05787,0.1287,0.0,0.0,-0.1089,0.8329,0,-0.0062,0.00838,-0.00082,4.0,1,1394500,61,0,0.0
C-05788,0.4322,0.7209,0.3116,-0.4322,0.8605,1,0.0524,0.011,0.0018,11.0,1,99500,39,1,0.503
C-05789,0.264,0.6991,0.1846,-0.2009,0.2301,0,0.0377,0.011,0.0018,0.6,0,214000,38,1,0.667
C-05790,0.1384,0.0,0.0,-0.1052,0.65,0,-0.0056,0.011,0.0018,4.4,1,144500,32,0,0.028
C-05791,0.162,0.0,0.0,-0.1394,0.4058,0,-0.0071,0.011,0.0018,8.1,1,213000,70,0,0.01
C-05792,0.1695,0.0,0.0,-0.087,0.5507,0,-0.019,0.011,0.0018,1.3,0,203500,70,0,0.037
C-05793,0.0794,0.0,0.0,-0.0794,0.2667,1,0.0024,0.011,0.0018,0.3,0,94500,25,0,0.068
C-05794,0.1392,0.4226,0.0588,-0.1169,0.4907,0,-0.0022,0.00763,-0.00157,12.4,0,2321000,62,1,0.136
C-05795,0.0965,0.0,0.0,0.1054,0.5641,0,-0.0142,0.011,0.0018,0.5,1,202000,36,0,0.05
C-05796,0.1437,0.234,0.0336,-0.0336,0.0,0,-0.0103,0.011,0.0018,4.3,1,163500,46,0,0.056
C-05797,0.1495,0.0,0.0,-0.0458,0.2778,0,0.0008,0.01058,0.00138,4.5,0,301000,30,0,0.017
C-05798,0.1497,0.0,0.0,-0.1497,0.5375,1,-0.0095,0.00967,0.00047,12.7,1,534500,72,0,0.058
C-05799,0.1398,0.0,0.0,-0.1398,0.5385,1,-0.0134,0.011,0.0018,0.4,0,46500,35,0,0.061
C-05800,0.1372,0.0,0.0,-0.1372,0.7597,1,0.0267,0.00983,0.00063,20.9,1,470000,57,0,0.068
C-05801,0.0589,0.0,0.0,-0.0298,0.75,0,0.0015,0.00704,-0.00216,1.5,0,3495500,55,0,0.064
C-05802,0.1971,0.3818,0.0753,-0.1326,0.5545,0,-0.0049,0.01074,0.00154,22.5,0,279000,59,0,0.002
C-05803,0.2057,0.0,0.0,-0.2057,0.3375,1,-0.0026,0.01011,0.00091,8.6,1,389000,68,0,0.02
C-05804,0.1052,0.0,0.0,-0.1052,0.5918,1,0.0044,0.011,0.0018,4.5,1,233000,56,0,0.0
C-05805,0.1647,0.0,0.0,-0.1288,0.5152,0,-0.0038,0.01058,0.00138,10.1,0,300500,46,0,0.018
C-05806,0.1286,0.3713,0.0477,-0.1286,0.1976,1,0.0087,0.00946,0.00026,7.6,1,649500,64,0,0.029
C-05807,0.1313,0.0,0.0,-0.1254,0.0,0,-0.0129,0.00741,-0.00179,7.2,1,2872000,51,0,0.018
C-05808,0.1171,0.0,0.0,-0.1171,0.0,1,0.0035,0.011,0.0018,2.8,0,158000,40,0,0.095
C-05809,0.0942,0.0,0.0,-0.0942,0.2692,1,0.0527,0.011,0.0018,5,1,138000,27,1,0.356
C-05810,0.0495,0.0,0.0,0.1088,0.0,0,-0.0025,0.011,0.0018,2.6,0,91000,55,0,0.0
C-05811,0.0515,0.0,0.0,-0.0216,0.3901,0,-0.0026,0.00799,-0.00121,14.6,0,1767000,64,0,0.085
C-05812,0.1564,0.0,0.0,-0.1491,0.4884,0,-0.0122,0.00926,6e-05,7.2,1,825000,72,0,0.058
C-05813,0.2442,0.6029,0.1472,-0.1494,0.7353,0,0.0128,0.01074,0.00154,5.0,1,278500,30,1,0.762
C-05814,0.1064,0.0,0.0,-0.1064,0.0,1,0.0226,0.011,0.0018,2.2,0,47000,29,0,0.013
C-05815,0.1938,0.0,0.0,-0.1315,0.0,0,-0.0223,0.01066,0.00146,17.4,0,289000,61,0,0.029
C-05816,0.1548,0.0,0.0,-0.0465,0.25,0,-0.0066,0.011,0.0018,4,0,77500,26,0,0.0
C-05817,0.1152,0.0,0.0,0.0885,0.6842,0,-0.0104,0.011,0.0018,5.9,0,82500,29,0,0.049
C-05818,0.073,0.0,0.0,-0.0447,0.0,0,-0.0064,0.00752,-0.00168,14,0,2582000,36,0,0.011
C-05819,0.1441,0.0,0.0,-0.1441,0.1486,1,0.0485,0.00931,0.00011,3.0,0,770500,57,0,0.038
C-05820,0.1967,0.395,0.0777,-0.157,0.395,0,-0.0015,0.01057,0.00137,2.4,0,302500,53,0,0.053
C-05821,0.1252,0.0,0.0,-0.1252,0.5633,1,0.0519,0.00918,-2e-05,12,1,914500,34,0,0.088
C-05822,0.1704,0.0,0.0,-0.1662,0.1908,0,0.0024,0.00878,-0.00042,1.6,0,1153500,69,0,0.048
C-05823,0.2671,0.2466,0.0659,-0.2334,1.0,0,0.0067,0.00926,6e-05,1.9,0,820000,60,0,0.045
C-05824,0.124,0.1875,0.0233,-0.1085,0.5208,0,0.0116,0.01011,0.00091,8.0,0,387000,67,0,0.039
C-05825,0.2457,0.6357,0.1562,-0.2369,0.7807,0,0.0489,0.00964,0.00044,3.5,1,547500,73,1,0.697
C-05826,0.1769,0.0,0.0,-0.1769,0.7872,1,-0.005,0.00928,8e-05,0.3,0,797000,64,0,0.061
C-05827,0.1194,0.0,0.0,0.0955,0.1875,0,-0.0228,0.011,0.0018,3,0,67000,25,0,0.015
C-05828,0.1893,0.0,0.0,-0.1654,0.2915,0,0.0442,0.00946,0.00026,5.0,0,652500,31,0,0.049
C-05829,0.0735,0.0,0.0,-0.0735,1.0,1,0.0359,0.011,0.0018,7.9,1,136000,31,0,0.083
C-05830,0.1148,0.0,0.0,-0.0833,0.3314,0,0.026,0.00932,0.00012,0.8,0,762000,41,0,0.023
C-05831,0.1311,0.0,0.0,0.0,0.6667,0,0.0067,0.011,0.0018,17.5,0,91500,69,0,0.107
C-05832,0.0706,0.0,0.0,-0.0212,0.6354,0,0.008,0.00843,-0.00077,9.2,0,1360500,47,0,0.074
C-05833,0.0696,0.0,0.0,-0.057,0.6038,0,-0.007,0.01014,0.00094,2.4,0,380500,72,0,0.037
C-05834,0.1237,0.0,0.0,-0.1237,0.3043,1,-0.0028,0.011,0.0018,12.1,0,93000,38,0,0.049
C-05835,0.0127,0.0,0.0,-0.0127,0.25,1,-0.0097,0.011,0.0018,3.7,0,157000,66,0,0.044
C-05836,0.1385,0.0,0.0,-0.1385,0.7137,1,-0.0099,0.00803,-0.00117,2.9,0,1715000,65,0,0.105
C-05837,0.0867,0.0,0.0,-0.0707,0.5692,0,0.0331,0.00933,0.00013,17,0,749500,39,0,0.01
C-05838,0.1263,0.0,0.0,-0.1263,0.3333,1,0.0353,0.011,0.0018,14.3,0,47500,43,0,0.046
C-05839,0.1466,0.0,0.0,-0.1466,0.3077,1,-0.0072,0.011,0.0018,3.2,0,133000,70,0,0.059
C-05840,0.1463,0.0,0.0,-0.0488,0.0556,0,0.004,0.011,0.0018,12.0,0,61500,71,0,0.0
C-05841,0.143,0.0,0.0,-0.0457,0.7598,0,-0.0073,0.0092,0.0,1.1,0,888000,58,0,0.055
C-05842,0.0912,0.0,0.0,-0.0675,0.7685,0,0.0021,0.00886,-0.00034,8.6,1,1113000,52,0,0.05
C-05843,0.0702,0.0,0.0,-0.0702,0.25,1,-0.0057,0.00875,-0.00045,22.2,1,1168500,63,0,0.0
C-05844,0.169,0.4286,0.0724,-0.1294,0.609,0,-0.0173,0.01009,0.00089,0.3,1,393500,49,0,0.006
C-05845,0.1789,0.4706,0.0842,-0.1789,0.5882,1,0.0133,0.011,0.0018,1.8,0,47500,38,1,0.539
C-05846,0.0818,0.0,0.0,-0.0365,0.5385,0,-0.0093,0.011,0.0018,3,0,79500,25,0,0.058
C-05847,0.1009,0.0,0.0,-0.0795,0.2059,0,-0.001,0.011,0.0018,4.3,1,168500,75,0,0.071
C-05848,0.058,0.0,0.0,-0.0282,0.4643,0,0.0097,0.011,0.0018,1.1,0,241500,65,0,0.018
C-05849,0.1781,0.5227,0.0931,-0.081,0.8182,0,0.0088,0.011,0.0018,0.3,0,123500,44,0,0.036
C-05850,0.1523,0.0,0.0,-0.0183,0.3667,0,-0.0076,0.011,0.0018,2.2,1,98500,28,0,0.083
C-05851,0.0657,0.0,0.0,-0.0263,0.7321,0,0.0359,0.00997,0.00077,3.4,0,426500,50,0,0.037
C-05852,0.0319,0.0,0.0,0.0064,0.175,0,0.0079,0.0095,0.0003,1.9,1,627000,60,0,0.0
C-05853,0.1615,0.0,0.0,-0.1394,0.7429,0,0.0009,0.00946,0.00026,1.5,0,650000,48,1,0.143
C-05854,0.053,0.0,0.0,-0.053,0.52,1,0.0416,0.011,0.0018,2.7,0,236000,32,0,0.072
C-05855,0.1246,0.0,0.0,-0.1246,0.7513,1,-0.0049,0.00929,9e-05,2.5,0,790500,58,0,0.039
C-05856,0.5065,0.6923,0.3506,-0.5065,0.0513,1,0.0485,0.011,0.0018,4.4,1,77000,48,1,0.297
C-05857,0.2041,0.1583,0.0323,-0.2041,0.318,1,-0.0231,0.00809,-0.00111,6.2,1,1656000,31,0,0.09
C-05858,0.3218,0.7312,0.2353,-0.272,0.3548,0,0.0377,0.011,0.0018,1.2,0,144500,68,1,0.621
C-05859,0.0929,0.0,0.0,-0.0929,0.3,1,0.0527,0.01082,0.00162,6.5,0,269000,29,0,0.046
C-05860,0.134,0.0,0.0,-0.0936,0.2771,0,-0.008,0.00923,3e-05,4.2,1,862000,36,0,0.057
C-05861,0.128,0.0,0.0,-0.0665,0.3,0,-0.0121,0.01079,0.00159,5.9,0,273500,45,0,0.0
C-05862,0.2234,0.5227,0.1168,-0.2234,0.7273,1,-0.0043,0.011,0.0018,2.3,1,98500,26,1,0.774
C-05863,0.1297,0.0,0.0,-0.0788,0.3273,0,0.0117,0.00997,0.00077,1.0,0,424000,37,0,0.043
C-05864,0.0642,0.0,0.0,-0.0642,1.0,1,0.0149,0.011,0.0018,3.1,0,109000,71,0,0.026
C-05865,0.0344,0.0,0.0,-0.0123,0.0,0,0.0124,0.00629,-0.00291,19.9,1,5542000,58,0,0.04
C-05866,0.1573,0.0,0.0,-0.1502,0.7389,0,-0.0063,0.0064,-0.0028,0.3,0,5075000,56,0,0.076
C-05867,0.1287,0.0,0.0,-0.1083,0.6033,0,-0.0215,0.00916,-4e-05,4.5,1,940000,68,0,0.054
C-05868,0.0326,0.0,0.0,0.15,0.0,0,0.0394,0.011,0.0018,3,0,92000,25,0,0.044
C-05869,0.2757,0.4526,0.1247,-0.237,0.562,0,0.0058,0.011,0.0018,0.3,1,248500,40,0,0.016
C-05870,0.1569,0.0,0.0,-0.1511,0.0613,0,-0.0163,0.00903,-0.00017,7.8,0,1039000,41,0,0.042
C-05871,0.1833,0.0,0.0,-0.1312,0.5325,0,0.006,0.00986,0.00066,1.1,0,461000,33,0,0.017
C-05872,0.1823,0.4673,0.0852,-0.1332,0.2336,0,0.0104,0.01063,0.00143,2.0,0,293500,46,0,0.077
C-05873,0.178,0.0,0.0,-0.1551,0.2024,0,0.0353,0.00982,0.00062,3.3,0,472000,43,0,0.054
C-05874,0.1095,0.0,0.0,-0.0677,0.3636,0,-0.0026,0.011,0.0018,5.4,1,201000,42,0,0.065
C-05875,0.0631,0.0,0.0,-0.0544,0.7288,0,-0.008,0.0069,-0.0023,9.8,1,3742500,64,0,0.06
C-05876,0.1291,0.0,0.0,-0.1291,0.515,1,0.0272,0.00795,-0.00125,1.4,0,1813000,72,0,0.042
C-05877,0.0835,0.0,0.0,0.0589,0.6974,0,0.0075,0.00987,0.00067,7.0,1,455000,52,0,0.075
C-05878,0.227,0.6066,0.1377,-0.2069,0.6926,0,0.0433,0.00966,0.00046,0.3,0,537500,75,0,0.0
C-05879,0.0916,0.0,0.0,-0.0847,1.0,0,0.0128,0.00969,0.00049,1.0,1,524000,74,0,0.06
C-05880,0.0914,0.0,0.0,0.1996,0.3878,0,-0.0036,0.01083,0.00163,1.9,0,268000,58,0,0.051
C-05881,0.0514,0.0,0.0,0.1056,0.3636,0,-0.0224,0.011,0.0018,3,0,107000,25,1,0.149
C-05882,0.1181,0.3246,0.0383,-0.0759,0.5,0,0.0103,0.0098,0.0006,17.8,1,482500,68,0,0.0
C-05883,0.1714,0.0,0.0,-0.148,0.6818,0,0.0105,0.00972,0.00052,4.1,0,513500,71,0,0.0
C-05884,0.1277,0.0,0.0,-0.0766,0.4167,0,-0.0095,0.011,0.0018,11,1,47000,33,0,0.0
C-05885,0.1062,0.0,0.0,-0.1062,0.3723,1,-0.0122,0.00991,0.00071,4.7,1,442500,73,0,0.037
C-05886,0.1672,0.1352,0.0226,-0.1629,0.4703,0,-0.0028,0.0059,-0.0033,17.2,0,7940500,50,0,0.054
C-05887,0.0744,0.0,0.0,-0.0744,0.6048,1,-0.0094,0.00616,-0.00304,1.7,0,6158000,39,0,0.029
C-05888,0.0764,0.0,0.0,-0.0688,0.2884,0,0.0062,0.00837,-0.00083,0.7,0,1406500,68,0,0.011
C-05889,0.0121,0.0,0.0,-0.0021,0.0,0,0.0008,0.00895,-0.00025,10.7,1,1070500,70,0,0.0
C-05890,0.1013,0.0,0.0,-0.0775,0.768,0,-0.0102,0.00915,-5e-05,3.6,0,957500,37,1,0.05
C-05891,0.1987,0.427,0.0848,-0.1612,0.7528,0,0.005,0.011,0.0018,0.3,1,224000,69,0,0.077
C-05892,0.1622,0.0,0.0,-0.088,0.7024,0,-0.0018,0.01091,0.00171,9.3,1,259000,32,0,0.019
C-05893,0.0792,0.0,0.0,-0.0646,0.0,0,-0.0057,0.01002,0.00082,0.9,0,410500,42,0,0.041
C-05894,0.177,0.0,0.0,-0.1246,0.4838,0,0.0161,0.00922,2e-05,5.9,0,870000,37,0,0.028
C-05895,0.166,0.0,0.0,-0.1055,0.5316,0,-0.0021,0.00938,0.00018,6.2,0,714000,63,0,0.093
C-05896,0.0654,0.0,0.0,-0.0654,0.4286,1,0.0046,0.011,0.0018,5,0,53500,27,0,0.035
C-05897,0.1655,0.6277,0.1039,-0.1655,0.2628,1,0.0429,0.01001,0.00081,1.4,0,414000,66,0,0.044
C-05898,0.1307,0.0,0.0,-0.1221,0.3398,0,0.0438,0.00606,-0.00314,1.5,0,6709500,75,0,0.0
C-05899,0.0582,0.0,0.0,-0.048,0.3438,0,0.0154,0.01077,0.00157,4.1,1,275000,43,0,0.048
C-05900,0.1894,0.0,0.0,-0.1204,0.4684,0,-0.0118,0.011,0.0018,11.6,0,208500,56,0,0.112
C-05901,0.0789,0.0,0.0,-0.0634,0.5204,0,-0.0105,0.00951,0.00031,0.3,0,621000,67,0,0.051
C-05902,0.0844,0.0,0.0,-0.0602,0.2201,0,-0.0049,0.00821,-0.00099,2.0,0,1534000,53,0,0.069
C-05903,0.1943,0.0,0.0,-0.1692,0.5846,0,-0.0082,0.01037,0.00117,1.8,0,334500,49,0,0.068
C-05904,0.0653,0.0,0.0,-0.0201,0.9153,0,0.001,0.00988,0.00068,14.5,1,452000,62,0,0.066
C-05905,0.0519,0.0,0.0,-0.0037,0.52,0,0.0005,0.00937,0.00017,3.6,0,722500,46,0,0.002
C-05906,0.1446,0.0,0.0,-0.1446,0.8963,1,0.0373,0.00771,-0.00149,1.1,1,2167500,61,0,0.072
C-05907,0.1832,0.2184,0.04,-0.1427,0.4598,0,-0.0112,0.011,0.0018,2.9,0,237500,70,0,0.091
C-05908,0.1246,0.0,0.0,-0.0075,0.425,0,-0.0137,0.0098,0.0006,7.6,0,481500,50,0,0.0
C-05909,0.1044,0.0,0.0,-0.0878,0.0977,0,-0.0182,0.00864,-0.00056,21,0,1226000,43,0,0.074
C-05910,0.1342,0.0,0.0,-0.0192,0.7857,0,0.034,0.011,0.0018,1.9,0,156500,42,0,0.075
C-05911,0.163,0.4,0.0652,-0.0587,0.6667,0,0.0044,0.011,0.0018,0.5,0,46000,28,0,0.06
C-05912,0.2122,0.0,0.0,-0.2122,0.7118,1,-0.015,0.00738,-0.00182,2.2,0,2975500,50,0,0.0
C-05913,0.1505,0.0,0.0,1.2172,0.0,0,0.0032,0.011,0.0018,1.2,0,46500,45,0,0.04
C-05914,0.0885,0.0,0.0,-0.0464,0.0603,0,-0.0135,0.00945,0.00025,2.5,1,655500,38,0,0.071
C-05915,0.1746,0.0,0.0,-0.1746,0.3766,1,-0.0001,0.00992,0.00072,11.3,0,441000,65,0,0.08
C-05916,0.1143,0.0,0.0,-0.1143,0.4664,1,-0.0062,0.00902,-0.00018,10.2,0,1041000,59,1,0.154
C-05917,0.2328,0.4969,0.1157,-0.2187,0.2767,0,-0.0032,0.01033,0.00113,0.3,1,341500,72,0,0.049
C-05918,0.0452,0.0,0.0,-0.0452,0.3438,1,0.025,0.01027,0.00107,4.0,0,354000,63,0,0.04
C-05919,0.1875,0.4074,0.0764,-0.0042,0.9259,0,0.0058,0.011,0.0018,4.5,0,72000,52,0,0.001
C-05920,0.0722,0.0,0.0,0.0763,0.5714,0,0.0041,0.011,0.0018,1.0,0,48500,27,0,0.008
C-05921,0.1301,0.0,0.0,0.1626,0.6875,0,-0.0076,0.011,0.0018,2.7,0,123000,54,0,0.029
C-05922,0.0668,0.0,0.0,0.0032,0.1768,0,0.0154,0.00844,-0.00076,5.4,0,1354500,41,0,0.063
C-05923,0.0426,0.0,0.0,-0.0017,1.0,0,-0.0008,0.011,0.0018,6.6,0,176000,67,0,0.051
C-05924,0.1389,0.2,0.0278,0.0389,0.4667,0,0.0051,0.011,0.0018,4.7,1,54000,30,0,0.026
C-05925,0.0781,0.0,0.0,0.0065,0.3226,0,-0.0064,0.011,0.0018,3.5,0,198500,41,0,0.012
C-05926,0.0706,0.0,0.0,-0.0414,0.6121,0,0.0067,0.0081,-0.0011,5.5,0,1643000,47,0,0.062
C-05927,0.0714,0.0,0.0,0.198,0.4286,0,0.0359,0.011,0.0018,4.3,0,49000,52,0,0.029
C-05928,0.1362,0.0,0.0,-0.1362,0.5957,1,0.0365,0.011,0.0018,4.1,0,172500,74,1,0.39
C-05929,0.1578,0.0,0.0,-0.1183,0.25,0,0.0199,0.00953,0.00033,0.3,0,608500,68,0,0.032
C-05930,0.1054,0.0,0.0,-0.0653,0.4841,0,-0.0077,0.00955,0.00035,1.1,0,597500,40,0,0.007
C-05931,0.0539,0.0,0.0,0.1851,1.0,0,-0.0013,0.011,0.0018,3.4,0,120500,39,0,0.05
C-05932,0.1281,0.0,0.0,-0.1234,0.1423,0,0.005,0.00909,-0.00011,0.3,1,1014500,69,0,0.0
C-05933,0.1089,0.0,0.0,0.0498,0.7143,0,-0.0029,0.011,0.0018,1.2,0,128500,58,0,0.035
C-05934,0.0825,0.0,0.0,-0.0825,0.375,1,0.0399,0.011,0.0018,1.1,0,48500,72,0,0.016
C-05935,0.137,0.2,0.0274,0.1753,0.1,0,-0.0084,0.011,0.0018,0.7,0,73000,53,0,0.058
C-05936,0.068,0.0,0.0,-0.0214,0.0,0,-0.0106,0.011,0.0018,2.3,0,154500,27,0,0.0
C-05937,0.0703,0.0,0.0,-0.0554,0.0763,0,-0.016,0.00798,-0.00122,1.1,0,1771000,52,0,0.084
C-05938,0.1185,0.0,0.0,-0.1185,0.4713,1,-0.0001,0.0102,0.001,1.6,0,367000,73,0,0.051
C-05939,0.1401,0.2941,0.0412,-0.061,0.8431,0,-0.0191,0.011,0.0018,12.3,0,182000,49,0,0.029
C-05940,0.0929,0.0,0.0,-0.0929,1.0,1,-0.0196,0.011,0.0018,5.2,0,140000,48,0,0.037
C-05941,0.0665,0.0,0.0,-0.0496,0.7578,0,0.0026,0.00786,-0.00134,0.6,0,1925500,44,0,0.047
C-05942,0.1058,0.0,0.0,-0.0875,0.3694,0,-0.0022,0.00969,0.00049,0.3,0,524500,53,0,0.036
C-05943,0.0421,0.0,0.0,0.3874,0.25,0,0.0073,0.011,0.0018,3.1,0,47500,40,0,0.038
C-05944,0.1667,0.0,0.0,0.0083,0.4375,0,-0.0171,0.011,0.0018,0.6,1,48000,25,0,0.067
C-05945,0.1462,0.0,0.0,-0.0908,0.4737,0,0.0148,0.011,0.0018,2.1,0,65000,26,0,0.066
C-05946,0.1484,0.0,0.0,0.0953,0.3158,0,0.0025,0.011,0.0018,3.6,0,64000,34,0,0.023
C-05947,0.1429,0.0,0.0,-0.1429,0.0,1,0.0543,0.011,0.0018,0.7,0,234500,66,1,0.05
C-05948,0.0824,0.0,0.0,-0.0329,0.0,0,0.0286,0.01034,0.00114,0.3,0,340000,36,0,0.01
C-05949,0.0348,0.0,0.0,-0.0348,1.0,1,0.0005,0.00929,9e-05,7.8,0,789500,48,0,0.033
C-05950,0.0366,0.0,0.0,-0.0211,0.5588,0,-0.0168,0.00917,-3e-05,6.7,1,929500,66,0,0.079
C-05951,0.0632,0.0,0.0,-0.0632,0.8333,1,-0.0088,0.011,0.0018,4.8,1,47500,65,1,0.058
C-05952,0.1239,0.0,0.0,-0.0405,0.439,0,-0.0125,0.01039,0.00119,12.4,1,331000,41,0,0.0
C-05953,0.1,0.0,0.0,-0.1,0.3333,1,0.0091,0.011,0.0018,3.9,0,90000,55,1,0.05
C-05954,0.2696,0.5223,0.1408,-0.2349,0.5223,0,0.0129,0.01,0.0008,9.2,1,415500,40,1,0.572
C-05955,0.1416,0.4375,0.0619,0.7717,0.5625,0,-0.0047,0.011,0.0018,14,0,56500,36,1,0.341
C-05956,0.0689,0.0,0.0,-0.0438,1.0,0,-0.0126,0.00919,-1e-05,4.5,0,906500,57,0,0.039
C-05957,0.1398,0.0,0.0,-0.1398,0.3214,1,-0.008,0.01006,0.00086,2.1,1,400500,74,1,0.275
C-05958,0.2342,0.2308,0.0541,-0.2342,0.3846,1,0.0124,0.011,0.0018,9.5,1,55500,34,0,0.029
C-05959,0.1054,0.0,0.0,-0.0744,0.4286,0,0.0052,0.011,0.0018,14.8,0,232500,65,0,0.035
C-05960,0.1265,0.6667,0.0843,-0.0928,1.0,0,0.0503,0.011,0.0018,1.1,0,83000,73,0,0.053
C-05961,0.1895,0.6667,0.1263,-0.1895,0.8889,1,0.0277,0.011,0.0018,3,0,47500,25,1,0.637
C-05962,0.1102,0.0,0.0,0.0598,0.1429,0,0.0056,0.011,0.0018,1.1,1,127000,68,0,0.043
C-05963,0.2234,0.2093,0.0468,-0.1797,0.2791,0,0.0006,0.011,0.0018,2.3,0,192500,55,0,0.018
C-05964,0.205,0.5242,0.1074,-0.1415,0.1855,0,-0.0038,0.01057,0.00137,8,1,302500,30,0,0.048
C-05965,0.1281,0.0,0.0,-0.1126,0.7303,0,-0.0121,0.0094,0.0002,0.3,1,694500,58,0,0.046
C-05966,0.0662,0.0,0.0,-0.0662,1.0,1,-0.0079,0.011,0.0018,0.3,1,143500,43,0,0.031
C-05967,0.0516,0.0,0.0,-0.0441,0.3068,0,0.0065,0.00639,-0.00281,2.9,0,5117000,45,0,0.028
C-05968,0.2634,0.7611,0.2005,-0.2634,0.7611,1,0.0415,0.011,0.0018,3.7,1,214500,38,1,0.582
C-05969,0.0509,0.0,0.0,-0.029,0.5726,0,0.0147,0.00878,-0.00042,2.7,1,1149500,41,0,0.083
C-05970,0.19,0.7471,0.1419,-0.1114,0.7471,0,0.0053,0.011,0.0018,5.1,1,229000,60,1,0.601
C-05971,0.1378,0.0,0.0,-0.1301,0.8016,0,0.002,0.00791,-0.00129,0.9,0,1864500,28,1,0.301
C-05972,0.081,0.4706,0.0381,-0.081,0.5294,1,0.0099,0.011,0.0018,9.5,0,105000,34,0,0.005
C-05973,0.0585,0.0,0.0,-0.0585,1.0,1,-0.0005,0.00653,-0.00267,17.7,0,4651000,51,0,0.08
C-05974,0.0598,0.0,0.0,-0.0598,0.2414,1,-0.0046,0.011,0.0018,7.7,0,242500,64,0,0.055
C-05975,0.0958,0.0,0.0,-0.0658,0.5652,0,0.0041,0.011,0.0018,1.9,0,120000,66,0,0.026
C-05976,0.0775,0.0,0.0,-0.0535,0.4194,0,-0.0007,0.011,0.0018,1.5,0,200000,62,0,0.023
C-05977,0.1933,0.0,0.0,-0.166,0.4146,0,-0.0016,0.00918,-2e-05,1.2,0,923500,49,0,0.067
C-05978,0.1513,0.0,0.0,-0.1464,0.4741,0,-0.0112,0.00591,-0.00329,6.6,1,7844000,52,0,0.023
C-05979,0.1062,0.0,0.0,-0.0886,0.6509,0,0.0159,0.00705,-0.00215,0.8,0,3480500,63,0,0.073
C-05980,0.4366,0.6258,0.2732,-0.4366,0.1548,1,0.0299,0.011,0.0018,1.5,0,177500,27,1,0.604
C-05981,0.1127,0.0,0.0,-0.1127,0.8467,1,0.0034,0.00847,-0.00073,11.4,1,1330500,69,0,0.043
C-05982,0.1129,0.0,0.0,-0.1006,0.2455,0,0.005,0.00978,0.00058,2.1,0,487000,75,0,0.059
C-05983,0.0874,0.2581,0.0226,-0.0874,0.0,1,-0.0019,0.01026,0.00106,5.0,1,354500,67,0,0.053
C-05984,0.0382,0.0,0.0,0.0775,0.2632,0,-0.0167,0.011,0.0018,13.9,0,249000,42,0,0.057
C-05985,0.119,0.2872,0.0342,-0.1125,0.2872,0,-0.0209,0.00745,-0.00175,0.3,0,2765500,74,0,0.057
C-05986,0.051,0.0,0.0,-0.0328,0.6529,0,0.0066,0.00871,-0.00049,4.8,0,1185500,60,0,0.066
C-05987,0.3226,0.4333,0.1398,-0.3226,0.6,1,0.0171,0.011,0.0018,1.2,0,46500,42,1,0.318
C-05988,0.0618,0.0,0.0,0.0262,0.2527,0,-0.0086,0.00935,0.00015,11.8,0,736000,61,0,0.01
C-05989,0.0619,0.4615,0.0286,0.0524,0.8462,0,-0.001,0.011,0.0018,5,0,105000,27,0,0.048
C-05990,0.1078,0.0,0.0,-0.1078,0.3615,1,0.0002,0.00629,-0.00291,6.0,0,5540500,54,0,0.03
C-05991,0.0559,0.0,0.0,-0.0017,0.5577,0,0.0099,0.00984,0.00064,0.9,0,465000,42,0,0.039
C-05992,0.152,0.0,0.0,-0.152,0.0914,1,0.0142,0.00952,0.00032,3.0,0,612000,59,0,0.028
C-05993,0.0531,0.0,0.0,0.0011,0.65,0,-0.0102,0.01016,0.00096,3.0,0,377000,62,0,0.053
C-05994,0.1085,0.0,0.0,-0.0642,0.2128,0,-0.0083,0.011,0.0018,9.7,0,216500,69,0,0.076
C-05995,0.0706,0.0,0.0,-0.0706,0.1095,1,-0.0066,0.00712,-0.00208,0.5,1,3364000,62,0,0.036
C-05996,0.2449,0.2083,0.051,-0.2449,0.3889,1,0.0281,0.011,0.0018,5.0,0,147000,67,0,0.009
C-05997,0.1101,0.0,0.0,-0.1018,0.0703,0,0.0029,0.00876,-0.00044,13.4,0,1163000,55,0,0.005
C-05998,0.0523,0.0,0.0,-0.0473,0.0,0,0.0076,0.00936,0.00016,0.6,1,727000,61,0,0.113
C-05999,0.1233,0.3371,0.0416,-0.1233,0.5843,1,0.0038,0.01023,0.00103,0.3,1,361000,63,0,0.022
C-06000,0.1346,0.0,0.0,-0.1346,0.7857,1,0.0215,0.011,0.0018,9,1,52000,31,0,0.0
C-06001,0.1056,0.0,0.0,-0.0589,0.2105,0,0.0073,0.011,0.0018,0.7,0,180000,70,0,0.059
C-06002,0.1761,0.0,0.0,-0.0539,0.8594,0,-0.0016,0.01022,0.00102,10.3,0,363500,40,0,0.046
C-06003,0.0753,0.4286,0.0323,0.1054,0.5714,0,-0.0156,0.011,0.0018,6.5,0,46500,69,0,0.006
C-06004,0.188,0.2273,0.0427,1.0838,0.7273,0,0.0019,0.011,0.0018,1.2,1,58500,37,0,0.05
C-06005,0.045,0.4444,0.02,-0.009,0.7778,0,0.0065,0.011,0.0018,1.7,1,100000,72,0,0.011
C-06006,0.0932,0.0,0.0,-0.067,0.1489,0,0.0141,0.0091,-0.0001,3.6,0,1008500,56,0,0.059
C-06007,0.1047,0.0,0.0,-0.1047,0.2222,1,-0.0147,0.011,0.0018,8.2,1,86000,66,0,0.043
C-06008,0.0699,0.0,0.0,-0.0699,0.7241,1,0.039,0.011,0.0018,11.5,0,207500,71,0,0.11
C-06009,0.0841,0.6421,0.054,-0.0543,0.2211,0,-0.0024,0.00961,0.00041,1.9,0,565000,68,0,0.106
C-06010,0.1307,0.0,0.0,0.0057,0.3043,0,-0.0005,0.011,0.0018,0.6,1,88000,26,0,0.021
C-06011,0.1053,0.0,0.0,0.2737,0.5,0,-0.0055,0.011,0.0018,1.1,1,47500,32,0,0.027
C-06012,0.0712,0.0,0.0,-0.0712,0.0,1,0.0007,0.00868,-0.00052,7.3,1,1201500,68,0,0.067
C-06013,0.1571,0.2683,0.0421,-0.0835,0.3415,0,-0.0029,0.011,0.0018,5.3,1,130500,66,0,0.0
C-06014,0.045,0.0,0.0,0.147,0.3333,0,0.0058,0.011,0.0018,7.8,0,100000,31,0,0.059
C-06015,0.131,0.0,0.0,-0.131,0.4211,1,-0.0006,0.011,0.0018,3.7,1,72500,50,0,0.005
C-06016,0.1263,0.0,0.0,0.0758,0.6667,0,-0.0107,0.011,0.0018,18.4,0,47500,62,0,0.006
C-06017,0.2078,0.468,0.0973,-0.1991,0.3256,0,0.0466,0.00809,-0.00111,9.0,0,1655500,63,1,0.422
C-06018,0.1954,0.0,0.0,-0.1869,1.0,0,0.0395,0.00961,0.00041,21,0,565500,43,0,0.084
C-06019,0.1773,0.5414,0.096,-0.1632,0.9227,0,0.0168,0.00972,0.00052,21.9,1,510500,44,1,0.632
C-06020,0.4613,0.736,0.3395,-0.3579,0.112,0,0.047,0.011,0.0018,3.5,0,135500,28,0,0.036
C-06021,0.1463,0.0,0.0,-0.0878,0.125,0,0.0025,0.011,0.0018,4.7,0,164000,57,0,0.071
C-06022,0.0952,0.0,0.0,-0.0715,0.8766,0,0.0051,0.00927,7e-05,1.8,0,808500,75,0,0.117
C-06023,0.1094,0.0,0.0,-0.1094,1.0,1,-0.005,0.011,0.0018,5.0,0,192000,42,0,0.094
C-06024,0.0915,0.0,0.0,-0.0239,0.0,0,-0.0024,0.011,0.0018,19.7,1,213000,56,0,0.037
C-06025,0.1782,0.1617,0.0288,-0.1618,0.5617,0,-0.0193,0.00945,0.00025,4.4,1,659500,56,0,0.0
C-06026,0.0375,0.0,0.0,-0.02,0.0,0,-0.0026,0.0098,0.0006,11.3,0,480000,51,0,0.092
C-06027,0.103,0.0,0.0,-0.0086,0.7091,0,-0.0058,0.00967,0.00047,14,0,534000,36,0,0.026
C-06028,0.0656,0.0,0.0,0.0736,0.3488,0,-0.0031,0.01041,0.00121,0.5,1,327500,57,0,0.0
C-06029,0.0944,0.0,0.0,0.0614,0.0,0,-0.0034,0.011,0.0018,13.7,0,169500,50,0,0.043
C-06030,0.1222,0.3468,0.0424,-0.108,0.6331,0,-0.0071,0.00909,-0.00011,7.5,0,1014500,70,0,0.067
C-06031,0.3877,0.7022,0.2722,-0.3877,0.1258,1,0.0537,0.00927,7e-05,1.6,0,810000,67,1,0.639
C-06032,0.1966,0.0,0.0,-0.1578,0.7532,0,0.009,0.00956,0.00036,9.6,0,587500,49,0,0.031
C-06033,0.0825,0.0,0.0,0.1649,0.25,0,0.007,0.011,0.0018,3,0,48500,25,0,0.039
C-06034,0.1297,0.0,0.0,-0.096,0.4089,0,0.0294,0.0093,0.0001,5.4,1,782500,55,0,0.038
C-06035,0.1629,0.6207,0.1011,-0.1629,1.0,1,0.0037,0.011,0.0018,17.9,1,89000,47,0,0.044
C-06036,0.1154,0.0,0.0,-0.1154,0.5926,1,0.0106,0.00984,0.00064,2.3,1,468000,75,0,0.047
C-06037,0.0617,0.0,0.0,-0.0617,0.0,1,0.0386,0.0097,0.0005,5.9,1,519000,59,0,0.035
C-06038,0.0425,0.0,0.0,0.0004,0.8421,0,0.0064,0.011,0.0018,14.6,0,223500,48,0,0.041
C-06039,0.1287,0.0,0.0,-0.1234,0.4028,0,0.039,0.00766,-0.00154,4.6,0,2257500,47,0,0.024
C-06040,0.1809,0.4118,0.0745,0.1766,0.5882,0,0.0033,0.011,0.0018,1.1,0,47000,34,1,0.551
C-06041,0.1007,0.0,0.0,-0.1007,0.7333,1,0.0048,0.011,0.0018,8.6,1,149000,31,0,0.039
C-06042,0.1734,0.0,0.0,-0.1734,0.2553,1,0.0102,0.011,0.0018,6.8,1,135500,68,0,0.063
C-06043,0.1708,0.0,0.0,-0.1175,0.2358,0,-0.0144,0.01024,0.00104,6.8,1,360000,37,0,0.006
C-06044,0.1084,0.0,0.0,-0.1084,0.5,1,0.0079,0.01008,0.00088,10.6,0,396500,68,0,0.008
C-06045,0.0924,0.0,0.0,-0.0924,0.2097,1,-0.0026,0.01036,0.00116,8.9,1,335500,66,0,0.071
C-06046,0.1495,0.4107,0.0614,-0.1277,0.7714,0,-0.0057,0.00917,-3e-05,15.7,1,936500,39,0,0.05
C-06047,0.1262,0.0,0.0,-0.1217,0.9529,0,0.0018,0.00747,-0.00173,1.6,0,2694500,72,0,0.058
C-06048,0.0919,0.0,0.0,-0.0919,0.6486,1,0.0472,0.00953,0.00033,0.3,1,604000,74,0,0.05
C-06049,0.0866,0.0,0.0,-0.0866,0.6449,1,0.0226,0.00951,0.00031,11.5,1,617500,46,0,0.015
C-06050,0.0888,0.0,0.0,-0.0451,0.2821,0,-0.0063,0.011,0.0018,2.1,0,219500,44,0,0.05
C-06051,0.1143,0.0,0.0,-0.1143,0.5,1,0.0527,0.011,0.0018,2.8,0,52500,44,0,0.044
C-06052,0.0973,0.4813,0.0468,-0.0722,0.4813,0,0.0063,0.00889,-0.00031,1.4,0,1099500,57,0,0.046
C-06053,0.1304,0.0,0.0,0.0622,0.4103,0,0.0421,0.011,0.0018,3.9,1,149500,52,0,0.0
C-06054,0.1295,0.0,0.0,-0.1295,0.2328,1,-0.0054,0.00853,-0.00067,2.7,0,1293500,63,0,0.053
C-06055,0.1532,0.0,0.0,-0.1532,0.4838,1,0.0457,0.00787,-0.00133,4.3,1,1916000,67,0,0.08
C-06056,0.14,0.2622,0.0367,-0.1189,0.6449,0,0.0046,0.00742,-0.00178,0.9,0,2846500,53,0,0.015
C-06057,0.0906,0.0,0.0,-0.0181,0.875,0,-0.0017,0.011,0.0018,2.1,0,132500,27,0,0.049
C-06058,0.1086,0.0,0.0,-0.04,0.7018,0,0.011,0.01088,0.00168,0.4,0,262500,33,0,0.015
C-06059,0.2462,0.207,0.051,-0.235,0.4767,0,-0.0234,0.00744,-0.00176,1.2,0,2786000,58,1,0.243
C-06060,0.1092,0.0,0.0,0.1529,0.7692,0,-0.0031,0.011,0.0018,0.4,1,59500,45,0,0.054
C-06061,0.1,0.0,0.0,-0.0183,0.2979,0,-0.0135,0.011,0.0018,2.3,0,235000,28,0,0.019
C-06062,0.3641,0.7005,0.2551,-0.3641,0.7005,1,0.0448,0.0096,0.0004,12.5,0,568500,39,0,0.06
C-06063,0.1308,0.0,0.0,-0.1207,0.0,0,-0.0134,0.011,0.0018,3.9,0,237000,75,0,0.048
C-06064,0.1485,0.0,0.0,-0.1485,0.6181,1,0.0548,0.00979,0.00059,7.5,0,485000,30,0,0.0
C-06065,0.134,0.0,0.0,-0.134,0.4894,1,-0.0022,0.00921,1e-05,0.3,1,877000,47,0,0.069
C-06066,0.0787,0.0,0.0,-0.0787,0.0,1,0.0076,0.00951,0.00031,7.9,0,616000,60,0,0.063
C-06067,0.1959,0.6555,0.1284,-0.1584,0.0,0,0.0296,0.00953,0.00033,1.9,0,607500,48,1,0.508
C-06068,0.1308,0.0,0.0,0.0486,0.3571,0,-0.0192,0.011,0.0018,4,0,53500,26,0,0.055
C-06069,0.0876,0.0,0.0,-0.0876,0.8621,1,0.0036,0.011,0.0018,11.9,0,165500,46,0,0.089
C-06070,0.1131,0.0,0.0,-0.1103,0.5239,0,-0.0323,0.00573,-0.00347,5.4,0,9700500,65,0,0.075
C-06071,0.2902,0.4348,0.1262,-0.2902,0.1739,1,0.0078,0.011,0.0018,8.0,1,158500,31,1,0.414
C-06072,0.1378,0.0,0.0,-0.1023,0.5235,0,-0.0182,0.00966,0.00046,4,0,540500,26,0,0.008
C-06073,0.0159,0.0,0.0,0.0151,0.0,0,-0.0039,0.00974,0.00054,0.5,0,504000,51,0,0.027
C-06074,0.1515,0.5077,0.0769,-0.1068,0.0,0,-0.0048,0.011,0.0018,7.5,0,214500,43,0,0.0
C-06075,0.1846,0.0,0.0,-0.1344,0.2486,0,-0.0067,0.00914,-6e-05,2.7,1,980500,34,0,0.011
C-06076,0.0157,0.0,0.0,-0.0042,0.3469,0,0.011,0.00818,-0.00102,2.6,1,1561500,74,0,0.022
C-06077,0.2305,0.5254,0.1211,-0.1742,0.6441,0,-0.002,0.011,0.0018,7,1,128000,29,1,0.814
C-06078,0.0973,0.0,0.0,-0.0164,0.3203,0,0.0195,0.0093,0.0001,11.6,0,786000,56,0,0.029
C-06079,0.1496,0.5305,0.0794,-0.0642,0.1402,0,-0.0028,0.00964,0.00044,3.3,1,548000,35,0,0.043
C-06080,0.0274,0.0,0.0,0.0548,1.0,0,-0.0006,0.011,0.0018,3.2,1,73000,29,0,0.074
C-06081,0.1317,0.0,0.0,-0.1317,0.0563,1,0.0013,0.01082,0.00162,5.1,1,269500,45,0,0.001
C-06082,0.1387,0.7083,0.0983,0.1249,0.8333,0,0.0027,0.011,0.0018,4.0,0,86500,42,0,0.0
C-06083,0.1257,0.0,0.0,-0.1257,0.6818,1,-0.0181,0.011,0.0018,12,1,87500,34,0,0.023
C-06084,0.4644,0.6462,0.3001,-0.4644,0.2786,1,0.0268,0.01012,0.00092,5.4,1,386500,50,1,0.71
C-06085,0.0675,0.0,0.0,-0.0346,1.0,0,0.0201,0.00982,0.00062,5.4,0,474000,43,0,0.06
C-06086,0.2653,0.4231,0.1122,-0.2653,0.2308,1,0.0156,0.011,0.0018,5,0,49000,27,1,0.732
C-06087,0.1456,0.0,0.0,-0.0696,0.4348,0,0.0439,0.011,0.0018,13.7,0,79000,41,0,0.038
C-06088,0.1303,0.0,0.0,-0.1303,0.2655,1,-0.0005,0.00994,0.00074,5.0,0,433500,65,0,0.01
C-06089,0.0246,0.0,0.0,0.0098,0.75,0,-0.008,0.00978,0.00058,1.0,0,487500,33,0,0.031
C-06090,0.1608,0.0,0.0,0.008,0.5625,0,0.0269,0.011,0.0018,0.3,0,99500,75,0,0.019
C-06091,0.0545,0.0,0.0,-0.0378,0.0,0,0.0316,0.00917,-3e-05,6.0,0,935500,41,0,0.059
C-06092,0.2347,0.3443,0.0808,-0.2347,0.5176,1,0.0451,0.00919,-1e-05,5.0,0,909500,54,0,0.013
C-06093,0.0537,0.0,0.0,0.0015,1.0,0,0.0095,0.0101,0.0009,6.8,0,391000,64,0,0.0
C-06094,0.2708,0.7308,0.1979,-0.2708,0.4231,1,0.0404,0.011,0.0018,11.6,1,48000,56,1,0.688
C-06095,0.1834,0.0,0.0,-0.1772,0.2327,0,-0.0048,0.00801,-0.00119,0.3,0,1734000,65,0,0.035
C-06096,0.1055,0.0,0.0,-0.0904,0.1791,0,-0.0068,0.01047,0.00127,4.8,0,317500,68,0,0.044
C-06097,0.2444,0.4483,0.1096,-0.2444,0.1494,1,0.0361,0.011,0.0018,13.9,1,178000,49,1,0.683
C-06098,0.0796,0.0,0.0,-0.0502,0.7949,0,-0.0052,0.011,0.0018,11.0,0,245000,70,0,0.049
C-06099,0.1117,0.0,0.0,0.0358,0.35,0,-0.003,0.011,0.0018,1.6,0,89500,41,0,0.085
C-06100,0.0421,0.0,0.0,-0.0421,0.5556,1,0.0147,0.011,0.0018,2.6,0,107000,29,0,0.043
C-06101,0.1087,0.0,0.0,-0.0893,0.7554,0,0.0449,0.00827,-0.00093,1.9,0,1485500,38,0,0.052
C-06102,0.1786,0.424,0.0757,-0.1446,0.6032,0,0.0001,0.00863,-0.00057,2.2,1,1234500,56,0,0.015
C-06103,0.1356,0.0,0.0,0.0341,0.4468,0,-0.029,0.0103,0.0011,0.3,1,346500,50,0,0.077
C-06104,0.0582,0.0,0.0,-0.0493,0.0,0,0.0015,0.00927,7e-05,3.4,0,807000,65,0,0.021
C-06105,0.098,0.0,0.0,0.3255,0.5,0,0.0043,0.011,0.0018,3.9,1,51000,36,0,0.0
C-06106,0.0718,0.0,0.0,-0.0497,0.5897,0,-0.0017,0.0108,0.0016,14,0,271500,36,0,0.058
C-06107,0.2473,0.3043,0.0753,-0.2473,0.0,1,0.0079,0.011,0.0018,2.9,1,46500,45,1,0.391
C-06108,0.1771,0.0,0.0,-0.1346,0.0,0,0.0043,0.00966,0.00046,0.3,0,536500,37,0,0.019
C-06109,0.1429,0.0,0.0,-0.1429,0.25,1,0.0039,0.011,0.0018,2.1,0,56000,70,0,0.058
C-06110,0.1325,0.1818,0.0241,-0.0747,0.0455,0,0.0009,0.011,0.0018,10.8,0,83000,70,0,0.027
C-06111,0.1442,0.0,0.0,-0.0922,0.3443,0,0.0505,0.011,0.0018,2.1,0,211500,48,0,0.067
C-06112,0.1494,0.0,0.0,-0.1494,0.5737,1,-0.0003,0.00748,-0.00172,14.9,0,2677000,58,0,0.019
C-06113,0.0928,0.0,0.0,-0.0164,0.5429,0,0.0097,0.011,0.0018,4.9,0,188500,46,0,0.043
C-06114,0.2032,0.0,0.0,-0.019,0.2111,0,-0.0089,0.011,0.0018,7.3,1,221500,58,0,0.016
C-06115,0.1467,0.0,0.0,-0.0906,0.0,0,-0.0122,0.00891,-0.00029,13.5,1,1091000,63,0,0.08
C-06116,0.1338,0.0,0.0,-0.0851,0.3131,0,-0.0205,0.01019,0.00099,4.8,1,370000,47,0,0.04
C-06117,0.057,0.0,0.0,0.065,0.6216,0,0.0049,0.01043,0.00123,8.3,0,324500,53,0,0.013
C-06118,0.1753,0.0,0.0,-0.1753,0.4118,1,0.0348,0.011,0.0018,5.0,0,48500,30,0,0.042
C-06119,0.0913,0.0,0.0,-0.0913,0.0,1,-0.0022,0.00878,-0.00042,4.0,0,1150500,45,0,0.001
C-06120,0.1945,0.0,0.0,-0.1335,0.3925,0,0.0351,0.01077,0.00157,18.0,0,275000,59,0,0.07
C-06121,0.1504,0.3608,0.0543,-0.1412,0.2183,0,-0.0143,0.00738,-0.00182,4.2,1,2985000,44,1,0.348
C-06122,0.1378,0.0,0.0,-0.1378,0.3047,1,-0.0005,0.00985,0.00065,2.4,0,464500,59,0,0.065
C-06123,0.1081,0.0,0.0,0.1946,0.5,0,-0.002,0.011,0.0018,1.6,1,55500,32,0,0.0
C-06124,0.0899,0.0,0.0,-0.0712,0.0,0,-0.0099,0.00864,-0.00056,13,0,1224000,35,0,0.022
C-06125,0.0887,0.0,0.0,-0.0887,0.8333,1,-0.0107,0.011,0.0018,11,0,203000,33,0,0.07
C-06126,0.1424,0.0,0.0,-0.1257,0.1916,0,-0.0097,0.00731,-0.00189,10.8,0,3078500,49,0,0.017
C-06127,0.0309,0.0,0.0,-0.0309,0.0,1,0.0011,0.011,0.0018,4.7,1,210500,39,0,0.077
C-06128,0.0892,0.0,0.0,-0.0826,0.5556,0,0.0468,0.00771,-0.00149,2.0,0,2169500,68,0,0.0
C-06129,0.2319,0.5838,0.1354,-0.2214,0.4162,0,0.0499,0.00879,-0.00041,11.6,0,1145000,34,1,0.554
C-06130,0.0733,0.0,0.0,-0.0462,0.3692,0,0.0041,0.00921,1e-05,2.6,0,886500,42,0,0.012
C-06131,0.1023,0.0,0.0,-0.093,0.0,0,0.0025,0.00905,-0.00015,3.6,0,1031000,53,0,0.019
C-06132,0.2937,0.5696,0.1673,-0.1955,0.1266,0,0.0363,0.011,0.0018,1.4,0,134500,51,0,0.0
C-06133,0.1917,0.0,0.0,-0.1466,0.2657,0,-0.0101,0.01018,0.00098,0.4,0,373000,42,0,0.033
C-06134,0.2075,0.0,0.0,-0.1984,0.1627,0,0.0051,0.00918,-2e-05,0.3,0,918000,42,0,0.043
C-06135,0.6375,0.902,0.575,-0.6375,0.6078,1,0.0532,0.011,0.0018,0.5,1,80000,30,1,0.31
C-06136,0.1745,0.0,0.0,-0.0621,0.5854,0,0.0273,0.011,0.0018,3.1,0,117500,68,0,0.046
C-06137,0.2214,0.4731,0.1048,-0.1243,0.7527,0,0.0111,0.011,0.0018,1.6,0,210000,41,1,0.333
C-06138,0.1697,0.0,0.0,-0.0889,0.7355,0,-0.0038,0.01025,0.00105,1.6,0,356500,53,0,0.028
C-06139,0.0519,0.0,0.0,0.0549,1.0,0,-0.0056,0.01005,0.00085,11.2,0,404500,44,0,0.022
C-06140,0.2626,0.6207,0.163,-0.2626,0.2414,1,0.0347,0.01012,0.00092,9.8,1,386500,68,0,0.005
C-06141,0.1156,0.0,0.0,-0.0751,0.6517,0,-0.0054,0.01012,0.00092,5.7,1,385000,49,0,0.034
C-06142,0.0986,0.0,0.0,-0.0915,0.4887,0,0.0089,0.00943,0.00023,10.2,0,674500,73,0,0.022
C-06143,0.1091,0.0,0.0,-0.0904,0.6548,0,0.003,0.01012,0.00092,0.8,1,385000,72,0,0.069
C-06144,0.1106,0.0,0.0,-0.1106,0.268,1,0.0377,0.00993,0.00073,1.0,0,438500,57,0,0.0
C-06145,0.1536,0.0,0.0,-0.1536,0.1698,1,-0.0064,0.00899,-0.00021,3.4,0,1055000,49,0,0.07
C-06146,0.1111,0.3071,0.0341,-0.0981,0.6654,0,0.0096,0.00698,-0.00222,13.4,0,3605500,60,0,0.034
C-06147,0.125,0.0,0.0,-0.0971,0.3721,0,-0.0037,0.01032,0.00112,3.8,1,344000,74,0,0.0
C-06148,0.1503,0.0,0.0,-0.1287,0.5913,0,0.0048,0.00865,-0.00055,3.3,0,1220500,56,0,0.01
C-06149,0.1274,0.4328,0.0551,-0.0909,0.8209,0,-0.0115,0.01088,0.00168,5.7,1,263000,60,0,0.074
C-06150,0.0797,0.0,0.0,-0.0648,0.2667,0,-0.0081,0.00961,0.00041,0.3,0,564500,34,0,0.056
C-06151,0.2308,0.4286,0.0989,0.033,0.2857,0,-0.0144,0.011,0.0018,11.7,1,45500,71,0,0.056
C-06152,0.138,0.0,0.0,-0.1309,0.0963,0,0.0026,0.00942,0.00022,3.6,0,677500,60,1,0.188
C-06153,0.188,0.0,0.0,-0.1742,0.5159,0,-0.0019,0.00758,-0.00162,14.3,0,2422500,51,0,0.04
C-06154,0.1105,0.0,0.0,0.02,0.5714,0,0.0044,0.01069,0.00149,23.2,1,285000,55,0,0.06
C-06155,0.1622,0.0,0.0,-0.0486,0.1667,0,-0.0153,0.011,0.0018,7.6,0,74000,31,1,0.162
C-06156,0.1111,0.0,0.0,-0.0222,0.3889,0,0.0089,0.011,0.0018,1.4,0,81000,43,0,0.098
C-06157,0.0466,0.0,0.0,0.0839,0.7778,0,-0.0025,0.011,0.0018,3,0,193000,25,0,0.023
C-06158,0.0734,0.0,0.0,-0.0734,0.0,1,-0.005,0.011,0.0018,3.8,0,163500,45,0,0.068
C-06159,0.0908,0.0,0.0,-0.0885,0.646,0,-0.0095,0.00814,-0.00106,5.7,0,1602500,74,0,0.076
C-06160,0.0999,0.0,0.0,-0.0999,0.4103,1,-0.0103,0.0101,0.0009,1.2,0,390500,53,0,0.069
C-06161,0.0507,0.0,0.0,-0.0507,1.0,1,0.0058,0.011,0.0018,4,0,108500,26,0,0.089
C-06162,0.1129,0.0,0.0,-0.0097,0.7143,0,0.0346,0.011,0.0018,1.1,0,186000,27,0,0.027
C-06163,0.2368,0.6667,0.1579,-0.2368,0.8519,1,0.0507,0.011,0.0018,4.9,0,57000,28,1,0.496
C-06164,0.0701,0.0,0.0,0.0762,0.0,0,0.0084,0.011,0.0018,1.5,1,164000,33,0,0.026
C-06165,0.0654,0.0,0.0,0.0099,0.36,0,-0.0012,0.011,0.0018,1.2,1,191000,43,0,0.018
C-06166,0.1106,0.0,0.0,-0.1106,0.7578,1,0.0005,0.00958,0.00038,4.4,0,578500,71,1,0.051
C-06167,0.1559,0.0,0.0,-0.0609,0.746,0,-0.0039,0.011,0.0018,4,0,202000,26,0,0.0
C-06168,0.2218,0.6496,0.1441,-0.2111,0.1314,0,0.0495,0.00862,-0.00058,4.8,0,1235500,71,0,0.042
C-06169,0.0649,0.0,0.0,-0.0424,0.0,0,0.0201,0.00832,-0.00088,1.4,0,1441000,57,0,0.001
C-06170,0.1823,0.0,0.0,-0.163,0.4853,0,0.0116,0.011,0.0018,11.0,1,186500,69,0,0.046
C-06171,0.1618,0.0,0.0,-0.1618,0.4667,1,0.0304,0.01043,0.00123,5.5,0,324500,59,1,0.095
C-06172,0.036,0.0,0.0,-0.0099,1.0,0,-0.0092,0.00899,-0.00021,0.3,0,1054500,41,0,0.017
C-06173,0.1635,0.0,0.0,-0.141,0.2229,0,-0.011,0.0098,0.0006,27.2,0,480000,59,0,0.025
C-06174,0.1506,0.3817,0.0575,-0.1506,0.0,1,-0.0038,0.00994,0.00074,18.3,1,435000,59,1,0.56
C-06175,0.1386,0.6522,0.0904,-0.0807,0.6522,0,0.0173,0.011,0.0018,15.9,0,166000,72,0,0.0
C-06176,0.108,0.0,0.0,-0.108,0.0774,1,0.0051,0.00841,-0.00079,6.3,0,1374500,58,1,0.242
C-06177,0.1579,0.0,0.0,-0.0737,0.7778,0,0.0032,0.011,0.0018,2.0,0,114000,65,0,0.082
C-06178,0.0431,0.0,0.0,0.0144,0.6667,0,-0.0027,0.011,0.0018,3.3,0,104500,66,0,0.051
C-06179,0.1233,0.0,0.0,-0.0594,0.6403,0,0.0043,0.00961,0.00041,2.2,0,563500,50,0,0.092
C-06180,0.1693,0.1496,0.0253,-0.1693,0.3701,1,-0.0038,0.01017,0.00097,1.8,0,375000,32,0,0.0
C-06181,0.0666,0.0,0.0,-0.0342,0.3929,0,0.0021,0.00949,0.00029,3.3,1,631000,62,0,0.03
C-06182,0.1532,0.0,0.0,0.009,0.5882,0,0.04,0.011,0.0018,1.0,0,55500,39,0,0.058
C-06183,0.1883,0.0,0.0,-0.1679,0.678,0,-0.0036,0.00983,0.00063,13.0,0,470000,56,0,0.042
C-06184,0.1097,0.0,0.0,-0.1097,0.0769,1,0.0509,0.011,0.0018,2.4,1,118500,52,0,0.001
C-06185,0.045,0.0,0.0,0.1279,0.7,0,0.0001,0.011,0.0018,3.6,0,111000,59,0,0.049
C-06186,0.0739,0.3556,0.0263,-0.0739,0.8889,1,-0.0066,0.01055,0.00135,2.4,1,304500,57,0,0.019
C-06187,0.1735,0.0,0.0,-0.0755,0.4118,0,-0.0031,0.011,0.0018,16,1,49000,38,0,0.068
C-06188,0.1873,0.2536,0.0475,-0.1873,0.6571,1,0.0416,0.00934,0.00014,1.3,0,747500,72,0,0.064
C-06189,0.1577,0.0,0.0,-0.1079,0.2368,0,0.0098,0.011,0.0018,1.0,1,120500,29,0,0.076
C-06190,0.2211,0.0,0.0,-0.12,0.0476,0,-0.0146,0.011,0.0018,1.9,0,47500,57,1,0.067
C-06191,0.1072,0.0,0.0,-0.0628,0.2586,0,-0.0045,0.01081,0.00161,16.5,0,270500,72,0,0.089
C-06192,0.1423,0.0,0.0,-0.1423,0.4706,1,-0.0055,0.011,0.0018,3.0,0,119500,41,0,0.014
C-06193,0.0997,0.0,0.0,-0.0997,0.0,1,0.0532,0.01054,0.00134,0.4,0,306000,40,0,0.014
C-06194,0.0629,0.0,0.0,0.0036,0.0,0,-0.0113,0.00983,0.00063,3.5,1,469000,48,0,0.069
C-06195,0.083,0.0,0.0,-0.0794,1.0,0,-0.0384,0.00763,-0.00157,0.9,0,2318500,47,0,0.033
C-06196,0.0524,0.0,0.0,-0.012,0.25,0,-0.0103,0.01084,0.00164,3.4,1,267000,72,0,0.088
C-06197,0.1284,0.0,0.0,0.05,0.0526,0,-0.014,0.011,0.0018,3.6,0,74000,41,1,0.09
C-06198,0.1479,0.0,0.0,-0.0698,0.49,0,0.0108,0.01035,0.00115,6.2,0,338000,51,0,0.055
C-06199,0.1855,0.0,0.0,-0.1314,0.5856,0,-0.0097,0.00978,0.00058,2.0,0,488000,39,0,0.04
C-06200,0.24,0.3406,0.0817,-0.1565,0.5652,0,-0.0005,0.01067,0.00147,4.4,1,287500,40,0,0.0
C-06201,0.1333,0.3626,0.0483,-0.1132,0.6469,0,-0.0003,0.00784,-0.00136,0.5,0,1965000,62,0,0.006
C-06202,0.2469,0.4055,0.1001,-0.2396,0.1915,0,0.0476,0.00811,-0.00109,2.9,1,1628000,65,1,0.389
C-06203,0.1811,0.0,0.0,-0.1013,0.9633,0,-0.02,0.01058,0.00138,5.6,1,301000,57,0,0.042
C-06204,0.0905,0.0,0.0,-0.0105,0.6316,0,-0.0046,0.011,0.0018,6.6,0,105000,68,0,0.0
C-06205,0.1174,0.0,0.0,-0.0581,0.4105,0,0.0277,0.01005,0.00085,2.1,0,404500,54,0,0.038
C-06206,0.1227,0.0,0.0,-0.1101,0.4459,0,0.0163,0.00795,-0.00125,1.5,0,1809500,47,0,0.016
C-06207,0.3517,0.8137,0.2862,-0.3517,0.8137,1,0.0464,0.011,0.0018,0.3,0,145000,43,1,0.825
C-06208,0.089,0.0,0.0,-0.0681,0.6863,0,0.0092,0.01068,0.00148,0.3,0,286500,58,1,0.321
C-06209,0.1387,0.0,0.0,-0.1099,0.3365,0,0.035,0.01017,0.00097,2.3,0,375000,33,1,0.415
C-06210,0.0519,0.0,0.0,-0.0286,0.0,0,0.0014,0.01053,0.00133,0.9,0,308000,48,0,0.01
C-06211,0.1546,0.3667,0.0567,0.2041,0.8333,0,-0.0026,0.011,0.0018,7.3,0,97000,63,0,0.024
C-06212,0.1957,0.4444,0.087,-0.1957,0.5556,1,0.0166,0.011,0.0018,7,1,46000,29,1,0.703
C-06213,0.1303,0.2864,0.0373,-0.1193,0.5151,0,0.0025,0.00822,-0.00098,3.0,1,1527500,73,0,0.038
C-06214,0.0801,0.0,0.0,-0.0114,0.0645,0,0.0352,0.011,0.0018,7.6,1,193500,68,0,0.063
C-06215,0.1203,0.0,0.0,-0.0994,0.7536,0,0.0184,0.00959,0.00039,0.5,0,573500,65,0,0.021
C-06216,0.0493,0.0,0.0,-0.0493,0.0,1,0.0137,0.011,0.0018,0.3,0,142000,74,0,0.072
C-06217,0.1183,0.0,0.0,-0.1183,0.2727,1,0.0422,0.011,0.0018,0.4,0,46500,28,1,0.075
C-06218,0.1596,0.0,0.0,0.1213,0.4,0,0.0144,0.011,0.0018,4,0,47000,26,0,0.097
C-06219,0.1346,0.279,0.0375,-0.1234,0.0,0,-0.0033,0.00824,-0.00096,2.7,0,1505000,49,0,0.036
C-06220,0.0993,0.0,0.0,-0.0993,0.5556,1,-0.0044,0.011,0.0018,0.3,0,226500,49,0,0.0
C-06221,0.1738,0.6836,0.1188,-0.1738,1.0,1,0.029,0.00935,0.00015,2.1,1,736500,74,0,0.072
C-06222,0.0825,0.0,0.0,0.0041,1.0,0,0.0195,0.011,0.0018,5.4,1,48500,32,0,0.06
C-06223,0.1799,0.0,0.0,-0.1799,0.5294,1,0.0023,0.011,0.0018,3,0,189000,25,0,0.022
C-06224,0.1489,0.2381,0.0355,-0.1149,0.619,0,0.0081,0.011,0.0018,9.0,0,141000,66,0,0.029
C-06225,0.1206,0.0,0.0,-0.1122,0.2845,0,-0.0192,0.00913,-7e-05,1.0,1,990500,64,0,0.081
C-06226,0.1349,0.0,0.0,-0.1349,0.0923,1,0.0531,0.011,0.0018,5.3,1,241000,60,0,0.005
C-06227,0.071,0.0,0.0,-0.0186,1.0,0,0.0014,0.011,0.0018,10.4,0,183000,42,0,0.062
C-06228,0.1794,0.3,0.0538,-0.1794,0.455,1,-0.0025,0.00962,0.00042,3.5,0,557500,66,0,0.023
C-06229,0.1913,0.0,0.0,-0.1913,0.177,1,0.0156,0.00917,-3e-05,0.3,0,930500,34,0,0.0
C-06230,0.0599,0.0,0.0,-0.0506,0.4731,0,0.0031,0.00931,0.00011,3.3,0,776000,65,0,0.029
C-06231,0.0583,0.0,0.0,0.2447,0.5,0,0.005,0.011,0.0018,12.5,0,51500,37,0,0.02
C-06232,0.1597,0.0,0.0,-0.1597,0.5217,1,-0.0187,0.011,0.0018,4.3,0,72000,36,0,0.011
C-06233,0.2132,0.0,0.0,-0.1825,0.46,0,-0.0063,0.011,0.0018,12.9,0,234500,71,0,0.024
C-06234,0.1603,0.0,0.0,-0.1109,0.4054,0,-0.025,0.00985,0.00065,2.1,0,461500,38,0,0.007
C-06235,0.2125,0.6471,0.1375,-0.16,0.7765,0,0.0433,0.011,0.0018,2.6,0,200000,29,0,0.057
C-06236,0.1194,0.0,0.0,-0.0398,0.5,0,0.0268,0.011,0.0018,2.6,1,100500,64,1,0.31
C-06237,0.1013,0.0,0.0,-0.1013,0.0485,1,0.0368,0.00908,-0.00012,6.0,1,1016500,72,0,0.009
C-06238,0.0625,0.0,0.0,0.3125,0.3333,0,-0.0023,0.011,0.0018,7.5,0,48000,47,0,0.006
C-06239,0.0708,0.0,0.0,-0.0708,0.0,1,0.0071,0.01003,0.00083,3.8,0,409500,44,0,0.052
C-06240,0.0833,0.0,0.0,-0.0833,0.5882,1,-0.0089,0.011,0.0018,0.9,0,102000,64,0,0.027
C-06241,0.1279,0.0,0.0,-0.1279,0.3,1,0.0144,0.00957,0.00037,10.3,0,586500,47,0,0.068
C-06242,0.2112,0.0,0.0,-0.1771,0.6008,0,0.0014,0.00954,0.00034,6.4,1,599000,29,0,0.002
C-06243,0.0693,0.0,0.0,-0.052,0.939,0,-0.0008,0.00872,-0.00048,0.7,0,1183500,57,0,0.007
C-06244,0.1684,0.0,0.0,-0.1684,0.75,1,0.0044,0.011,0.0018,7.2,0,47500,42,0,0.009
C-06245,0.3489,0.5155,0.1799,-0.3489,0.7629,1,0.0374,0.011,0.0018,2.8,0,139000,41,0,0.078
C-06246,0.1427,0.65,0.0927,-0.1245,0.8844,0,0.0429,0.00884,-0.00036,0.3,0,1121500,41,1,0.423
C-06247,0.4878,0.6632,0.3235,-0.4878,0.4372,1,0.049,0.00978,0.00058,5.0,0,490000,28,0,0.066
C-06248,0.093,0.0,0.0,-0.0868,0.4183,0,-0.0117,0.00845,-0.00075,1.0,1,1349500,70,0,0.054
C-06249,0.1079,0.0,0.0,-0.0684,0.7288,0,0.0037,0.01079,0.00159,7.4,0,273500,61,0,0.014
C-06250,0.0517,0.0,0.0,0.0103,0.6667,0,0.0023,0.011,0.0018,4.9,1,174000,41,0,0.039
C-06251,0.1748,0.4444,0.0777,0.0117,0.1667,0,0.0033,0.011,0.0018,3.7,0,51500,64,0,0.025
C-06252,0.2566,0.5172,0.1327,-0.0867,0.2069,0,0.0058,0.011,0.0018,4.4,1,56500,31,1,0.286
C-06253,0.0539,0.0,0.0,-0.0413,0.2685,0,0.0379,0.0076,-0.0016,17.4,0,2385500,62,0,0.033
C-06254,0.3085,0.6552,0.2021,-0.3085,0.1034,1,0.0387,0.011,0.0018,2.8,1,47000,31,0,0.072
C-06255,0.1998,0.0,0.0,-0.1998,0.1872,1,0.0474,0.00964,0.00044,2.7,0,548000,72,0,0.006
C-06256,0.1491,0.0,0.0,-0.0745,0.5,0,-0.0011,0.011,0.0018,5.3,0,80500,31,0,0.016
C-06257,0.133,0.0,0.0,-0.1279,0.3528,0,0.0078,0.00835,-0.00085,1.5,0,1417000,57,0,0.035
C-06258,0.1066,0.0,0.0,-0.0875,0.5204,0,-0.0099,0.0084,-0.0008,8.6,0,1378500,72,0,0.043
C-06259,0.0759,0.0,0.0,-0.0598,0.0,0,-0.0085,0.0099,0.0007,10.5,0,448000,67,0,0.0
C-06260,0.0399,0.0,0.0,-0.0399,0.1875,1,-0.0149,0.011,0.0018,11.3,0,200500,68,0,0.014
C-06261,0.1572,0.0,0.0,-0.1572,0.8,1,0.0317,0.011,0.0018,0.7,0,79500,64,0,0.008
C-06262,0.1923,0.0,0.0,-0.1396,0.1143,0,0.0001,0.011,0.0018,8.8,0,182000,55,0,0.007
C-06263,0.0772,0.0,0.0,-0.0014,0.3636,0,-0.0035,0.011,0.0018,4,1,142500,26,0,0.06
C-06264,0.0922,0.0,0.0,0.3674,0.6923,0,-0.0026,0.011,0.0018,17.1,1,70500,58,0,0.075
C-06265,0.086,0.0,0.0,0.0009,0.2105,0,-0.0146,0.011,0.0018,3.0,1,110500,32,0,0.0
C-06266,0.216,0.6301,0.1361,-0.1556,0.7808,0,0.0379,0.011,0.0018,3.2,0,169000,32,1,0.869
C-06267,0.1794,0.0,0.0,-0.1322,0.4756,0,0.0003,0.011,0.0018,0.5,0,228500,49,0,0.105
C-06268,0.0607,0.0,0.0,-0.0267,0.3247,0,0.0144,0.00949,0.00029,1.5,0,634000,43,0,0.046
C-06269,0.1201,0.4865,0.0584,-0.1014,0.2,0,0.017,0.00931,0.00011,0.5,0,770500,45,0,0.027
C-06270,0.0587,0.0,0.0,-0.0433,0.4848,0,-0.0222,0.00837,-0.00083,30,0,1406500,75,0,0.0
C-06271,0.2732,0.6144,0.1679,-0.2732,0.3856,1,0.0474,0.01073,0.00153,8.3,1,280000,48,0,0.055
C-06272,0.1416,0.0,0.0,-0.1416,0.3191,1,0.0479,0.011,0.0018,2.9,1,166000,75,1,0.289
C-06273,0.1068,0.0,0.0,-0.0522,0.3056,0,-0.0073,0.00974,0.00054,2.3,0,505500,34,0,0.043
C-06274,0.2,0.4211,0.0842,-0.2,0.6316,1,0.0098,0.011,0.0018,7,0,47500,29,1,0.376
C-06275,0.4622,0.7636,0.3529,-0.3311,0.5636,0,0.0405,0.011,0.0018,2.7,0,59500,37,0,0.081
C-06276,0.2351,0.4458,0.1048,-0.2351,0.6265,1,-0.0008,0.011,0.0018,1.2,1,176500,60,0,0.043
C-06277,0.0377,0.0,0.0,0.2943,0.3333,0,-0.0052,0.011,0.0018,5.8,0,79500,49,0,0.031
C-06278,0.1145,0.0,0.0,-0.0741,0.2353,0,-0.0173,0.0106,0.0014,5.1,1,297000,44,0,0.038
C-06279,0.0167,0.0,0.0,-0.0167,1.0,1,0.029,0.011,0.0018,5.9,0,120000,29,0,0.066
C-06280,0.1874,0.6375,0.1194,-0.1649,1.0,0,0.0214,0.011,0.0018,8.3,0,213500,72,0,0.059
C-06281,0.2099,0.4545,0.0954,-0.2099,0.7273,1,0.0288,0.011,0.0018,16.4,0,131000,40,1,0.453
C-06282,0.1424,0.0,0.0,-0.1424,0.2683,1,-0.007,0.011,0.0018,0.8,0,144000,40,1,0.509
C-06283,0.0939,0.0,0.0,0.1747,0.5769,0,0.0006,0.011,0.0018,16,1,138500,38,0,0.072
C-06284,0.1017,0.0,0.0,-0.0982,0.0,0,-0.0129,0.00907,-0.00013,1.4,1,1022500,38,0,0.028
C-06285,0.0502,0.0,0.0,-0.0479,0.098,0,0.0049,0.00908,-0.00012,15.5,0,1015500,65,0,0.041
C-06286,0.1424,0.0,0.0,-0.112,0.355,0,-0.0031,0.00955,0.00035,12.3,0,593500,50,0,0.064
C-06287,0.133,0.0,0.0,-0.0888,0.6117,0,0.0132,0.00938,0.00018,4.8,0,707000,52,0,0.038
C-06288,0.0321,0.0,0.0,0.045,0.4286,0,-0.0165,0.011,0.0018,3.0,0,109000,58,0,0.023
C-06289,0.2107,0.0,0.0,-0.1759,0.4783,0,0.0019,0.00945,0.00025,9.5,0,655000,60,0,0.0
C-06290,0.089,0.0,0.0,-0.0788,0.0,0,0.0042,0.00982,0.00062,4.3,0,472000,32,0,0.018
C-06291,0.0202,0.0,0.0,-0.0202,1.0,1,-0.0074,0.011,0.0018,19.9,1,49500,56,0,0.059
C-06292,0.1797,0.0,0.0,-0.1646,0.53,0,0.0111,0.00962,0.00042,1.3,0,556500,32,0,0.026
C-06293,0.1233,0.0,0.0,-0.1084,0.521,0,-0.004,0.0098,0.0006,1.3,0,482500,50,0,0.026
C-06294,0.0936,0.3188,0.0299,-0.0936,0.7101,1,0.0172,0.0102,0.001,6.3,1,368500,41,0,0.079
C-06295,0.055,0.0,0.0,-0.0397,0.5072,0,-0.0001,0.0095,0.0003,1.9,1,627500,35,1,0.449
C-06296,0.1171,0.0,0.0,0.0883,0.0,0,-0.0067,0.011,0.0018,1.6,0,111000,67,0,0.047
C-06297,0.3391,0.5397,0.183,-0.3391,0.6846,1,0.0276,0.00949,0.00029,2.3,1,631000,29,1,0.512
C-06298,0.1071,0.0,0.0,-0.1071,0.4133,1,-0.0116,0.01029,0.00109,19.8,1,350000,68,0,0.03
C-06299,0.0989,0.0,0.0,0.1121,0.0,0,0.0138,0.011,0.0018,5,0,45500,27,0,0.046
C-06300,0.0975,0.0,0.0,-0.0783,0.5028,0,-0.0034,0.00795,-0.00125,9.2,0,1816000,54,0,0.045
C-06301,0.1626,0.0,0.0,-0.1085,0.6436,0,-0.0036,0.01051,0.00131,2.4,1,310500,37,0,0.028
C-06302,0.1264,0.5,0.0632,-0.0713,0.0,0,0.0003,0.011,0.0018,4.7,0,174000,28,0,0.056
C-06303,0.0815,0.0,0.0,-0.0544,0.434,0,0.0485,0.00914,-6e-05,0.5,0,975500,38,1,0.173
C-06304,0.1859,0.163,0.0303,-0.1721,0.2813,0,0.0278,0.00747,-0.00173,5.3,0,2706000,40,0,0.038
C-06305,0.1171,0.0,0.0,-0.065,0.5694,0,0.0484,0.01053,0.00133,3.9,0,307500,47,0,0.038
C-06306,0.1254,0.0,0.0,-0.083,0.7042,0,0.0037,0.01071,0.00151,0.3,0,283000,40,0,0.035
C-06307,0.1584,0.0,0.0,-0.089,0.5217,0,-0.0008,0.01022,0.00102,1.2,0,363000,57,0,0.05
C-06308,0.1987,0.0,0.0,-0.0311,0.3514,0,0.0152,0.00984,0.00064,4.8,0,465500,44,0,0.041
C-06309,0.1075,0.0,0.0,-0.0129,0.0,0,-0.0155,0.011,0.0018,3.4,1,139500,40,0,0.054
C-06310,0.1111,0.0,0.0,-0.0684,0.44,0,-0.0204,0.011,0.0018,3.1,0,112500,38,0,0.042
C-06311,0.1862,0.0,0.0,-0.1789,0.4136,0,0.003,0.00749,-0.00171,0.9,0,2643000,73,0,0.018
C-06312,0.1756,0.0,0.0,-0.1384,0.3456,0,0.0037,0.00931,0.00011,0.8,0,774500,62,1,0.151
C-06313,0.0596,0.0,0.0,-0.0561,0.0,0,-0.0034,0.00909,-0.00011,0.8,1,1014500,74,1,0.237
C-06314,0.0464,0.0,0.0,0.0649,0.5625,0,0.0007,0.011,0.0018,5.2,0,172500,48,0,0.016
C-06315,0.3068,0.3165,0.0971,-0.2472,0.1295,0,0.0298,0.011,0.0018,5.5,1,226500,40,0,0.0
C-06316,0.0541,0.0,0.0,-0.0266,0.1818,0,0.0026,0.01055,0.00135,6.4,0,305000,69,0,0.045
C-06317,0.1144,0.0,0.0,-0.1144,0.3333,1,-0.0022,0.011,0.0018,0.7,1,118000,29,0,0.0
C-06318,0.102,0.3714,0.0379,-0.102,0.7143,1,0.0432,0.01032,0.00112,7.4,0,343000,35,0,0.018
C-06319,0.0833,0.0,0.0,-0.0633,0.2857,0,0.0024,0.00999,0.00079,8.4,0,420000,51,0,0.053
C-06320,0.0795,0.0,0.0,-0.0795,0.0,1,0.0105,0.01081,0.00161,13,0,270500,35,0,0.018
C-06321,0.0829,0.0,0.0,-0.0321,0.0,0,0.0436,0.011,0.0018,1.1,0,96500,25,0,0.027
C-06322,0.0823,0.0,0.0,-0.0823,0.5,1,0.0096,0.011,0.0018,22.9,1,121500,75,0,0.0
C-06323,0.0581,0.0,0.0,-0.0489,0.1175,0,0.0104,0.00726,-0.00194,4.5,1,3152000,36,0,0.02
C-06324,0.1272,0.0,0.0,-0.1175,0.4875,0,0.0144,0.00613,-0.00307,7.7,1,6304000,56,0,0.017
C-06325,0.0581,0.5778,0.0335,-0.0085,1.0,0,0.0157,0.01011,0.00091,5.1,0,387500,39,1,0.717
C-06326,0.0722,0.0,0.0,-0.0722,0.5714,1,-0.01,0.011,0.0018,0.7,0,48500,27,0,0.069
C-06327,0.2411,0.1873,0.0452,-0.2411,0.4294,1,-0.0078,0.00937,0.00017,5.8,1,719500,28,0,0.032
C-06328,0.087,0.0,0.0,-0.0442,0.265,0,0.0134,0.00943,0.00023,11.9,1,672500,71,0,0.069
C-06329,0.094,0.0,0.0,-0.0295,0.1429,0,-0.0122,0.011,0.0018,1.1,0,74500,31,0,0.058
C-06330,0.1042,0.0,0.0,0.3458,0.6,0,-0.0053,0.011,0.0018,3,0,48000,25,0,0.054
C-06331,0.4885,0.5866,0.2865,-0.4885,0.4291,1,0.0395,0.0109,0.0017,4.4,0,260000,41,1,0.776
C-06332,0.1732,0.0,0.0,-0.1567,0.2102,0,-0.005,0.00973,0.00053,2.7,0,508000,66,0,0.02
C-06333,0.1029,0.0,0.0,-0.0069,0.3333,0,-0.0024,0.011,0.0018,7.3,0,87500,71,0,0.085
C-06334,0.0959,0.0,0.0,-0.0234,0.3519,0,-0.0187,0.01072,0.00152,3.7,0,281500,28,0,0.0
C-06335,0.1061,0.0,0.0,-0.0998,0.4398,0,0.0277,0.00757,-0.00163,0.6,0,2463500,50,0,0.081
C-06336,0.0915,0.0,0.0,0.0183,0.7857,0,-0.0144,0.011,0.0018,0.4,0,76500,37,0,0.028
C-06337,0.1667,0.6,0.1,-0.1667,0.8,1,-0.0022,0.011,0.0018,10.7,1,45000,39,1,0.414
C-06338,0.1304,0.0,0.0,-0.1211,0.386,0,0.0315,0.0077,-0.0015,1.3,0,2185000,65,1,0.05
C-06339,0.1531,0.0,0.0,-0.1283,0.5709,0,-0.0053,0.00915,-5e-05,6.0,0,966500,61,0,0.07
C-06340,0.1253,0.3836,0.0481,-0.1064,0.6918,0,-0.0067,0.00949,0.00029,0.3,0,634500,65,1,0.386
C-06341,0.1636,0.0,0.0,-0.147,0.4322,0,0.0031,0.00893,-0.00027,16.6,0,1082000,62,0,0.126
C-06342,0.1761,0.4815,0.0848,-0.1386,0.4815,0,0.0147,0.00932,0.00012,1.7,0,766500,62,0,0.034
C-06343,0.083,0.0,0.0,-0.083,0.0,1,0.0171,0.011,0.0018,2.8,0,241000,36,0,0.004
C-06344,0.1681,0.2479,0.0417,-0.1164,0.4444,0,0.0041,0.0103,0.0011,3.8,0,348000,38,0,0.049
C-06345,0.2965,0.4706,0.1395,-0.2965,0.5882,1,0.0267,0.011,0.0018,2.9,0,86000,36,1,0.646
C-06346,0.1021,0.0,0.0,-0.0924,0.4286,0,0.0042,0.00951,0.00031,3.4,0,617000,50,0,0.0
C-06347,0.0992,0.0,0.0,-0.0857,0.3773,0,-0.0029,0.00785,-0.00135,2.0,0,1950500,66,0,0.036
C-06348,0.0856,0.0,0.0,-0.0622,1.0,0,-0.0024,0.00952,0.00032,1.0,0,613000,33,0,0.045
C-06349,0.0984,0.0,0.0,-0.0459,0.0,0,0.0467,0.011,0.0018,1.3,0,122000,75,0,0.026
C-06350,0.1194,0.0,0.0,-0.0776,0.0833,0,-0.0065,0.011,0.0018,1.2,0,201000,28,0,0.061
C-06351,0.1467,0.0,0.0,-0.1189,0.3553,0,0.001,0.01091,0.00171,12.4,0,259000,73,1,0.234
C-06352,0.1489,0.0,0.0,0.1574,0.6429,0,0.0003,0.011,0.0018,4.7,0,47000,58,0,0.075
C-06353,0.19,0.0,0.0,-0.19,0.3846,1,0.0016,0.01002,0.00082,9.5,1,410500,60,0,0.018
C-06354,0.1595,0.0,0.0,-0.1276,0.381,0,-0.0087,0.00969,0.00049,4.1,0,526500,56,0,0.0
C-06355,0.1689,0.5401,0.0912,-0.1689,0.8613,1,-0.0032,0.01004,0.00084,8.6,1,405500,70,0,0.026
C-06356,0.2976,0.5407,0.1609,-0.2311,1.0,0,0.0439,0.01066,0.00146,0.8,0,289000,25,1,0.489
C-06357,0.0833,0.0,0.0,0.0167,0.625,0,-0.0101,0.011,0.0018,6.2,0,48000,29,0,0.028
C-06358,0.0695,0.0,0.0,-0.0171,0.7714,0,0.0351,0.00974,0.00054,4.2,0,503500,57,0,0.047
C-06359,0.0588,0.0,0.0,0.1429,0.0,0,-0.0104,0.011,0.0018,6,1,119000,28,0,0.034
C-06360,0.1157,0.7143,0.0826,-0.1157,0.1429,1,0.0523,0.011,0.0018,2.8,0,60500,55,1,0.438
C-06361,0.0825,0.0,0.0,-0.0825,0.4951,1,0.0034,0.0095,0.0003,13.9,0,624500,43,0,0.041
C-06362,0.1081,0.275,0.0297,-0.0627,0.275,0,-0.0007,0.011,0.0018,3.5,0,185000,75,0,0.06
C-06363,0.2645,0.7188,0.1901,-0.2149,0.9062,0,0.0548,0.011,0.0018,10.4,0,60500,57,0,0.068
C-06364,0.1066,0.0,0.0,-0.0967,0.0,0,0.0056,0.00816,-0.00104,2.8,0,1581000,65,0,0.051
C-06365,0.1041,0.0,0.0,-0.0962,0.3063,0,-0.0085,0.00896,-0.00024,0.3,0,1066500,59,0,0.017
C-06366,0.0941,0.0,0.0,-0.0857,0.0,0,0.0302,0.00878,-0.00042,10.8,0,1153500,70,0,0.043
C-06367,0.1999,0.0,0.0,-0.1886,0.1414,0,-0.007,0.00934,0.00014,0.4,0,743000,46,0,0.074
C-06368,0.2292,0.7273,0.1667,-0.1875,1.0,0,0.0337,0.011,0.0018,1.4,0,48000,75,1,0.647
C-06369,0.1096,0.3846,0.0422,-0.1096,0.6154,1,0.0087,0.01001,0.00081,6,0,415000,28,0,0.008
C-06370,0.174,0.0,0.0,-0.1512,0.1837,0,-0.0056,0.00998,0.00078,1.0,0,422500,60,0,0.115
C-06371,0.307,0.5695,0.1748,-0.282,0.6881,0,0.0271,0.0098,0.0006,13.4,1,480500,36,0,0.08
C-06372,0.0618,0.0,0.0,-0.0618,0.3333,1,-0.0027,0.011,0.0018,7,1,170000,29,0,0.042
C-06373,0.1151,0.0,0.0,-0.0993,0.5319,0,-0.0071,0.00783,-0.00137,0.3,0,1976000,41,0,0.041
C-06374,0.375,0.7727,0.2898,-0.3205,0.7727,0,0.0503,0.011,0.0018,4.5,1,88000,65,0,0.008
C-06375,0.1284,0.0,0.0,0.0864,0.7273,0,0.0071,0.011,0.0018,4.0,0,128500,37,0,0.032
C-06376,0.2081,0.5071,0.1055,-0.2081,0.617,1,0.0545,0.00942,0.00022,0.4,0,677500,45,0,0.072
C-06377,0.0791,0.0,0.0,-0.0446,0.197,0,0.0115,0.01,0.0008,1.4,1,417000,73,0,0.059
C-06378,0.1534,0.0,0.0,-0.1534,0.4167,1,0.038,0.011,0.0018,5.3,0,156500,43,0,0.105
C-06379,0.1367,0.0,0.0,-0.1022,0.1579,0,-0.0015,0.011,0.0018,9.2,0,208500,69,0,0.064
C-06380,0.0977,0.4524,0.0442,-0.0698,0.4524,0,0.0526,0.011,0.0018,3.6,0,215000,72,0,0.0
C-06381,0.1109,0.0,0.0,-0.0616,0.3148,0,-0.0043,0.00978,0.00058,5.1,0,487000,65,0,0.02
C-06382,0.0916,0.7524,0.0689,-0.088,0.8264,0,0.0322,0.00805,-0.00115,0.4,0,1698500,48,0,0.09
C-06383,0.2876,0.5191,0.1493,-0.2634,0.1336,0,0.0538,0.00987,0.00067,9.7,0,455500,40,1,0.591
C-06384,0.2736,0.702,0.1921,-0.2496,0.0,0,0.0473,0.00984,0.00064,13.2,1,466000,51,1,0.807
C-06385,0.095,0.0,0.0,0.0896,0.4762,0,0.0001,0.011,0.0018,4.5,0,110500,48,0,0.048
C-06386,0.0617,0.6607,0.0407,-0.0485,0.0,0,0.0067,0.00988,0.00068,1.6,0,454000,57,1,0.592
C-06387,0.0541,0.0,0.0,0.0432,0.0,0,-0.0061,0.011,0.0018,2.2,0,74000,31,0,0.047
C-06388,0.1457,0.0,0.0,-0.0106,0.7045,0,0.0046,0.011,0.0018,6.5,0,151000,52,0,0.011
C-06389,0.1982,0.267,0.0529,-0.1862,0.654,0,0.0059,0.00814,-0.00106,2.1,0,1596500,41,0,0.063
C-06390,0.1872,0.0,0.0,0.0138,0.0,0,-0.0048,0.011,0.0018,2.1,0,101500,37,0,0.039
C-06391,0.0391,0.0,0.0,-0.0131,0.0,0,0.0128,0.00822,-0.00098,4.1,0,1523500,36,0,0.04
C-06392,0.1843,0.5281,0.0973,-0.1395,0.236,0,0.0114,0.011,0.0018,7.9,0,241500,37,0,0.023
C-06393,0.2019,0.2635,0.0532,-0.1932,0.7665,0,-0.0134,0.01001,0.00081,7.0,0,413500,74,0,0.0
C-06394,0.194,0.2692,0.0522,-0.194,0.7692,1,0.0062,0.011,0.0018,1.6,1,67000,51,0,0.025
C-06395,0.3151,0.8445,0.2661,-0.3151,0.5866,1,0.0536,0.00989,0.00069,8.3,1,449000,56,1,0.674
C-06396,0.1957,0.0,0.0,-0.0119,0.1522,0,0.0006,0.011,0.0018,3.7,0,117500,64,0,0.051
C-06397,0.2161,0.2687,0.0581,-0.2161,0.4104,1,0.0135,0.01052,0.00132,3.1,1,310000,64,0,0.063
C-06398,0.0824,0.0,0.0,0.0099,0.8,0,0.0096,0.011,0.0018,8,0,91000,30,0,0.038
C-06399,0.4957,0.8056,0.3993,-0.3718,0.5451,0,0.0439,0.01065,0.00145,3.8,1,290500,39,1,0.742
C-06400,0.1654,0.0,0.0,-0.1084,0.1322,0,0.0075,0.00969,0.00049,0.9,0,526000,55,0,0.066
C-06401,0.1501,0.0,0.0,-0.1441,0.5866,0,-0.0081,0.00686,-0.00234,2.3,0,3827500,61,0,0.051
C-06402,0.2449,0.5,0.1224,-0.2449,0.1389,1,0.0408,0.011,0.0018,2.0,1,73500,59,1,0.739
C-06403,0.0763,0.0,0.0,-0.0622,0.6436,0,0.0107,0.00757,-0.00163,0.7,0,2463000,55,0,0.033
C-06404,0.1368,0.0,0.0,-0.0915,0.2299,0,-0.0069,0.01047,0.00127,6.6,0,318000,54,0,0.002
C-06405,0.0936,0.0,0.0,-0.0655,0.125,0,-0.0098,0.01033,0.00113,9,1,342000,31,0,0.074
C-06406,0.3632,0.7037,0.2556,-0.3632,0.7901,1,0.0471,0.011,0.0018,4.6,1,111500,32,1,0.33
C-06407,0.0936,0.2714,0.0254,-0.0166,0.1,0,0.0157,0.01017,0.00097,0.3,0,374000,36,0,0.082
C-06408,0.1545,0.2927,0.0452,-0.0641,0.3984,0,-0.0038,0.01007,0.00087,14.3,0,398000,42,0,0.034
C-06409,0.0619,0.0,0.0,-0.0619,0.0,1,-0.0048,0.011,0.0018,15,0,48500,37,0,0.067
C-06410,0.2107,0.0,0.0,-0.1159,0.4866,0,-0.0232,0.00968,0.00048,10.2,1,531500,52,0,0.033
C-06411,0.132,0.0,0.0,-0.0863,0.0,0,0.029,0.00999,0.00079,1.1,0,420500,31,0,0.042
C-06412,0.0509,0.0,0.0,0.0509,0.0,0,0.0318,0.011,0.0018,3.1,1,167000,49,0,0.022
C-06413,0.171,0.0,0.0,-0.1284,0.6038,0,0.0134,0.01052,0.00132,10.5,1,310000,42,0,0.057
C-06414,0.1078,0.0,0.0,0.1078,1.0,0,-0.0057,0.011,0.0018,1.2,0,83500,63,1,0.283
C-06415,0.1987,0.0,0.0,-0.1987,0.1292,1,0.0073,0.00674,-0.00246,18.3,1,4092500,56,0,0.049
C-06416,0.1672,0.26,0.0435,-0.0709,0.26,0,-0.0237,0.011,0.0018,1.5,1,149500,61,0,0.052
C-06417,0.0974,0.2397,0.0233,-0.0974,0.0,1,-0.0117,0.00933,0.00013,3.8,0,749500,72,1,0.05
C-06418,0.0304,0.0,0.0,-0.0058,0.3762,0,0.0031,0.00808,-0.00112,14.5,1,1659000,37,0,0.056
C-06419,0.1459,0.0,0.0,-0.1361,0.4266,0,0.0031,0.00978,0.00058,4.1,1,490000,69,0,0.078
C-06420,0.1503,0.0,0.0,-0.1479,0.371,0,0.0414,0.00572,-0.00348,1.6,1,9862000,48,0,0.071
C-06421,0.2432,0.4167,0.1014,-0.2432,0.0,1,0.0409,0.011,0.0018,4.9,1,74000,67,0,0.009
C-06422,0.122,0.0,0.0,-0.0829,0.6667,0,0.0225,0.011,0.0018,2.2,0,61500,25,0,0.0
C-06423,0.1101,0.0,0.0,-0.0256,0.6,0,-0.0141,0.011,0.0018,9,1,113500,31,0,0.074
C-06424,0.1433,0.0,0.0,-0.0087,0.6957,0,-0.0032,0.011,0.0018,23.1,0,160500,51,0,0.043
C-06425,0.0819,0.0,0.0,-0.0524,0.0,0,-0.0012,0.00815,-0.00105,2.0,0,1586500,53,0,0.091
C-06426,0.1295,0.0,0.0,-0.1295,0.0972,1,0.0266,0.01075,0.00155,1.8,0,278000,51,0,0.021
C-06427,0.178,0.6702,0.1193,-0.178,0.7021,1,0.0007,0.01087,0.00167,1.5,1,264000,36,0,0.028
C-06428,0.1393,0.2405,0.0335,-0.1097,0.5443,0,0.0046,0.0107,0.0015,9.8,0,283500,32,1,0.365
C-06429,0.0771,0.0,0.0,-0.0771,0.0,1,0.006,0.00745,-0.00175,19.7,0,2777000,45,0,0.035
C-06430,0.0548,0.0,0.0,0.0636,0.45,0,-0.0108,0.011,0.0018,3.2,0,182500,30,0,0.047
C-06431,0.0556,0.0,0.0,0.1244,0.8,0,0.0441,0.011,0.0018,1.3,0,45000,32,0,0.033
C-06432,0.1736,0.1296,0.0225,0.1814,0.2963,0,-0.0046,0.011,0.0018,0.9,0,155500,60,1,0.462
C-06433,0.0342,0.0,0.0,0.0303,0.7857,0,0.0086,0.01003,0.00083,6.6,1,409000,53,0,0.06
C-06434,0.6316,0.9167,0.5789,-0.5179,0.3833,0,0.0444,0.011,0.0018,1.4,1,47500,43,1,0.812
C-06435,0.186,0.375,0.0698,-0.0744,0.75,0,-0.0081,0.011,0.0018,6.0,0,43000,71,0,0.044
C-06436,0.1879,0.0,0.0,-0.0487,0.2963,0,0.0013,0.011,0.0018,0.3,0,215500,57,0,0.077
C-06437,0.1603,0.0,0.0,-0.1603,0.1313,1,-0.0048,0.00975,0.00055,9.9,1,499000,52,0,0.073
C-06438,0.1174,0.0,0.0,-0.0961,0.0,0,-0.0218,0.01072,0.00152,2.1,0,281000,70,0,0.031
C-06439,0.0493,0.0,0.0,-0.0457,0.2347,0,0.0079,0.00913,-7e-05,23.7,0,993000,57,0,0.043
C-06440,0.1989,0.0,0.0,-0.1989,0.3243,1,-0.0109,0.011,0.0018,4,1,93000,26,0,0.058
C-06441,0.0326,0.0,0.0,-0.0007,0.0,0,0.0106,0.00787,-0.00133,9.0,0,1916000,40,0,0.05
C-06442,0.1076,0.0,0.0,-0.0982,0.1364,0,-0.006,0.00972,0.00052,2.2,0,511000,33,0,0.108
C-06443,0.1909,0.2841,0.0542,-0.1909,0.7159,1,0.035,0.00673,-0.00247,2.6,0,4111500,54,1,0.815
C-06444,0.1674,0.0,0.0,-0.1674,0.3856,1,0.0461,0.00987,0.00067,1.2,0,457000,35,0,0.0
C-06445,0.0977,0.0,0.0,-0.0977,0.0,1,-0.0033,0.011,0.0018,16,0,87000,38,0,0.079
C-06446,0.1481,0.0,0.0,-0.1407,0.7431,0,-0.0131,0.00979,0.00059,3.3,1,486000,70,0,0.066
C-06447,0.1304,0.0,0.0,-0.1304,0.25,1,0.0252,0.011,0.0018,4.0,1,46000,28,0,0.002
C-06448,0.3361,0.5854,0.1967,-0.3085,0.1854,0,0.0527,0.01055,0.00135,2.2,1,305000,74,0,0.05
C-06449,0.1735,0.0,0.0,-0.053,0.5789,0,-0.0158,0.011,0.0018,0.3,1,109500,45,0,0.036
C-06450,0.1093,0.0,0.0,-0.0395,0.2247,0,0.0092,0.00865,-0.00055,25.8,1,1221500,54,0,0.045
C-06451,0.1939,0.125,0.0242,0.2715,0.7812,0,0.0271,0.011,0.0018,4.9,0,82500,31,0,0.016
C-06452,0.103,0.0,0.0,-0.103,0.2,1,0.0512,0.01084,0.00164,0.3,1,267000,59,1,0.437
C-06453,0.1268,0.0,0.0,-0.0997,0.6943,0,-0.0012,0.00951,0.00031,3.5,0,619000,62,0,0.064
C-06454,0.1141,0.0,0.0,-0.0416,0.4118,0,0.0115,0.011,0.0018,13.7,1,149000,46,0,0.067
C-06455,0.1919,0.5,0.0959,-0.1919,0.0,1,0.049,0.011,0.0018,0.3,0,172000,34,0,0.023
C-06456,0.1225,0.0,0.0,-0.0805,0.3571,0,-0.004,0.00941,0.00021,2.0,1,685500,64,0,0.091
C-06457,0.4367,0.5216,0.2278,-0.4367,0.2792,1,0.0435,0.00968,0.00048,6.7,0,529000,66,1,0.659
C-06458,0.1489,0.0,0.0,-0.1489,0.2143,1,0.0034,0.011,0.0018,9,1,47000,31,0,0.037
C-06459,0.0488,0.0,0.0,-0.0011,0.0,0,0.0245,0.01076,0.00156,0.6,0,276500,26,0,0.015
C-06460,0.0632,0.0,0.0,0.0471,0.0,0,-0.0012,0.011,0.0018,5.7,0,87000,32,0,0.096
C-06461,0.2128,0.5079,0.1081,-0.2128,0.4444,1,0.0336,0.011,0.0018,13.6,0,148000,46,1,0.634
C-06462,0.135,0.0,0.0,-0.135,0.4557,1,0.0071,0.01064,0.00144,9.4,0,292500,38,0,0.026
C-06463,0.1468,0.0,0.0,-0.1468,0.375,1,0.0096,0.011,0.0018,1.8,0,54500,32,0,0.06
C-06464,0.211,0.294,0.062,-0.211,0.4707,1,0.054,0.00747,-0.00173,1.4,1,2709000,62,1,0.548
C-06465,0.1425,0.5031,0.0717,-0.136,0.2233,0,0.0117,0.00885,-0.00035,1.7,0,1116000,59,0,0.068
C-06466,0.2832,0.4937,0.1398,-0.2832,0.2089,1,0.0173,0.01074,0.00154,6.6,1,279000,74,1,0.498
C-06467,0.1249,0.0,0.0,-0.1127,0.2095,0,-0.0064,0.00955,0.00035,9.4,0,592500,72,0,0.08
C-06468,0.0894,0.375,0.0335,0.2592,0.625,0,0.0028,0.011,0.0018,16.2,0,89500,69,1,0.608
C-06469,0.1345,0.0,0.0,-0.0917,0.0,0,0.0322,0.00814,-0.00106,5.9,0,1598500,58,0,0.097
C-06470,0.1702,0.0,0.0,0.1617,0.75,0,-0.016,0.011,0.0018,3,0,47000,25,0,0.044
C-06471,0.2125,0.4,0.085,-0.2125,0.1412,1,-0.0021,0.011,0.0018,3.9,0,200000,61,0,0.028
C-06472,0.2404,0.1973,0.0474,-0.2281,0.1707,0,0.0002,0.0093,0.0001,15.1,0,780000,66,0,0.026
C-06473,0.117,0.0,0.0,-0.0404,0.7727,0,-0.0086,0.011,0.0018,1.9,0,94000,30,0,0.013
C-06474,0.1191,0.0,0.0,-0.0853,0.5815,0,0.0006,0.0075,-0.0017,2.2,0,2628500,53,0,0.038
C-06475,0.1015,0.0,0.0,-0.0179,0.0438,0,0.0051,0.00943,0.00023,2.5,0,675000,59,0,0.074
C-06476,0.2317,0.3158,0.0732,0.0463,0.7632,0,-0.0026,0.011,0.0018,4.9,0,82000,38,0,0.028
C-06477,0.2203,0.4231,0.0932,-0.1492,0.0577,0,-0.0029,0.011,0.0018,7,1,118000,29,0,0.0
C-06478,0.1308,0.0,0.0,-0.0931,0.128,0,-0.0217,0.00915,-5e-05,2.1,1,956000,52,0,0.021
C-06479,0.134,0.1538,0.0206,0.0144,0.1538,0,-0.0066,0.011,0.0018,8.9,1,48500,36,0,0.031
C-06480,0.132,0.0,0.0,-0.108,0.5535,0,-0.0,0.00954,0.00034,2.1,1,602500,53,0,0.062
C-06481,0.1759,0.0,0.0,-0.1394,0.4703,0,-0.0031,0.00969,0.00049,9.3,0,526000,60,1,0.05
C-06482,0.0863,0.0,0.0,-0.0189,0.3721,0,-0.0009,0.011,0.0018,13.2,0,249000,46,0,0.05
C-06483,0.1637,0.0,0.0,-0.1587,0.0,0,0.0445,0.00755,-0.00165,10.5,1,2489000,49,0,0.017
C-06484,0.0615,0.0,0.0,0.2201,0.0,0,-0.008,0.011,0.0018,0.4,1,89500,25,0,0.016
C-06485,0.0613,0.0,0.0,-0.0581,0.0,0,-0.0062,0.00604,-0.00316,0.3,0,6820500,75,0,0.055
C-06486,0.0491,0.0,0.0,-0.0158,0.3962,0,-0.0137,0.00966,0.00046,2.1,0,539500,71,0,0.015
C-06487,0.1536,0.0,0.0,-0.0996,0.601,0,0.0222,0.00947,0.00027,0.4,1,644500,50,0,0.0
C-06488,0.0633,0.0,0.0,-0.0292,0.3878,0,-0.0002,0.01011,0.00091,8.3,1,387000,68,1,0.204
C-06489,0.0421,0.0,0.0,-0.0421,0.75,1,0.0089,0.011,0.0018,5.2,1,47500,39,0,0.044
C-06490,0.1183,0.0,0.0,0.0882,0.4545,0,-0.0037,0.011,0.0018,1.5,0,46500,74,0,0.024
C-06491,0.0967,0.0,0.0,-0.0825,0.2705,0,-0.0092,0.00804,-0.00116,9.5,0,1702000,53,0,0.0
C-06492,0.153,0.0,0.0,-0.094,0.7143,0,-0.0055,0.011,0.0018,0.6,0,183000,46,0,0.053
C-06493,0.2372,0.3674,0.0872,-0.2253,0.2614,0,0.0159,0.00886,-0.00034,1.3,1,1113000,52,0,0.03
C-06494,0.1082,0.0,0.0,-0.0667,0.0,0,-0.0051,0.011,0.0018,9,0,115500,31,0,0.026
C-06495,0.1415,0.0,0.0,-0.1308,0.2035,0,-0.0,0.00911,-9e-05,2.5,0,1007000,75,0,0.097
C-06496,0.3785,0.6718,0.2543,-0.3785,0.3004,1,0.055,0.00763,-0.00157,3.0,1,2326000,43,1,0.586
C-06497,0.0947,0.0,0.0,-0.0021,1.0,0,0.0286,0.011,0.0018,0.3,1,47500,36,0,0.021
C-06498,0.3316,0.6689,0.2218,-0.3251,0.8553,0,0.0547,0.00941,0.00021,0.3,1,687500,65,1,0.607
C-06499,0.1071,0.0,0.0,0.0643,0.25,0,-0.0117,0.011,0.0018,0.6,1,56000,47,0,0.039
C-06500,0.0461,0.0,0.0,-0.0375,0.8393,0,0.0165,0.00794,-0.00126,4.8,0,1824000,39,0,0.07
C-06501,0.1623,0.0,0.0,-0.0465,0.4865,0,-0.0024,0.011,0.0018,0.4,1,114000,38,0,0.02
C-06502,0.1412,0.0,0.0,-0.1412,0.1507,1,0.0038,0.01092,0.00172,1.6,1,258500,68,0,0.035
C-06503,0.0641,0.0,0.0,0.059,0.2,0,0.0045,0.011,0.0018,7.0,0,117000,32,0,0.07
C-06504,0.1161,0.0,0.0,-0.1161,0.2308,1,0.0221,0.011,0.0018,0.3,0,112000,57,0,0.022
C-06505,0.1626,0.15,0.0244,-0.0748,0.475,0,-0.0107,0.011,0.0018,11.8,0,123000,56,0,0.086
C-06506,0.193,0.0,0.0,-0.0553,0.0991,0,-0.0197,0.01067,0.00147,0.5,0,287500,40,0,0.085
C-06507,0.14,0.0,0.0,-0.14,0.2857,1,0.0157,0.011,0.0018,4.1,0,50000,50,0,0.0
C-06508,0.0874,0.4375,0.0383,-0.0874,0.4375,1,-0.0024,0.011,0.0018,14.9,1,183000,65,0,0.044
C-06509,0.3753,0.6259,0.2349,-0.3722,0.6259,0,0.0307,0.01014,0.00094,4.9,1,381000,33,0,0.0
C-06510,0.1263,0.0,0.0,-0.0253,0.4167,0,0.0017,0.011,0.0018,3,0,47500,25,0,0.0
C-06511,0.0552,0.0,0.0,-0.0552,0.4,1,0.0098,0.011,0.0018,10.0,0,90500,64,0,0.052
C-06512,0.0734,0.0,0.0,-0.0734,0.6207,1,0.0065,0.011,0.0018,3.5,0,197500,40,0,0.0
C-06513,0.2199,0.4844,0.1065,-0.1742,0.7344,0,0.0352,0.01065,0.00145,4.6,0,291000,62,0,0.037
C-06514,0.0985,0.0,0.0,-0.0985,0.8318,1,-0.0257,0.00811,-0.00109,10,1,1629000,32,1,0.108
C-06515,0.0368,0.0,0.0,-0.0368,0.0,1,0.0228,0.011,0.0018,5.4,0,81500,31,0,0.063
C-06516,0.1304,0.0,0.0,0.0943,0.6667,0,0.0066,0.011,0.0018,2.3,0,149500,58,0,0.06
C-06517,0.3244,0.4726,0.1533,-0.3244,0.8699,1,0.0472,0.011,0.0018,2.7,0,225000,41,1,0.356
C-06518,0.1667,0.1875,0.0312,-0.0417,0.375,0,-0.0098,0.011,0.0018,1.4,0,48000,27,0,0.04
C-06519,0.1144,0.3721,0.0426,-0.0378,0.093,0,0.0311,0.011,0.0018,5,0,188000,27,0,0.043
C-06520,0.2831,0.8701,0.2463,-0.2279,0.9827,0,0.0428,0.01003,0.00083,9.3,0,408000,54,1,0.757
C-06521,0.0293,0.0,0.0,0.0903,0.0,0,-0.0021,0.01033,0.00113,15,0,341000,37,0,0.069
C-06522,0.2552,0.4534,0.1157,-0.2552,0.7514,1,0.0517,0.00839,-0.00081,12.2,0,1387000,61,1,0.539
C-06523,0.1253,0.0,0.0,-0.1105,0.9016,0,-0.0148,0.011,0.0018,12.4,0,243500,73,0,0.072
C-06524,0.1127,0.0,0.0,-0.0434,0.4359,0,0.0057,0.011,0.0018,0.3,0,173000,25,0,0.035
C-06525,0.0601,0.0,0.0,0.1146,0.6316,0,-0.0004,0.011,0.0018,3.8,1,158000,34,0,0.09
C-06526,0.0386,0.0,0.0,-0.035,0.7922,0,-0.0099,0.00913,-7e-05,9,0,996500,31,0,0.056
C-06527,0.0871,0.0,0.0,0.0402,0.0,0,-0.0069,0.011,0.0018,8.6,0,132000,37,0,0.049
C-06528,0.2369,0.0,0.0,-0.0733,0.3349,0,0.0117,0.0099,0.0007,16.0,0,447500,53,0,0.089
C-06529,0.1064,0.0,0.0,0.5064,1.0,0,0.005,0.011,0.0018,1.2,0,47000,45,0,0.011
C-06530,0.0785,0.4667,0.0366,-0.0094,1.0,0,0.0102,0.011,0.0018,2.3,0,191000,65,0,0.064
C-06531,0.1132,0.0,0.0,-0.1017,0.2353,0,-0.0072,0.00844,-0.00076,6.1,0,1351000,36,0,0.018
C-06532,0.0985,0.0,0.0,-0.0722,0.75,0,-0.0029,0.01021,0.00101,2.4,0,365500,61,0,0.093
C-06533,0.1048,0.3444,0.0361,-0.0992,0.6889,0,-0.0055,0.00996,0.00076,6.9,0,429500,40,0,0.0
C-06534,0.1667,0.0,0.0,0.4216,0.2941,0,-0.0123,0.011,0.0018,7.3,0,51000,37,0,0.0
C-06535,0.1493,0.2,0.0299,0.0179,0.5667,0,-0.0221,0.011,0.0018,3,0,100500,25,0,0.059
C-06536,0.1295,0.4351,0.0563,-0.0932,0.2013,0,0.0253,0.00955,0.00035,1.0,0,594500,54,0,0.013
C-06537,0.1742,0.0,0.0,-0.0379,0.5435,0,-0.0119,0.011,0.0018,5,1,132000,27,0,0.0
C-06538,0.0978,0.0,0.0,-0.0951,0.3869,0,-0.0072,0.0066,-0.0026,0.8,0,4453000,73,0,0.091
C-06539,0.2444,0.6615,0.1617,-0.2444,0.7697,1,0.05,0.0083,-0.0009,1.9,0,1456500,42,0,0.024
C-06540,0.1026,0.0,0.0,-0.0752,0.0,0,-0.0146,0.0088,-0.0004,3.4,1,1140500,56,0,0.0
C-06541,0.1509,0.0,0.0,-0.1509,0.5833,1,0.0077,0.011,0.0018,4.1,0,79500,46,0,0.066
C-06542,0.115,0.0,0.0,-0.049,0.1957,0,-0.0009,0.011,0.0018,8.6,0,200000,33,0,0.077
C-06543,0.1158,0.0,0.0,0.0611,0.6667,0,-0.0173,0.011,0.0018,3.7,0,142500,41,0,0.042
C-06544,0.1122,0.0,0.0,-0.1064,0.295,0,-0.0055,0.00951,0.00031,2.1,0,619500,73,0,0.062
C-06545,0.1115,0.3333,0.0372,-0.1115,0.6364,1,0.0046,0.011,0.0018,14.4,0,148000,72,0,0.042
C-06546,0.1826,0.0,0.0,-0.1826,0.4512,1,0.0408,0.011,0.0018,8.9,0,224500,73,1,0.05
C-06547,0.0592,0.0,0.0,-0.035,0.0,0,-0.0151,0.01031,0.00111,8.8,0,346000,68,0,0.025
C-06548,0.3548,0.7879,0.2796,-0.3548,0.9394,1,0.0466,0.011,0.0018,7.2,0,46500,71,1,0.329
C-06549,0.1906,0.3585,0.0683,-0.1216,0.1698,0,0.0001,0.011,0.0018,14.2,0,139000,62,0,0.078
C-06550,0.1447,0.0,0.0,-0.1145,0.6719,0,0.0001,0.00921,1e-05,5.0,0,874500,57,0,0.024
C-06551,0.2052,0.1306,0.0268,-0.2052,0.1847,1,0.0209,0.00966,0.00046,1.4,0,541000,75,0,0.033
C-06552,0.0801,0.0,0.0,0.0276,0.08,0,-0.0046,0.011,0.0018,8.2,0,156000,35,0,0.073
C-06553,0.0359,0.0,0.0,-0.0359,0.0,1,0.0136,0.00869,-0.00051,6.6,1,1198500,63,0,0.009
C-06554,0.0928,0.0,0.0,-0.0627,0.345,0,-0.0112,0.00894,-0.00026,4.0,0,1077500,47,0,0.073
C-06555,0.0783,0.0,0.0,-0.0783,0.325,1,-0.0012,0.01095,0.00175,7.3,1,255500,70,0,0.029
C-06556,0.278,0.5695,0.1583,-0.278,0.0,1,0.0417,0.00968,0.00048,0.4,1,530500,58,1,0.185
C-06557,0.1069,0.0,0.0,-0.1069,0.6129,1,-0.0054,0.011,0.0018,16.9,0,145000,46,0,0.03
C-06558,0.1133,0.0,0.0,-0.1133,0.5165,1,0.0484,0.01006,0.00086,3.6,1,401500,53,0,0.097
C-06559,0.0435,0.0,0.0,0.0308,0.8333,0,0.0037,0.00932,0.00012,17.5,0,759000,61,0,0.05
C-06560,0.4148,0.6186,0.2566,-0.4056,0.447,0,0.0535,0.0096,0.0004,3.9,0,569000,75,1,0.586
C-06561,0.069,0.0,0.0,-0.069,0.0,1,-0.0128,0.011,0.0018,1.8,0,224500,58,0,0.051
C-06562,0.1267,0.0,0.0,-0.0972,0.3915,0,-0.0037,0.00908,-0.00012,3.5,0,1018000,43,0,0.024
C-06563,0.415,0.8026,0.3331,-0.415,0.4457,1,0.0338,0.00935,0.00015,0.9,1,732500,60,1,0.622
C-06564,0.0833,0.0,0.0,0.0621,0.0,0,0.0015,0.011,0.0018,4.1,0,66000,27,0,0.049
C-06565,0.1034,0.0,0.0,-0.0758,1.0,0,0.0097,0.00934,0.00014,0.7,0,740000,39,0,0.018
C-06566,0.3058,0.8037,0.2458,-0.2833,0.9448,0,0.0461,0.01085,0.00165,7.6,0,266500,65,0,0.056
C-06567,0.0652,0.0,0.0,0.1696,0.3333,0,0.0109,0.011,0.0018,0.5,0,46000,33,0,0.01
C-06568,0.0688,0.0,0.0,-0.0688,0.0,1,-0.0014,0.00943,0.00023,0.9,0,668500,64,0,0.052
C-06569,0.1201,0.0,0.0,-0.0672,0.7347,0,-0.0028,0.00927,7e-05,21,0,816000,43,0,0.062
C-06570,0.0356,0.0,0.0,-0.0356,0.8129,1,0.0046,0.00574,-0.00346,4.4,1,9619500,55,0,0.0
C-06571,0.0469,0.0,0.0,-0.0469,0.0,1,0.0359,0.011,0.0018,11.1,0,64000,49,0,0.051
C-06572,0.0817,0.0,0.0,-0.076,0.4632,0,0.034,0.00925,5e-05,10.2,0,832000,68,0,0.049
C-06573,0.122,0.0,0.0,-0.0504,0.2556,0,0.0017,0.01019,0.00099,2.9,0,369000,75,0,0.068
C-06574,0.163,0.0,0.0,-0.1254,0.3407,0,-0.0199,0.01001,0.00081,7.7,0,414000,61,0,0.086
C-06575,0.1159,0.0,0.0,0.3884,0.25,0,-0.0039,0.011,0.0018,12.2,0,69000,48,0,0.055
C-06576,0.1262,0.0,0.0,-0.1243,0.8351,0,0.0156,0.00792,-0.00128,7.4,0,1850000,65,0,0.023
C-06577,0.1228,0.0,0.0,-0.1216,0.2692,0,0.0317,0.00572,-0.00348,3.3,0,9830500,64,0,0.042
C-06578,0.1201,0.0,0.0,-0.0312,0.4019,0,0.0253,0.0099,0.0007,12.9,0,445500,52,0,0.0
C-06579,0.1305,0.4107,0.0536,-0.1305,0.2917,1,-0.0018,0.00947,0.00027,2.7,1,643500,45,0,0.0
C-06580,0.0737,0.0,0.0,0.28,0.0,0,-0.0026,0.011,0.0018,3,0,47500,25,0,0.022
C-06581,0.3301,0.5362,0.177,-0.3301,0.6377,1,0.0365,0.011,0.0018,1.5,1,104500,31,0,0.086
C-06582,0.0618,0.0,0.0,0.1476,0.1765,0,0.0151,0.011,0.0018,12,0,137500,34,0,0.094
C-06583,0.1616,0.0,0.0,-0.0959,0.5085,0,-0.0045,0.011,0.0018,3.5,0,182500,49,0,0.08
C-06584,0.105,0.7143,0.075,-0.105,0.2381,1,0.0013,0.011,0.0018,1.9,0,100000,45,0,0.014
C-06585,0.264,0.3904,0.1031,-0.264,0.6781,1,0.0481,0.01076,0.00156,4.8,0,276500,53,0,0.056
C-06586,0.1951,0.0,0.0,-0.1951,0.35,1,0.0428,0.011,0.0018,1.3,0,205000,44,0,0.0
C-06587,0.1087,0.3,0.0326,0.0478,0.4,0,0.025,0.011,0.0018,8.8,0,46000,56,0,0.0
C-06588,0.1655,0.4645,0.0769,-0.1476,0.9235,0,0.0124,0.00769,-0.00151,8.5,1,2211000,54,0,0.093
C-06589,0.1594,0.0,0.0,-0.1594,0.3579,1,0.0011,0.0106,0.0014,1.8,0,298000,30,0,0.044
C-06590,0.125,0.0,0.0,-0.015,0.3333,0,-0.0125,0.011,0.0018,1.4,0,120000,42,0,0.039
C-06591,0.0602,0.0,0.0,-0.0535,0.7442,0,0.0158,0.00834,-0.00086,0.3,0,1429000,73,0,0.076
C-06592,0.1354,0.0,0.0,-0.1354,0.6633,1,0.0081,0.01023,0.00103,12,0,362000,34,0,0.053
C-06593,0.0991,0.0,0.0,-0.0139,0.1791,0,-0.01,0.01035,0.00115,2.6,1,338000,53,0,0.045
C-06594,0.1836,0.3865,0.0709,-0.1714,0.0982,0,0.0023,0.0092,0.0,1.7,1,888000,30,0,0.037
C-06595,0.1453,0.0,0.0,0.0331,0.1163,0,-0.0108,0.011,0.0018,2.3,0,148000,26,0,0.099
C-06596,0.0535,0.0,0.0,0.0422,0.0,0,-0.0033,0.00963,0.00043,1.2,0,551500,74,0,0.034
C-06597,0.1848,0.0,0.0,-0.1406,0.6606,0,-0.0136,0.00955,0.00035,15.7,1,598000,64,0,0.04
C-06598,0.112,0.0,0.0,-0.0071,0.4878,0,-0.0039,0.011,0.0018,4.9,0,183000,54,0,0.06
C-06599,0.1454,0.0,0.0,-0.0917,0.1692,0,-0.0111,0.011,0.0018,12.2,0,223500,48,0,0.004
C-06600,0.1732,0.7424,0.1286,-0.1732,0.0,1,0.0446,0.011,0.0018,0.5,0,190500,30,0,0.002
C-06601,0.0747,0.0,0.0,-0.0402,1.0,0,-0.0076,0.0103,0.0011,4.4,1,348000,46,0,0.037
C-06602,0.1023,0.0,0.0,-0.1023,0.1549,1,0.0289,0.0103,0.0011,2.4,0,347000,60,0,0.036
C-06603,0.1056,0.0,0.0,0.3338,0.7333,0,0.0013,0.011,0.0018,9.7,0,71000,39,0,0.07
C-06604,0.1591,0.0,0.0,-0.1514,0.558,0,-0.0116,0.0079,-0.0013,5.2,0,1869500,48,0,0.0
C-06605,0.0833,0.0,0.0,0.0214,1.0,0,0.003,0.011,0.0018,0.8,0,126000,31,0,0.099
C-06606,0.0867,0.0,0.0,-0.0681,0.0,0,-0.0064,0.00938,0.00018,1.9,0,709000,74,0,0.052
C-06607,0.0539,0.0,0.0,-0.0307,0.2991,0,0.0274,0.00892,-0.00028,2.7,0,1085000,73,0,0.031
C-06608,0.1303,0.0,0.0,-0.1273,0.5858,0,-0.0155,0.0066,-0.0026,1.4,0,4448500,61,0,0.0
C-06609,0.0515,0.0,0.0,0.4309,1.0,0,0.0468,0.011,0.0018,11,0,48500,33,0,0.04
C-06610,0.0566,0.0,0.0,0.0189,0.3333,0,-0.0067,0.011,0.0018,2.0,0,79500,75,0,0.05
C-06611,0.0597,0.0,0.0,-0.0597,0.25,1,0.0353,0.011,0.0018,5,0,67000,27,0,0.055
C-06612,0.1398,0.4219,0.059,-0.0979,0.7148,0,-0.0052,0.00918,-2e-05,4.5,0,915500,65,0,0.022
C-06613,0.1284,0.4159,0.0534,-0.1039,0.8142,0,0.0012,0.00992,0.00072,9.1,0,440000,51,0,0.049
C-06614,0.105,0.0,0.0,-0.0658,0.2123,0,-0.0008,0.0091,-0.0001,1.8,1,1009500,37,0,0.04
C-06615,0.336,0.8548,0.2873,-0.336,0.8548,1,0.0447,0.011,0.0018,3.6,0,184500,42,0,0.035
C-06616,0.0737,0.0,0.0,0.1284,0.8571,0,0.0149,0.011,0.0018,1.9,0,47500,25,0,0.07
C-06617,0.1028,0.0,0.0,0.0766,0.0,0,-0.0144,0.011,0.0018,2.2,0,53500,29,0,0.069
C-06618,0.1702,0.0,0.0,-0.1702,0.1875,1,0.0037,0.011,0.0018,1.6,1,47000,25,0,0.061
C-06619,0.0971,0.0,0.0,-0.0812,0.4091,0,-0.0022,0.00988,0.00068,9.6,0,453000,72,0,0.046
C-06620,0.0456,0.0,0.0,-0.008,0.375,0,0.0062,0.01028,0.00108,3.4,1,351000,62,0,0.0
C-06621,0.1142,0.0,0.0,-0.1142,0.3976,1,-0.0253,0.01022,0.00102,0.8,0,363500,38,0,0.037
C-06622,0.2064,0.0,0.0,-0.2064,0.3811,1,-0.0022,0.00653,-0.00267,4.2,0,4653500,59,0,0.048
C-06623,0.0734,0.0,0.0,0.0514,0.9167,0,0.0025,0.011,0.0018,1.9,0,163500,26,0,0.03
C-06624,0.1345,0.0,0.0,-0.1345,0.5652,1,0.0361,0.011,0.0018,4.4,1,85500,60,0,0.055
C-06625,0.0533,0.5806,0.0309,-0.0533,0.0,1,-0.0071,0.01065,0.00145,5.3,1,291000,66,1,0.504
C-06626,0.2105,0.625,0.1316,-0.0211,0.2083,0,0.0155,0.011,0.0018,3.7,1,57000,34,1,0.391
C-06627,0.1434,0.0,0.0,-0.1107,0.7183,0,0.0477,0.011,0.0018,0.8,1,247500,33,0,0.045
C-06628,0.0964,0.0,0.0,-0.0964,0.3552,1,0.0437,0.00916,-4e-05,1.2,0,949500,36,0,0.041
C-06629,0.0417,0.0,0.0,0.0583,0.6,0,-0.0095,0.011,0.0018,12.5,0,60000,43,0,0.018
C-06630,0.0661,0.0,0.0,-0.0431,0.4435,0,-0.0106,0.00917,-3e-05,14.5,0,937500,41,0,0.047
C-06631,0.1278,0.0,0.0,-0.0992,0.4578,0,-0.0112,0.00921,1e-05,0.5,0,880000,64,0,0.058
C-06632,0.2461,0.3657,0.09,-0.2461,0.4571,1,0.0098,0.01026,0.00106,3.3,1,355500,50,0,0.105
C-06633,0.1095,0.0,0.0,0.0307,0.0,0,0.0436,0.011,0.0018,4.0,0,205500,49,1,0.39
C-06634,0.0928,0.0,0.0,0.0557,0.4444,0,-0.0091,0.011,0.0018,0.3,1,48500,30,0,0.03
C-06635,0.1642,0.0,0.0,-0.1274,0.4346,0,0.0047,0.00946,0.00026,7,0,651500,29,0,0.045
C-06636,0.1687,0.3701,0.0624,-0.1081,0.4252,0,-0.0218,0.01016,0.00096,2.6,1,376500,40,0,0.027
C-06637,0.1796,0.0,0.0,-0.1585,0.4706,0,-0.0112,0.0107,0.0015,0.5,0,284000,45,1,0.381
C-06638,0.1484,0.0,0.0,-0.1385,0.8287,0,0.0288,0.00915,-5e-05,4.6,0,963500,57,0,0.029
C-06639,0.0207,0.0,0.0,0.0047,1.0,0,0.0059,0.00881,-0.00039,4.9,1,1136500,52,0,0.053
C-06640,0.0799,0.0,0.0,-0.0473,0.7178,0,-0.0021,0.00824,-0.00096,7.3,0,1507500,40,0,0.075
C-06641,0.1523,0.0,0.0,-0.1523,0.4359,1,0.0379,0.011,0.0018,2.5,0,128000,27,0,0.075
C-06642,0.1038,0.0,0.0,-0.0483,0.7909,0,-0.0033,0.00898,-0.00022,7.5,0,1059500,65,0,0.072
C-06643,0.0213,0.0,0.0,-0.0213,1.0,1,0.0141,0.011,0.0018,7.0,0,47000,49,0,0.052
C-06644,0.1815,0.3137,0.0569,-0.0961,0.7059,0,-0.0066,0.011,0.0018,5.5,0,140500,34,0,0.0
C-06645,0.0913,0.0,0.0,-0.0864,0.247,0,-0.0069,0.00671,-0.00249,3.2,1,4167000,70,0,0.049
C-06646,0.1228,0.0,0.0,-0.0651,0.4639,0,0.0112,0.01008,0.00088,8.4,0,395000,54,0,0.032
C-06647,0.1513,0.0,0.0,-0.1403,0.1515,0,0.0018,0.00792,-0.00128,7.3,0,1853500,63,0,0.046
C-06648,0.1361,0.0,0.0,-0.084,0.7826,0,-0.0112,0.01097,0.00177,21,0,253500,43,0,0.107
C-06649,0.1629,0.0,0.0,-0.1629,0.4351,1,0.0533,0.00935,0.00015,1.3,0,733500,29,0,0.023
C-06650,0.1325,0.0,0.0,-0.1325,0.3228,1,-0.0091,0.00894,-0.00026,0.3,1,1075500,51,0,0.023
C-06651,0.0276,0.0,0.0,0.0,0.6667,0,0.0382,0.00994,0.00074,3.3,1,434000,42,0,0.054
C-06652,0.1416,0.0,0.0,-0.1126,0.4146,0,-0.0057,0.01066,0.00146,0.4,1,289500,34,0,0.099
C-06653,0.0938,0.0,0.0,-0.0072,0.7436,0,0.0035,0.011,0.0018,7.0,0,208000,52,0,0.044
C-06654,0.1958,0.0,0.0,-0.0832,0.4371,0,0.006,0.00997,0.00077,6.6,0,426500,54,0,0.025
C-06655,0.1691,0.0,0.0,-0.1581,0.1067,0,0.0067,0.00811,-0.00109,6.6,0,1635000,59,0,0.023
C-06656,0.1297,0.0,0.0,-0.1016,0.6795,0,0.0191,0.00804,-0.00116,1.6,0,1708000,60,0,0.03
C-06657,0.0688,0.0,0.0,-0.0455,0.0,0,-0.0123,0.0096,0.0004,2.8,0,566500,37,0,0.062
C-06658,0.1677,0.0,0.0,-0.0799,0.5455,0,-0.0141,0.011,0.0018,6.7,0,164000,38,0,0.036
C-06659,0.051,0.0,0.0,-0.0437,0.2048,0,-0.0085,0.00927,7e-05,9.0,1,813000,73,0,0.0
C-06660,0.0914,0.0,0.0,-0.0914,0.4898,1,0.0372,0.00967,0.00047,1.1,0,536000,27,0,0.042
C-06661,0.1479,0.3478,0.0514,-0.0399,0.6739,0,-0.0114,0.011,0.0018,4.6,0,155500,29,0,0.079
C-06662,0.0917,0.0,0.0,-0.0917,0.3387,1,0.013,0.01035,0.00115,7.0,1,338000,52,0,0.052
C-06663,0.1811,0.2609,0.0472,0.0457,0.1739,0,-0.0072,0.011,0.0018,2.3,1,63500,49,0,0.022
C-06664,0.2227,0.385,0.0857,-0.2102,0.24,0,0.0436,0.00989,0.00069,6.4,0,449000,71,0,0.009
C-06665,0.1805,0.0,0.0,-0.1672,0.3289,0,0.0118,0.00679,-0.00241,3.6,0,3976000,62,0,0.04
C-06666,0.2571,0.7222,0.1857,-0.2571,0.9167,1,0.0344,0.011,0.0018,2.4,0,70000,28,1,0.549
C-06667,0.1662,0.0,0.0,-0.1163,0.625,0,0.0182,0.011,0.0018,1.8,0,168500,67,1,0.076
C-06668,0.1101,0.0,0.0,-0.1101,0.1271,1,0.0327,0.0074,-0.0018,15.7,1,2929000,40,0,0.071
C-06669,0.5306,0.9038,0.4796,-0.3878,0.4615,0,0.0543,0.011,0.0018,8.8,1,49000,58,1,0.569
C-06670,0.207,0.0,0.0,-0.1887,0.4585,0,0.0023,0.0093,0.0001,10.4,0,785000,75,0,0.048
C-06671,0.0657,0.0,0.0,-0.0455,0.3077,0,-0.0046,0.0106,0.0014,0.4,1,297000,35,0,0.014
C-06672,0.1711,0.3556,0.0608,-0.1255,0.2667,0,0.0021,0.011,0.0018,1.9,1,131500,42,0,0.038
C-06673,0.2102,0.0,0.0,-0.2102,0.2613,1,-0.0031,0.0092,0.0,0.4,0,892000,57,0,0.002
C-06674,0.0444,0.0,0.0,-0.0444,0.0,1,-0.0071,0.01029,0.00109,8.6,0,349000,58,0,0.066
C-06675,0.2809,0.5455,0.1532,-0.2809,0.0909,1,0.0537,0.011,0.0018,8.1,0,117500,74,1,0.514
C-06676,0.0804,0.0,0.0,-0.0039,0.0,0,-0.0146,0.0104,0.0012,1.5,0,329500,61,0,0.105
C-06677,0.1039,0.0,0.0,-0.0166,0.7,0,-0.0012,0.011,0.0018,7,0,192500,29,0,0.0
C-06678,0.1103,0.4359,0.0481,-0.1103,0.1923,1,-0.0117,0.01027,0.00107,4.1,1,353500,33,1,0.699
C-06679,0.0674,0.0,0.0,-0.0458,0.2525,0,-0.0186,0.00825,-0.00095,0.6,1,1498500,43,0,0.041
C-06680,0.0313,0.0,0.0,-0.0023,0.0,0,0.0104,0.00721,-0.00199,0.3,0,3226500,56,0,0.035
C-06681,0.0905,0.0,0.0,-0.0801,0.0,0,0.0044,0.00918,-2e-05,10.0,0,923000,68,0,0.046
C-06682,0.1318,0.0,0.0,-0.1263,0.3012,0,0.02,0.00706,-0.00214,0.3,0,3463500,51,0,0.033
C-06683,0.1895,0.3678,0.0697,-0.1059,0.4598,0,-0.0003,0.011,0.0018,3,1,229500,25,0,0.015
C-06684,0.1365,0.0,0.0,-0.1154,0.6429,0,-0.0023,0.00972,0.00052,3.1,0,513000,74,0,0.04
C-06685,0.0595,0.0,0.0,-0.0513,0.6281,0,0.0089,0.00908,-0.00012,5,0,1016500,27,0,0.07
C-06686,0.149,0.0,0.0,-0.0869,0.2975,0,-0.0056,0.01004,0.00084,0.3,0,406000,44,0,0.009
C-06687,0.1154,0.2821,0.0325,-0.1154,0.2051,1,0.0266,0.011,0.0018,1.9,0,169000,27,0,0.045
C-06688,0.1024,0.0,0.0,-0.0748,0.5306,0,-0.0015,0.00981,0.00061,0.3,0,478500,37,0,0.039
C-06689,0.0778,0.0,0.0,0.1,0.3333,0,-0.0063,0.011,0.0018,5.3,0,135000,62,0,0.042
C-06690,0.1933,0.4783,0.0924,-0.1933,1.0,1,0.0475,0.011,0.0018,5.5,0,59500,56,1,0.415
C-06691,0.0523,0.0,0.0,-0.023,0.5195,0,-0.0016,0.00935,0.00015,3.8,0,736000,49,0,0.066
C-06692,0.1227,0.0,0.0,-0.1227,0.3934,1,-0.0037,0.011,0.0018,13.3,0,248500,63,0,0.076
C-06693,0.1147,0.0,0.0,-0.1147,0.3521,1,0.0395,0.01052,0.00132,17.6,1,309500,51,0,0.049
C-06694,0.2383,0.2953,0.0704,-0.2296,0.7469,0,0.0075,0.0077,-0.0015,6.4,1,2188000,47,0,0.04
C-06695,0.25,0.4583,0.1146,-0.25,0.7917,1,0.0143,0.011,0.0018,12.7,1,48000,75,0,0.071
C-06696,0.1118,0.0,0.0,-0.0351,0.6571,0,0.0376,0.011,0.0018,30,0,156500,65,0,0.01
C-06697,0.2518,0.4545,0.1144,-0.163,0.3287,0,0.0119,0.0107,0.0015,13.9,0,284000,49,0,0.0
C-06698,0.1025,0.0,0.0,-0.0484,0.0,0,-0.0081,0.011,0.0018,2.8,1,244000,65,0,0.058
C-06699,0.0859,0.0,0.0,-0.0556,0.0,0,-0.0033,0.00949,0.00029,3.7,0,634500,47,0,0.078
C-06700,0.3441,0.5625,0.1935,-0.1935,0.0938,0,0.0423,0.011,0.0018,2.1,0,46500,42,0,0.069
C-06701,0.12,0.0,0.0,-0.1059,0.1902,0,0.0324,0.00932,0.00012,5.4,1,766500,56,0,0.045
C-06702,0.2863,0.5493,0.1573,-0.2863,0.5634,1,0.0531,0.011,0.0018,0.4,0,124000,28,1,0.651
C-06703,0.1156,0.0,0.0,-0.0971,0.5467,0,-0.011,0.01043,0.00123,4.7,0,324500,67,0,0.031
C-06704,0.2922,0.7584,0.2216,-0.2592,0.1007,0,0.0099,0.01095,0.00175,4.8,1,255000,52,0,0.06
C-06705,0.1115,0.573,0.0639,-0.1025,0.6742,0,0.0112,0.01007,0.00087,12.6,1,399000,72,1,0.565
C-06706,0.0279,0.0,0.0,-0.0112,0.0,0,0.0434,0.011,0.0018,7.1,0,125500,31,0,0.076
C-06707,0.0673,0.0,0.0,-0.0673,1.0,1,-0.0002,0.011,0.0018,16.5,1,148500,41,0,0.058
C-06708,0.1562,0.0,0.0,-0.1562,0.9333,1,0.0086,0.011,0.0018,17,0,48000,39,0,0.009
C-06709,0.2749,0.6018,0.1655,-0.2749,0.2743,1,0.0494,0.011,0.0018,4.5,0,205500,36,0,0.071
C-06710,0.0711,0.0,0.0,-0.0562,1.0,0,-0.0057,0.00936,0.00016,2.7,0,724000,49,0,0.019
C-06711,0.1431,0.0,0.0,-0.1212,0.609,0,0.0019,0.00725,-0.00195,3.7,0,3172500,62,0,0.115
C-06712,0.0967,0.0,0.0,-0.0723,0.3014,0,-0.003,0.00893,-0.00027,7.8,0,1080500,58,0,0.018
C-06713,0.1225,0.0,0.0,-0.1225,0.2,1,-0.0034,0.011,0.0018,0.8,0,102000,64,0,0.067
C-06714,0.1012,0.0,0.0,-0.0493,0.4656,0,0.0061,0.00947,0.00027,0.4,0,647500,47,0,0.004
C-06715,0.1287,0.0,0.0,-0.0871,0.469,0,0.0054,0.00883,-0.00037,0.3,1,1127000,37,0,0.024
C-06716,0.1278,0.0,0.0,0.0379,0.5517,0,0.0136,0.01034,0.00114,3.5,0,340500,60,0,0.045
C-06717,0.1136,0.0,0.0,-0.1136,0.6448,1,0.0494,0.00856,-0.00064,22.5,0,1276500,62,0,0.048
C-06718,0.1694,0.0,0.0,-0.0107,0.4146,0,-0.0068,0.011,0.0018,5.6,0,121000,47,0,0.003
C-06719,0.1362,0.0,0.0,-0.1227,0.6804,0,-0.0208,0.00847,-0.00073,8.2,0,1333000,44,0,0.011
C-06720,0.1514,0.0,0.0,-0.1426,0.4222,0,0.0036,0.00811,-0.00109,19.3,0,1635000,61,0,0.048
C-06721,0.0714,0.0,0.0,-0.022,0.3269,0,-0.0072,0.01022,0.00102,5.3,0,364000,72,0,0.086
C-06722,0.1689,0.0,0.0,-0.0989,0.3885,0,-0.0128,0.01002,0.00082,7.6,0,411500,48,0,0.056
C-06723,0.2063,0.0,0.0,-0.1814,0.4975,0,-0.0023,0.00915,-5e-05,14.9,0,964500,54,0,0.027
C-06724,0.12,0.0,0.0,-0.0834,0.2985,0,-0.017,0.00962,0.00042,0.4,0,558500,61,0,0.09
C-06725,0.1471,0.0,0.0,-0.1146,0.3026,0,-0.0079,0.00971,0.00051,0.3,0,516500,51,0,0.049
C-06726,0.121,0.0,0.0,0.0166,0.8421,0,-0.0024,0.011,0.0018,7.1,0,78500,67,0,0.077
C-06727,0.1394,0.0,0.0,-0.1394,0.3175,1,0.0006,0.011,0.0018,6.2,0,226000,42,0,0.046
C-06728,0.0652,0.0,0.0,-0.0652,1.0,1,0.0527,0.011,0.0018,2.4,0,46000,35,0,0.034
C-06729,0.2033,0.0,0.0,-0.1447,0.2133,0,0.051,0.011,0.0018,1.0,0,184500,33,1,0.065
C-06730,0.0361,0.0,0.0,-0.0361,0.0,1,0.0015,0.00966,0.00046,5.6,0,539500,58,0,0.077
C-06731,0.1213,0.0,0.0,-0.0821,0.4295,0,-0.0007,0.00947,0.00027,1.3,1,643000,50,0,0.019
C-06732,0.1388,0.0,0.0,0.7569,1.0,0,-0.0058,0.011,0.0018,13.1,1,104500,52,0,0.055
C-06733,0.0708,0.0,0.0,-0.0425,0.0,0,0.0533,0.011,0.0018,2.5,0,169500,67,0,0.04
C-06734,0.1354,0.0,0.0,-0.1354,0.6923,1,0.008,0.011,0.0018,2.5,1,48000,25,0,0.033
C-06735,0.0918,0.0,0.0,-0.0466,0.7436,0,0.0027,0.011,0.0018,4.4,0,212500,34,0,0.047
C-06736,0.1517,0.0,0.0,0.0634,0.3182,0,-0.0092,0.011,0.0018,2.1,0,72500,26,0,0.056
C-06737,0.0434,0.0,0.0,-0.0272,0.5328,0,-0.0067,0.00837,-0.00083,1.5,0,1405000,56,0,0.0
C-06738,0.144,0.0,0.0,-0.144,0.1074,1,0.0269,0.00924,4e-05,1.0,1,840000,52,0,0.032
C-06739,0.0936,0.5227,0.0489,-0.0579,0.3409,0,-0.006,0.011,0.0018,2.3,0,235000,50,0,0.054
C-06740,0.0919,0.0,0.0,-0.0878,0.1254,0,-0.0015,0.00587,-0.00333,2.9,1,8156000,59,0,0.079
C-06741,0.2862,0.4944,0.1415,-0.2862,0.573,1,0.0402,0.011,0.0018,3.3,0,155500,39,1,0.621
C-06742,0.2414,0.4893,0.1181,-0.2414,0.5595,1,0.0379,0.00897,-0.00023,10,0,1062500,32,0,0.055
C-06743,0.1955,0.0,0.0,-0.1594,0.2692,0,0.0053,0.011,0.0018,5.9,0,133000,70,0,0.08
C-06744,0.0429,0.0,0.0,0.0314,0.0,0,0.0001,0.011,0.0018,2.9,1,210000,47,0,0.047
C-06745,0.1143,0.0,0.0,0.96,0.4167,0,-0.0044,0.011,0.0018,3.9,1,52500,35,0,0.05
C-06746,0.0606,0.0,0.0,0.1212,0.1667,0,0.0009,0.011,0.0018,1.0,0,99000,53,0,0.075
C-06747,0.1206,0.0,0.0,-0.119,0.2833,0,-0.0056,0.00767,-0.00153,3.5,0,2238500,60,0,0.05
C-06748,0.0381,0.0,0.0,-0.0381,0.0,1,0.0459,0.00817,-0.00103,3.9,0,1574000,62,0,0.116
C-06749,0.0632,0.0,0.0,0.0264,0.4545,0,-0.0156,0.011,0.0018,2.5,0,174000,62,0,0.014
C-06750,0.0797,0.0,0.0,0.0442,0.0,0,0.0024,0.0099,0.0007,9.8,1,445500,36,0,0.053
C-06751,0.1575,0.0,0.0,-0.1205,0.4815,0,0.0031,0.00803,-0.00117,9.3,0,1721000,43,0,0.09
C-06752,0.0592,0.0,0.0,-0.0503,0.0,0,0.0037,0.00942,0.00022,7.8,0,676000,74,0,0.028
C-06753,0.2057,0.1667,0.0343,-0.0823,0.7778,0,-0.0113,0.011,0.0018,1.1,0,87500,39,0,0.03
C-06754,0.0563,0.0,0.0,-0.0377,0.5,0,0.0113,0.00971,0.00051,21,1,515000,43,0,0.04
C-06755,0.0233,0.0,0.0,0.014,0.5,0,-0.0131,0.01092,0.00172,0.8,0,258000,65,0,0.032
C-06756,0.1334,0.0,0.0,-0.0304,0.3391,0,-0.0037,0.00995,0.00075,3.8,1,431000,60,0,0.005
C-06757,0.1139,0.0,0.0,-0.1139,0.0,1,0.0254,0.01037,0.00117,0.4,1,333500,55,1,0.219
C-06758,0.1231,0.0,0.0,-0.1231,0.375,1,0.0358,0.011,0.0018,5,1,130000,27,1,0.2
C-06759,0.2646,0.4853,0.1284,-0.2444,0.5625,0,0.043,0.00972,0.00052,0.3,0,514000,71,1,0.487
C-06760,0.3854,0.8378,0.3229,-0.3854,0.0,1,0.044,0.011,0.0018,7.6,0,48000,35,1,0.632
C-06761,0.1445,0.0,0.0,-0.0133,0.0541,0,0.0438,0.011,0.0018,0.4,0,128000,31,0,0.033
C-06762,0.0876,0.0,0.0,-0.0876,0.1111,1,0.0522,0.00826,-0.00094,2.7,0,1489000,59,0,0.082
C-06763,0.0455,0.0,0.0,0.0262,0.4286,0,0.0536,0.01012,0.00092,7.0,1,385000,55,0,0.042
C-06764,0.1163,0.0,0.0,-0.1059,0.3407,0,0.0176,0.00958,0.00038,6.0,0,580500,48,0,0.0
C-06765,0.0719,0.0,0.0,-0.0678,1.0,0,0.0115,0.00957,0.00037,9.7,0,584000,74,0,0.0
C-06766,0.1019,0.0,0.0,-0.0912,0.5766,0,0.0053,0.00845,-0.00075,14.5,1,1344500,43,0,0.033
C-06767,0.1647,0.0,0.0,-0.1358,0.2552,0,0.0046,0.00957,0.00037,0.8,0,583000,50,0,0.08
C-06768,0.1518,0.0,0.0,-0.1426,0.2527,0,0.0466,0.00918,-2e-05,4.6,0,912500,75,0,0.053
C-06769,0.0778,0.4565,0.0355,-0.0535,0.5435,0,0.0043,0.01062,0.00142,2.1,1,295500,54,0,0.022
C-06770,0.1131,0.0,0.0,-0.1131,0.5789,1,-0.0116,0.011,0.0018,15,1,84000,37,0,0.042
C-06771,0.165,0.0,0.0,0.0913,0.5882,0,0.0492,0.011,0.0018,5.9,0,51500,37,0,0.066
C-06772,0.1098,0.0,0.0,-0.0922,1.0,0,0.0095,0.00737,-0.00183,4.0,0,3011000,54,0,0.044
C-06773,0.1504,0.0,0.0,-0.1254,0.6816,0,-0.0011,0.00927,7e-05,5.1,0,814500,74,0,0.018
C-06774,0.0712,0.0,0.0,-0.0712,0.0955,1,0.0474,0.0086,-0.0006,5.8,0,1250500,60,0,0.04
C-06775,0.2062,0.3,0.0619,-0.1072,0.15,0,-0.0182,0.011,0.0018,5.6,0,48500,31,0,0.032
C-06776,0.1446,0.0,0.0,-0.1446,0.4857,1,0.0337,0.011,0.0018,3.2,0,121000,30,1,0.116
C-06777,0.2341,0.0,0.0,0.0087,0.5802,0,-0.0063,0.011,0.0018,0.3,1,173000,50,0,0.074
C-06778,0.0317,0.0,0.0,-0.0068,0.0,0,0.0079,0.00926,6e-05,8.7,0,820000,68,0,0.036
C-06779,0.1944,0.3333,0.0648,-0.0167,0.0952,0,0.005,0.011,0.0018,2.1,0,54000,27,0,0.071
C-06780,0.2176,0.0,0.0,-0.2109,0.1795,0,-0.0211,0.01024,0.00104,2.8,1,358500,69,0,0.055
C-06781,0.1724,0.0,0.0,-0.0566,0.36,0,-0.0021,0.011,0.0018,3.5,0,72500,35,0,0.029
C-06782,0.0739,0.0,0.0,-0.0228,0.5253,0,0.027,0.00846,-0.00074,11.8,0,1339500,51,0,0.019
C-06783,0.0543,0.0,0.0,0.2065,0.6,0,-0.0048,0.011,0.0018,3.0,0,46000,55,0,0.071
C-06784,0.1046,0.0,0.0,-0.0853,0.6923,0,-0.0087,0.011,0.0018,8.0,0,186500,57,0,0.0
C-06785,0.1516,0.0,0.0,-0.1516,0.5,1,0.002,0.011,0.0018,6.0,0,204500,68,1,0.247
C-06786,0.0538,0.0,0.0,-0.0538,0.2,1,-0.005,0.011,0.0018,2.6,0,46500,34,0,0.058
C-06787,0.1102,0.0,0.0,-0.0898,0.0,0,-0.0082,0.00729,-0.00191,3.3,0,3112000,51,0,0.064
C-06788,0.0766,0.0,0.0,-0.0377,1.0,0,0.0144,0.00963,0.00043,2.8,0,555000,51,0,0.056
C-06789,0.0303,0.0,0.0,0.0596,0.7895,0,-0.0001,0.0095,0.0003,3.6,0,627500,45,0,0.038
C-06790,0.0385,0.0,0.0,-0.0303,0.8235,0,0.0149,0.00629,-0.00291,7.6,0,5513500,48,0,0.129
C-06791,0.1183,0.0,0.0,-0.0902,0.3069,0,-0.0142,0.00996,0.00076,3.0,1,427000,39,0,0.083
C-06792,0.1997,0.6667,0.1331,-0.1997,0.1449,1,0.011,0.01031,0.00111,13,1,345500,35,1,0.714
C-06793,0.0638,0.0,0.0,-0.0495,0.0,0,0.0516,0.00947,0.00027,2.9,0,642500,47,0,0.049
C-06794,0.1533,0.0,0.0,-0.1533,0.2092,1,0.0109,0.00742,-0.00178,4.7,1,2838000,59,0,0.051
C-06795,0.1486,0.0,0.0,-0.1285,0.3708,0,-0.0005,0.01059,0.00139,14.7,0,299500,52,0,0.0
C-06796,0.077,0.488,0.0376,-0.0472,0.8935,0,0.0111,0.00789,-0.00131,5.4,1,1889000,48,0,0.028
C-06797,0.112,0.0,0.0,-0.1019,0.3054,0,0.0104,0.00755,-0.00165,20.1,0,2500000,68,0,0.035
C-06798,0.3241,0.4762,0.1543,-0.2426,0.8381,0,0.0137,0.011,0.0018,19.5,1,162000,55,1,0.567
C-06799,0.22,0.5035,0.1108,-0.22,0.4336,1,0.0262,0.01042,0.00122,8.6,1,325000,71,1,0.595
C-06800,0.172,0.0,0.0,-0.1261,0.3457,0,0.006,0.011,0.0018,1.1,0,235500,64,0,0.056
C-06801,0.0536,0.0,0.0,-0.0315,0.0,0,-0.0166,0.00881,-0.00039,2.2,1,1138000,52,0,0.079
C-06802,0.0761,0.0,0.0,0.0226,0.5135,0,0.0011,0.011,0.0018,2.4,0,243000,34,0,0.028
C-06803,0.2504,0.6299,0.1577,-0.2504,0.3442,1,0.0431,0.01053,0.00133,5,0,307500,27,1,0.439
C-06804,0.0714,0.0,0.0,0.0633,0.2857,0,0.0045,0.011,0.0018,6.4,0,98000,46,0,0.04
C-06805,0.166,0.0,0.0,-0.1193,0.9753,0,-0.0065,0.00978,0.00058,0.6,1,488000,51,0,0.026
C-06806,0.1897,0.0,0.0,-0.1897,0.5417,1,-0.0062,0.011,0.0018,2.6,1,126500,58,0,0.006
C-06807,0.0359,0.0,0.0,0.0216,0.0,0,0.0007,0.011,0.0018,4.1,0,83500,74,0,0.013
C-06808,0.1201,0.0,0.0,-0.1042,0.4033,0,-0.0058,0.00933,0.00013,0.3,1,753500,73,0,0.017
C-06809,0.1626,0.0,0.0,-0.1626,0.4304,1,-0.0059,0.011,0.0018,6.6,0,243000,60,0,0.006
C-06810,0.1161,0.0,0.0,0.0125,0.6923,0,-0.0021,0.011,0.0018,3.6,0,56000,67,0,0.0
C-06811,0.3126,0.8212,0.2567,-0.3126,0.4106,1,0.0418,0.011,0.0018,4.5,0,241500,32,1,0.542
C-06812,0.2887,0.3214,0.0928,0.0082,0.2857,0,0.0081,0.011,0.0018,0.3,1,48500,49,1,0.611
C-06813,0.1238,0.3077,0.0381,0.0819,0.5385,0,0.0009,0.011,0.0018,0.3,1,52500,37,0,0.049
C-06814,0.1489,0.0,0.0,-0.1256,0.1739,0,0.0006,0.011,0.0018,1.1,0,154500,28,0,0.082
C-06815,0.1321,0.0,0.0,-0.1248,0.9325,0,0.006,0.00764,-0.00156,0.6,0,2297500,67,0,0.054
C-06816,0.1319,0.3256,0.0429,-0.0583,0.5814,0,-0.0164,0.011,0.0018,1.4,0,163000,33,0,0.02
C-06817,0.1052,0.0,0.0,0.07,0.449,0,0.0165,0.011,0.0018,0.3,0,233000,46,0,0.01
C-06818,0.116,0.2647,0.0307,-0.116,0.3529,1,0.0304,0.011,0.0018,16.5,0,146500,72,0,0.082
C-06819,0.0431,0.0,0.0,0.05,0.65,0,-0.013,0.011,0.0018,0.8,0,232000,28,0,0.069
C-06820,0.0909,0.0,0.0,-0.0909,0.1818,1,0.0367,0.011,0.0018,4.2,0,60500,31,1,0.303
C-06821,0.2092,0.0,0.0,-0.2092,0.6986,1,0.0047,0.011,0.0018,6,0,174500,28,0,0.021
C-06822,0.0731,0.0,0.0,-0.0474,0.0,0,-0.0193,0.00972,0.00052,10.9,0,513000,57,0,0.02
C-06823,0.1001,0.0,0.0,-0.0753,0.329,0,0.0143,0.00931,0.00011,0.8,0,774000,52,0,0.023
C-06824,0.0581,0.0,0.0,-0.0417,0.723,0,0.0158,0.00686,-0.00234,0.9,0,3823500,62,0,0.017
C-06825,0.0137,0.0,0.0,0.0767,0.0,0,-0.0064,0.01064,0.00144,2.9,0,292000,35,0,0.013
C-06826,0.1182,0.0,0.0,-0.1182,0.2692,1,-0.0183,0.011,0.0018,0.5,0,220000,73,0,0.029
C-06827,0.2051,0.0,0.0,-0.1077,0.3333,0,0.0318,0.011,0.0018,13,1,234000,35,0,0.024
C-06828,0.1916,0.0,0.0,-0.1752,0.257,0,0.0121,0.00906,-0.00014,1.6,0,1025500,44,0,0.0
C-06829,0.1666,0.0,0.0,-0.1219,0.0,0,0.0088,0.00825,-0.00095,11.6,0,1503500,52,0,0.065
C-06830,0.0906,0.0,0.0,-0.0081,0.0,0,-0.0199,0.011,0.0018,3.9,0,160000,46,0,0.037
C-06831,0.2988,0.3933,0.1175,-0.2606,0.64,0,-0.0075,0.01099,0.00179,2.1,1,251000,29,1,0.369
C-06832,0.0968,0.0,0.0,0.2129,0.0,0,-0.0012,0.011,0.0018,4.3,0,46500,32,0,0.014
C-06833,0.1514,0.0,0.0,-0.1514,0.4853,1,0.0314,0.0092,0.0,3.9,0,898000,73,0,0.019
C-06834,0.0744,0.0,0.0,-0.0744,0.9296,1,-0.009,0.00916,-4e-05,4.3,0,954000,45,0,0.026
C-06835,0.1321,0.0,0.0,0.0038,0.7143,0,-0.0129,0.011,0.0018,0.3,1,79500,49,0,0.044
C-06836,0.0799,0.0,0.0,-0.0667,0.5,0,-0.0141,0.01022,0.00102,27,0,363000,49,0,0.017
C-06837,0.1333,0.6087,0.0812,-0.0707,0.6087,0,-0.0031,0.011,0.0018,17.7,0,172500,40,1,0.649
C-06838,0.2718,0.5926,0.1611,-0.1671,0.5926,0,0.0345,0.011,0.0018,21.6,0,149000,64,0,0.035
C-06839,0.0444,0.0,0.0,0.2756,0.25,0,-0.0064,0.011,0.0018,3.0,0,45000,32,0,0.069
C-06840,0.1846,0.3218,0.0594,-0.1846,0.6859,1,0.015,0.00636,-0.00284,1.6,1,5253000,63,0,0.101
C-06841,0.0889,0.0,0.0,-0.0889,0.5317,1,0.0184,0.00938,0.00018,0.3,1,709000,75,0,0.029
C-06842,0.061,0.0,0.0,-0.0202,0.0,0,0.0007,0.00912,-8e-05,3.3,0,1000500,41,0,0.049
C-06843,0.1202,0.0,0.0,-0.1092,0.538,0,0.0031,0.0085,-0.0007,5.5,0,1314500,45,0,0.018
C-06844,0.0638,0.0,0.0,-0.0638,0.0,1,0.0514,0.011,0.0018,2.4,1,47000,69,0,0.034
C-06845,0.0832,0.0,0.0,-0.0758,0.7125,0,-0.0083,0.00915,-5e-05,5.1,0,961000,72,0,0.027
C-06846,0.1,0.0,0.0,-0.1,0.4,1,0.0074,0.011,0.0018,1.0,0,50000,26,0,0.044
C-06847,0.0117,0.0,0.0,0.0537,0.5,0,-0.004,0.01093,0.00173,4.6,0,257000,54,0,0.095
C-06848,0.1938,0.5747,0.1114,-0.1938,0.5747,1,0.0448,0.011,0.0018,14.0,0,224500,38,0,0.039
C-06849,0.1014,0.2548,0.0258,-0.1014,0.1274,1,0.0018,0.00931,0.00011,3.3,0,774000,42,0,0.06
C-06850,0.099,0.0,0.0,-0.099,0.0,1,0.0229,0.00953,0.00033,0.6,1,606000,72,0,0.053
C-06851,0.1935,0.0,0.0,-0.1935,0.5,1,-0.0095,0.011,0.0018,2.8,0,46500,36,0,0.035
C-06852,0.2153,0.5806,0.125,-0.1629,0.9493,0,0.0271,0.00974,0.00054,12.3,0,504000,42,0,0.009
C-06853,0.1731,0.0,0.0,-0.1451,0.4177,0,-0.0106,0.00941,0.00021,1.0,0,684500,33,0,0.058
C-06854,0.1147,0.0,0.0,-0.0701,0.2162,0,0.0005,0.01044,0.00124,14.8,0,322500,73,0,0.018
C-06855,0.329,0.6863,0.2258,-0.2361,0.8431,0,0.0503,0.011,0.0018,5.8,1,77500,46,0,0.0
C-06856,0.1935,0.7778,0.1505,-0.1935,0.8333,1,0.0497,0.011,0.0018,13.7,1,46500,72,1,0.757
C-06857,0.1491,0.0,0.0,-0.068,0.7067,0,-0.0004,0.01099,0.00179,3.6,0,251500,63,0,0.0
C-06858,0.2549,0.3238,0.0825,-0.185,0.6476,0,-0.0012,0.011,0.0018,0.3,0,206000,47,0,0.091
C-06859,0.1914,0.0,0.0,-0.1865,0.3685,0,-0.0095,0.00867,-0.00053,2.3,1,1212000,68,0,0.096
C-06860,0.1166,0.1886,0.022,-0.1038,0.3971,0,0.0309,0.00825,-0.00095,0.3,0,1501500,67,1,0.05
C-06861,0.1362,0.0,0.0,-0.0895,0.2286,0,0.0038,0.011,0.0018,6.5,1,128500,73,0,0.055
C-06862,0.1626,0.303,0.0493,-0.1626,0.197,1,0.0175,0.011,0.0018,4.8,0,203000,41,0,0.069
C-06863,0.1129,0.0,0.0,-0.0527,0.3611,0,0.0061,0.011,0.0018,4.0,0,159500,29,0,0.051
C-06864,0.0737,0.0,0.0,0.3305,0.0,0,-0.0059,0.011,0.0018,7.9,0,47500,34,0,0.065
C-06865,0.0968,0.0,0.0,0.0323,0.6667,0,0.0004,0.011,0.0018,10.6,0,46500,43,0,0.039
C-06866,0.147,0.5294,0.0778,-0.147,0.6275,1,0.0528,0.011,0.0018,5,0,173500,27,1,0.318
C-06867,0.0877,0.0,0.0,-0.0529,0.8264,0,0.0137,0.00941,0.00021,3.2,0,689500,46,0,0.048
C-06868,0.2065,0.2869,0.0592,-0.2065,0.4322,1,-0.0044,0.00574,-0.00346,3.7,1,9587500,63,1,0.389
C-06869,0.1481,0.0,0.0,-0.0237,0.4,0,0.048,0.011,0.0018,4.1,0,67500,30,0,0.038
C-06870,0.0598,0.0,0.0,0.0427,0.0,0,-0.0063,0.011,0.0018,5.7,0,175500,57,1,0.139
C-06871,0.1494,0.0,0.0,-0.1494,0.2885,1,0.0387,0.011,0.0018,14.0,0,174000,61,0,0.07
C-06872,0.1467,0.0,0.0,-0.1251,0.1692,0,-0.0074,0.00991,0.00071,2.5,1,443000,62,0,0.075
C-06873,0.1701,0.0,0.0,-0.1701,0.16,1,-0.0027,0.011,0.0018,1.6,1,73500,58,0,0.057
C-06874,0.1915,0.0,0.0,0.0638,0.4444,0,-0.0119,0.011,0.0018,1.4,0,47000,28,0,0.021
C-06875,0.0762,0.0,0.0,-0.0627,0.8897,0,0.0077,0.00797,-0.00123,1.1,1,1785000,56,0,0.02
C-06876,0.1168,0.0,0.0,-0.1168,0.5385,1,-0.0244,0.011,0.0018,27.4,1,167000,63,0,0.009
C-06877,0.1288,0.0,0.0,-0.1288,0.0,1,-0.0055,0.011,0.0018,12.3,0,244500,45,0,0.041
C-06878,0.0755,0.0,0.0,-0.0658,0.3545,0,-0.0126,0.00783,-0.00137,7.7,0,1980500,48,0,0.017
C-06879,0.2087,0.0,0.0,-0.2087,0.0672,1,0.0137,0.01045,0.00125,1.1,0,321000,71,0,0.008
C-06880,0.0706,0.0,0.0,-0.0398,0.0,0,0.0036,0.00923,3e-05,0.7,1,857500,41,0,0.018
C-06881,0.1423,0.0,0.0,-0.1383,0.7708,0,0.0262,0.00974,0.00054,5.6,1,506000,66,0,0.079
C-06882,0.1196,0.6136,0.0734,-0.1196,0.6136,1,0.0093,0.011,0.0018,4.1,0,184000,68,1,0.533
C-06883,0.1852,0.1519,0.0281,-0.1349,0.1979,0,0.0097,0.00932,0.00012,1.3,0,764000,43,0,0.06
C-06884,0.1215,0.0,0.0,0.0355,0.3077,0,-0.0029,0.011,0.0018,4.5,1,53500,71,0,0.038
C-06885,0.1368,0.0,0.0,0.4695,0.4615,0,0.0096,0.011,0.0018,6.9,0,47500,39,0,0.016
C-06886,0.173,0.5769,0.0998,-0.1371,0.5769,0,0.0094,0.01058,0.00138,2.8,0,300500,32,0,0.064
C-06887,0.1895,0.5172,0.098,-0.1895,0.0759,1,0.0121,0.01013,0.00093,1.6,0,382500,36,0,0.038
C-06888,0.1643,0.0,0.0,-0.0574,0.1017,0,0.0403,0.011,0.0018,1.3,0,179500,29,1,0.155
C-06889,0.0871,0.0,0.0,-0.0767,0.8375,0,0.002,0.00986,0.00066,0.7,0,459000,49,0,0.049
C-06890,0.3821,0.5771,0.2205,-0.3821,0.7512,1,0.0366,0.01088,0.00168,10.6,1,263000,71,1,0.653
C-06891,0.1267,0.0,0.0,-0.1147,0.3979,0,0.0435,0.00933,0.00013,1.7,0,754000,37,0,0.012
C-06892,0.1304,0.2495,0.0325,-0.1111,0.6247,0,0.0426,0.00796,-0.00124,1.6,0,1798000,63,1,0.264
C-06893,0.1433,0.0,0.0,-0.116,0.4545,0,0.0073,0.01054,0.00134,2.5,0,307000,26,0,0.05
C-06894,0.2111,0.0,0.0,-0.2023,0.0607,0,-0.0149,0.00926,6e-05,21.9,1,819500,53,0,0.051
C-06895,0.2159,0.3538,0.0764,-0.1761,0.641,0,0.014,0.00988,0.00068,10.9,0,451500,66,0,0.007
C-06896,0.1378,0.0,0.0,-0.1211,0.238,0,0.0485,0.00833,-0.00087,0.7,0,1433000,36,1,0.499
C-06897,0.1255,0.0,0.0,0.0063,0.25,0,-0.013,0.011,0.0018,0.5,0,127500,25,0,0.065
C-06898,0.0634,0.0,0.0,-0.0634,0.5823,1,0.0457,0.00682,-0.00238,0.3,1,3925500,53,0,0.002
C-06899,0.117,0.6364,0.0745,-0.117,0.6136,1,0.0182,0.011,0.0018,4.4,1,188000,70,0,0.016
C-06900,0.0512,0.0,0.0,-0.0394,0.0,0,0.0179,0.00973,0.00053,2.2,0,508000,73,0,0.082
C-06901,0.0701,0.0,0.0,-0.0364,0.0,0,0.0068,0.00953,0.00033,12.0,0,606500,34,0,0.051
C-06902,0.2795,0.3453,0.0965,-0.2702,0.067,0,0.0252,0.00819,-0.00101,10,0,1549000,32,0,0.035
C-06903,0.1047,0.0,0.0,-0.0419,0.15,0,-0.0063,0.011,0.0018,0.9,0,95500,35,0,0.064
C-06904,0.0808,0.0,0.0,-0.0527,0.6711,0,0.0047,0.00983,0.00063,12.4,1,470500,55,0,0.0
C-06905,0.0957,0.0,0.0,-0.0191,1.0,0,-0.0009,0.011,0.0018,4.7,0,47000,28,0,0.075
C-06906,0.0609,0.0,0.0,-0.0303,1.0,0,-0.0066,0.00939,0.00019,3.0,0,706000,57,0,0.056
C-06907,0.1046,0.3415,0.0357,-0.0801,0.3415,0,-0.0089,0.011,0.0018,0.8,0,196000,69,0,0.057
C-06908,0.2285,0.9311,0.2128,-0.2285,0.0,1,0.0483,0.00806,-0.00114,0.6,1,1682500,53,1,1.0
C-06909,0.1138,0.0,0.0,0.1593,0.2143,0,-0.0161,0.011,0.0018,0.4,0,61500,36,0,0.059
C-06910,0.0851,0.0,0.0,0.0337,0.3273,0,-0.0068,0.01043,0.00123,4.7,0,323000,57,0,0.103
C-06911,0.3323,0.3214,0.1068,-0.3086,0.3214,0,0.046,0.011,0.0018,5.2,0,168500,74,0,0.005
C-06912,0.2424,0.5293,0.1283,-0.2171,0.0,0,0.0443,0.00788,-0.00132,1.3,0,1898000,51,0,0.065
C-06913,0.0638,0.0,0.0,0.217,0.5,0,-0.0051,0.011,0.0018,1.5,0,47000,26,0,0.071
C-06914,0.0828,0.0,0.0,-0.0828,0.8333,1,0.0263,0.011,0.0018,0.8,1,72500,50,0,0.075
C-06915,0.1833,0.0,0.0,-0.1522,0.4239,0,0.0377,0.00975,0.00055,1.5,1,502000,51,0,0.041
C-06916,0.0776,0.0,0.0,-0.0437,0.2273,0,0.0298,0.0107,0.0015,1.1,0,283500,31,0,0.037
C-06917,0.1705,0.0,0.0,-0.1023,0.5667,0,-0.0287,0.011,0.0018,2.8,0,88000,74,0,0.0
C-06918,0.1099,0.0,0.0,-0.1099,0.6585,1,0.0083,0.011,0.0018,9.2,0,186500,67,0,0.031
C-06919,0.0525,0.0,0.0,-0.0525,1.0,1,-0.0085,0.01014,0.00094,3.9,1,381000,29,0,0.098
C-06920,0.1238,0.0,0.0,-0.1185,0.1737,0,0.0106,0.00795,-0.00125,2.1,0,1813500,75,0,0.0
C-06921,0.0285,0.0,0.0,0.0447,1.0,0,0.0001,0.011,0.0018,2.5,0,246000,37,0,0.053
C-06922,0.1024,0.702,0.0719,-0.0796,0.053,0,0.0037,0.00935,0.00015,2.5,0,737500,52,0,0.026
C-06923,0.1752,0.0,0.0,-0.1752,0.25,1,0.0147,0.01088,0.00168,5.7,0,262500,40,0,0.069
C-06924,0.1765,0.0,0.0,-0.1581,0.5583,0,-0.0185,0.00744,-0.00176,4.4,0,2795500,52,0,0.033
C-06925,0.1145,0.2353,0.0269,-0.0337,0.7059,0,0.0056,0.011,0.0018,3,0,148500,25,0,0.021
C-06926,0.074,0.0,0.0,-0.0175,0.1818,0,-0.0139,0.0099,0.0007,0.5,1,446000,52,0,0.024
C-06927,0.4093,0.5823,0.2383,-0.285,0.7089,0,0.0511,0.011,0.0018,0.6,0,96500,48,0,0.009
C-06928,0.0687,0.0,0.0,-0.0687,0.898,1,0.0209,0.01025,0.00105,6.0,1,356500,45,0,0.039
C-06929,0.1521,0.3898,0.0593,-0.084,0.5763,0,-0.0058,0.011,0.0018,2.9,0,194000,67,1,0.302
C-06930,0.0348,0.0,0.0,-0.0258,0.7768,0,0.003,0.00813,-0.00107,2.1,0,1609500,42,0,0.003
C-06931,0.1465,0.0,0.0,-0.1465,1.0,1,-0.0,0.00853,-0.00067,30,1,1290500,52,0,0.064
C-06932,0.1075,0.0,0.0,-0.0043,0.4,0,-0.0103,0.011,0.0018,6.7,0,46500,40,0,0.032
C-06933,0.203,0.0,0.0,-0.203,0.561,1,0.0251,0.011,0.0018,10.6,0,101000,34,1,0.244
C-06934,0.091,0.0,0.0,-0.0779,0.7065,0,-0.0025,0.00888,-0.00032,5.0,0,1105000,36,0,0.011
C-06935,0.1901,0.0,0.0,-0.1394,0.8148,0,-0.0056,0.0107,0.0015,1.6,0,284000,39,0,0.0
C-06936,0.076,0.0,0.0,-0.076,0.0876,1,-0.0092,0.00716,-0.00204,3.2,1,3302000,45,0,0.019
C-06937,0.1727,0.1818,0.0314,-0.1495,0.8182,0,-0.025,0.00925,5e-05,2.4,1,828000,64,0,0.011
C-06938,0.0342,0.0,0.0,0.0889,0.25,0,-0.001,0.011,0.0018,8.1,0,58500,56,0,0.057
C-06939,0.0577,0.0,0.0,-0.0577,0.5172,1,0.0182,0.01099,0.00179,7.4,1,251500,69,0,0.047
C-06940,0.1731,0.0,0.0,-0.1576,0.0,0,0.0142,0.00917,-3e-05,3.9,0,927000,50,0,0.039
C-06941,0.1618,0.0,0.0,-0.0224,0.7692,0,0.0039,0.011,0.0018,3.4,1,120500,29,0,0.08
C-06942,0.1132,0.0,0.0,-0.0792,0.0,0,0.0159,0.011,0.0018,0.3,0,106000,49,0,0.05
C-06943,0.076,0.0,0.0,-0.076,0.6103,1,0.0306,0.0092,0.0,7.6,1,895000,47,0,0.027
C-06944,0.0779,0.0,0.0,-0.0779,0.5,1,0.0087,0.00958,0.00038,2.8,0,578000,39,1,0.213
C-06945,0.1635,0.2755,0.045,-0.132,0.7697,0,-0.014,0.00761,-0.00159,5.9,0,2364500,44,0,0.027
C-06946,0.0951,0.0,0.0,-0.0783,0.4877,0,-0.013,0.00825,-0.00095,5.8,1,1498000,55,0,0.091
C-06947,0.1028,0.0,0.0,-0.0522,0.641,0,-0.0108,0.0096,0.0004,1.3,0,569000,66,0,0.039
C-06948,0.1355,0.3684,0.0499,-0.1355,0.6737,1,0.0009,0.01028,0.00108,0.4,0,350500,30,0,0.033
C-06949,0.2014,0.0,0.0,-0.2014,0.5179,1,0.0387,0.011,0.0018,7,0,139000,29,0,0.052
C-06950,0.1614,0.0,0.0,-0.1538,0.7315,0,0.0153,0.00778,-0.00142,14.9,0,2054500,53,0,0.029
C-06951,0.2335,0.3628,0.0847,-0.2335,0.4779,1,-0.0036,0.011,0.0018,3.0,1,242000,42,0,0.051
C-06952,0.2772,0.0,0.0,-0.2654,0.5322,0,0.0296,0.00884,-0.00036,5.3,0,1122000,56,0,0.024
C-06953,0.1786,0.4441,0.0793,-0.1786,0.5798,1,-0.0046,0.00899,-0.00021,3.2,1,1052500,38,0,0.051
C-06954,0.1255,0.0,0.0,-0.0151,0.4667,0,-0.0028,0.011,0.0018,0.3,0,119500,36,0,0.068
C-06955,0.0774,0.0,0.0,-0.0774,0.3171,1,0.0095,0.01086,0.00166,2.8,0,265000,29,0,0.045
C-06956,0.1,0.0,0.0,-0.1,0.6923,1,-0.0119,0.011,0.0018,4,0,65000,26,0,0.042
C-06957,0.0579,0.0,0.0,-0.0137,0.6364,0,0.0024,0.011,0.0018,6.2,0,190000,59,0,0.0
C-06958,0.1184,0.1967,0.0233,-0.0579,0.3279,0,0.0482,0.01093,0.00173,10.1,0,257500,68,1,0.408
C-06959,0.0751,0.0,0.0,-0.002,1.0,0,-0.004,0.011,0.0018,4.5,0,246500,42,0,0.097
C-06960,0.2576,0.5763,0.1485,0.0672,0.661,0,0.0269,0.011,0.0018,9.2,0,114500,38,0,0.019
C-06961,0.0786,0.0,0.0,-0.0786,0.708,1,-0.0014,0.00937,0.00017,12.0,0,719000,46,0,0.015
C-06962,0.0765,0.0,0.0,0.0348,0.697,0,-0.0231,0.00995,0.00075,7.6,0,431500,59,0,0.0
C-06963,0.1486,0.0,0.0,-0.1329,0.4066,0,0.003,0.00952,0.00032,1.7,0,612500,69,0,0.072
C-06964,0.0993,0.0,0.0,-0.0993,0.6462,1,-0.01,0.00945,0.00025,3.1,0,654500,45,0,0.0
C-06965,0.0838,0.0,0.0,-0.0838,0.5172,1,-0.0024,0.011,0.0018,1.0,1,173000,29,0,0.03
C-06966,0.0444,0.0,0.0,0.0741,0.0,0,-0.0053,0.011,0.0018,10.6,0,202500,48,0,0.035
C-06967,0.0632,0.0,0.0,-0.0632,0.3333,1,0.054,0.011,0.0018,10.4,1,47500,45,1,0.107
C-06968,0.0842,0.0,0.0,-0.0842,0.875,1,0.047,0.011,0.0018,12,0,47500,34,1,0.475
C-06969,0.1308,0.0,0.0,-0.0047,0.5714,0,0.0317,0.011,0.0018,2.9,0,107000,26,0,0.012
C-06970,0.1862,0.0,0.0,-0.1357,0.3065,0,-0.0209,0.011,0.0018,2.3,0,166500,31,0,0.079
C-06971,0.2147,0.5714,0.1227,-0.1546,0.8,0,0.0315,0.011,0.0018,1.6,0,81500,32,0,0.082
C-06972,0.047,0.0,0.0,-0.0345,0.4722,0,-0.0006,0.01013,0.00093,4.8,0,383000,55,0,0.0
C-06973,0.1416,0.5,0.0708,-0.0868,0.7742,0,0.0046,0.011,0.0018,13.4,1,219000,46,0,0.03
C-06974,0.0558,0.0,0.0,-0.0508,0.6393,0,0.0544,0.0077,-0.0015,5.4,0,2188000,35,0,0.0
C-06975,0.0943,0.2299,0.0217,0.0046,0.5747,0,0.0002,0.00985,0.00065,1.9,0,461500,57,1,0.197
C-06976,0.1474,0.0,0.0,0.2063,0.5714,0,-0.0148,0.011,0.0018,0.7,0,47500,26,0,0.024
C-06977,0.2027,0.7333,0.1486,0.0405,0.9,0,0.0465,0.011,0.0018,5.6,0,74000,34,1,0.577
C-06978,0.1796,0.0,0.0,-0.1796,0.0,1,-0.0051,0.00997,0.00077,2.2,1,426000,55,0,0.052
C-06979,0.1854,0.3158,0.0585,-0.0917,0.4211,0,0.0073,0.011,0.0018,0.3,0,102500,26,1,0.753
C-06980,0.1214,0.0,0.0,-0.1214,0.7647,1,0.0413,0.011,0.0018,3.6,0,210000,46,0,0.004
C-06981,0.4534,0.8315,0.377,-0.4534,0.5014,1,0.0527,0.00928,8e-05,14.1,1,805000,74,0,0.02
C-06982,0.1532,0.4737,0.0726,0.1371,0.2105,0,0.0019,0.011,0.0018,3.6,0,62000,33,0,0.055
C-06983,0.0473,0.0,0.0,-0.0125,0.6452,0,-0.0029,0.00945,0.00025,6.7,0,656000,44,0,0.061
C-06984,0.1986,0.3044,0.0604,-0.1986,0.293,1,0.0124,0.00821,-0.00099,6.9,0,1538500,58,0,0.01
C-06985,0.0601,0.0,0.0,-0.0288,0.0,0,-0.0121,0.01013,0.00093,1.3,0,382500,40,0,0.023
C-06986,0.1596,0.5333,0.0851,-0.1596,0.2,1,0.0127,0.011,0.0018,5.9,1,47000,62,0,0.0
C-06987,0.0609,0.0,0.0,-0.044,0.4615,0,-0.0004,0.011,0.0018,3.7,0,213500,75,0,0.05
C-06988,0.1401,0.0,0.0,-0.1124,0.3228,0,0.0263,0.00961,0.00041,4,0,564000,26,0,0.0
C-06989,0.2188,0.2548,0.0557,-0.164,0.61,0,-0.0021,0.00956,0.00036,6.9,0,592000,54,0,0.057
C-06990,0.0802,0.0,0.0,-0.0555,0.0,0,-0.0209,0.00914,-6e-05,11.0,0,972500,39,0,0.046
C-06991,0.1688,0.0,0.0,-0.1414,0.5608,0,-0.001,0.00921,1e-05,11.3,0,877000,61,0,0.012
C-06992,0.0392,0.0,0.0,0.0347,0.6429,0,0.0076,0.011,0.0018,9.4,0,178500,65,0,0.057
C-06993,0.0455,0.0,0.0,-0.0268,0.4571,0,0.0045,0.01013,0.00093,12.2,1,384500,62,0,0.064
C-06994,0.3681,0.6716,0.2473,-0.322,0.7463,0,0.046,0.011,0.0018,0.9,1,182000,47,1,0.44
C-06995,0.0993,0.3214,0.0319,0.0539,0.2857,0,-0.009,0.011,0.0018,0.3,0,141000,25,0,0.025
C-06996,0.4203,0.7538,0.3168,-0.403,0.4769,0,0.0317,0.011,0.0018,7.9,1,232000,56,1,0.743
C-06997,0.0758,0.0,0.0,-0.0758,0.7812,1,0.0082,0.011,0.0018,1.9,0,211000,47,0,0.054
C-06998,0.1064,0.3,0.0319,-0.0043,0.6,0,0.0097,0.011,0.0018,6.0,0,47000,31,0,0.062
C-06999,0.1824,0.0,0.0,-0.0412,0.3226,0,0.0098,0.011,0.0018,11.0,1,85000,44,0,0.0
C-07000,0.0792,0.25,0.0198,0.1267,0.5833,0,-0.0063,0.011,0.0018,2.0,1,151500,29,0,0.028
C-07001,0.1047,0.0,0.0,-0.1047,0.5731,1,0.008,0.00926,6e-05,1.7,0,817000,40,0,0.004
C-07002,0.3676,0.6336,0.2329,-0.3676,0.6616,1,0.0444,0.00967,0.00047,2.0,0,534500,64,1,0.775
C-07003,0.2595,0.4706,0.1221,-0.2595,0.6765,1,0.0226,0.011,0.0018,4,0,65500,26,1,0.561
C-07004,0.1267,0.0,0.0,-0.119,0.1268,0,-0.0118,0.00891,-0.00029,1.2,0,1089000,66,0,0.041
C-07005,0.085,0.0,0.0,-0.085,0.4118,1,0.0273,0.00954,0.00034,2.6,1,600000,44,0,0.031
C-07006,0.119,0.0,0.0,-0.119,0.7375,1,0.0142,0.01036,0.00116,0.3,0,336000,44,0,0.035
C-07007,0.2614,0.3385,0.0885,-0.2614,0.2154,1,-0.003,0.01018,0.00098,13.2,1,373000,55,1,0.265
C-07008,0.13,0.4332,0.0563,-0.1166,0.5668,0,0.0061,0.00937,0.00017,11.7,0,719500,66,0,0.024
C-07009,0.1234,0.0,0.0,-0.0662,0.2982,0,0.0054,0.011,0.0018,1.0,0,231000,65,0,0.001
C-07010,0.1134,0.0,0.0,0.233,0.3636,0,-0.0097,0.011,0.0018,0.4,0,48500,33,0,0.03
C-07011,0.1087,0.0,0.0,0.2304,0.3,0,-0.0054,0.011,0.0018,12.5,0,46000,69,0,0.093
C-07012,0.0917,0.0,0.0,-0.0701,0.918,0,0.0051,0.01038,0.00118,1.3,0,332500,28,0,0.099
C-07013,0.0659,0.0,0.0,-0.0659,0.0,1,0.0359,0.011,0.0018,1.7,0,136500,75,0,0.02
C-07014,0.0499,0.0,0.0,-0.0235,0.22,0,0.0029,0.00975,0.00055,0.3,0,501500,42,0,0.072
C-07015,0.0865,0.0,0.0,-0.0865,0.7556,1,0.0177,0.0109,0.0017,10.7,0,260000,45,1,0.427
C-07016,0.193,0.3636,0.0702,-0.1298,0.2727,0,-0.0016,0.011,0.0018,6.4,0,171000,34,0,0.002
C-07017,0.0624,0.0,0.0,-0.0474,0.6375,0,0.0268,0.00948,0.00028,1.2,0,641000,34,0,0.026
C-07018,0.2761,0.2871,0.0793,-0.2222,0.4067,0,-0.0074,0.01015,0.00095,5.4,1,378500,48,0,0.08
C-07019,0.2108,0.8372,0.1765,-0.2108,0.6512,1,0.0282,0.011,0.0018,4.6,1,102000,31,1,0.741
C-07020,0.105,0.0,0.0,-0.105,0.1356,1,0.0002,0.01072,0.00152,2.8,0,281000,72,0,0.058
C-07021,0.0806,0.0,0.0,0.2677,0.4667,0,-0.0036,0.011,0.0018,1.6,0,93000,45,0,0.0
C-07022,0.1111,0.0,0.0,-0.1111,0.0,1,0.0149,0.011,0.0018,10.1,1,99000,34,0,0.085
C-07023,0.1587,0.0,0.0,-0.019,0.3333,0,0.0039,0.011,0.0018,8,1,94500,30,0,0.049
C-07024,0.1004,0.0,0.0,-0.1004,0.7407,1,-0.0252,0.011,0.0018,6.9,1,134500,55,0,0.034
C-07025,0.0714,0.0,0.0,0.1914,0.2667,0,0.0043,0.011,0.0018,5,1,105000,27,0,0.041
C-07026,0.208,0.4043,0.0841,-0.1549,0.7021,0,0.0052,0.011,0.0018,0.4,0,113000,26,0,0.065
C-07027,0.072,0.0,0.0,-0.0144,0.3333,0,-0.0077,0.011,0.0018,3.2,0,187500,27,0,0.042
C-07028,0.0804,0.0,0.0,-0.0232,0.4444,0,0.0484,0.011,0.0018,4,0,56000,26,0,0.066
C-07029,0.0598,0.0,0.0,-0.0352,0.5315,0,0.013,0.00917,-3e-05,0.4,1,928000,44,0,0.058
C-07030,0.0726,0.0,0.0,-0.0726,0.2222,1,-0.0047,0.011,0.0018,2.5,0,62000,42,0,0.005
C-07031,0.0754,0.0,0.0,-0.0569,0.0,0,-0.0105,0.00924,4e-05,11.1,0,842500,38,0,0.016
C-07032,0.0515,0.0,0.0,-0.0004,0.3043,0,-0.0167,0.0099,0.0007,1.1,0,446500,39,0,0.084
C-07033,0.2145,0.6391,0.1371,-0.1797,0.7857,0,0.0379,0.00951,0.00031,6.1,1,620000,39,0,0.072
C-07034,0.1569,0.0,0.0,-0.1473,0.5496,0,-0.0064,0.00883,-0.00037,8.8,0,1125000,71,0,0.058
C-07035,0.2182,0.3333,0.0727,-0.18,0.3333,0,0.0448,0.011,0.0018,6,0,55000,28,0,0.029
C-07036,0.1723,0.0,0.0,-0.1723,0.6313,1,0.0343,0.00831,-0.00089,5.1,0,1448000,56,0,0.0
C-07037,0.1979,0.5234,0.1036,-0.1856,0.9635,0,0.012,0.00914,-6e-05,1.6,1,970000,45,0,0.046
C-07038,0.1097,0.0,0.0,0.0916,0.2941,0,0.0039,0.011,0.0018,3.8,0,77500,67,0,0.065
C-07039,0.07,0.0,0.0,-0.0586,0.0,0,0.0444,0.00922,2e-05,2.3,0,864500,31,0,0.044
C-07040,0.0417,0.0,0.0,-0.0417,0.2727,1,0.0082,0.011,0.0018,0.6,0,132000,38,0,0.064
C-07041,0.0994,0.0,0.0,-0.0588,0.234,0,-0.0032,0.011,0.0018,17.1,1,236500,43,0,0.02
C-07042,0.1158,0.2727,0.0316,-0.1158,0.7273,1,-0.0277,0.011,0.0018,9.1,0,47500,68,0,0.0
C-07043,0.0372,0.0,0.0,-0.0311,0.7279,0,0.055,0.00783,-0.00137,9.9,0,1977500,48,0,0.071
C-07044,0.2444,0.4388,0.1072,-0.1845,0.7959,0,0.0354,0.011,0.0018,5.0,0,200500,55,1,0.25
C-07045,0.1171,0.5,0.0586,-0.0198,0.0,0,-0.0026,0.011,0.0018,5.2,0,111000,37,0,0.0
C-07046,0.0729,0.0,0.0,-0.0729,0.5714,1,-0.0016,0.011,0.0018,1.4,1,48000,25,0,0.057
C-07047,0.1957,0.3889,0.0761,-0.1435,0.2222,0,0.044,0.011,0.0018,20.3,1,46000,66,1,0.161
C-07048,0.0885,0.0,0.0,0.0216,0.4444,0,0.0211,0.011,0.0018,6.6,1,152500,47,0,0.072
C-07049,0.1079,0.0,0.0,-0.0446,0.4,0,0.0124,0.011,0.0018,13.0,1,208500,38,0,0.028
C-07050,0.0767,0.0,0.0,-0.0767,0.6818,1,-0.0073,0.011,0.0018,6,0,143500,28,1,0.252
C-07051,0.0735,0.0,0.0,-0.039,0.2283,0,0.03,0.0095,0.0003,1.3,0,625500,37,0,0.048
C-07052,0.0937,0.0,0.0,-0.0332,0.4516,0,0.0348,0.011,0.0018,1.7,0,165500,49,0,0.0
C-07053,0.0286,0.0,0.0,0.0014,0.875,0,-0.0028,0.01074,0.00154,3.6,0,279500,65,0,0.09
C-07054,0.139,0.0,0.0,-0.139,0.4174,1,0.0107,0.00922,2e-05,2.0,0,870500,61,0,0.03
C-07055,0.0947,0.0,0.0,-0.0189,0.6667,0,0.0028,0.011,0.0018,2.6,0,47500,53,0,0.0
C-07056,0.1479,0.0,0.0,-0.1479,0.0,1,0.0511,0.011,0.0018,4.0,1,71000,39,0,0.019
C-07057,0.1459,0.0,0.0,-0.1395,0.1851,0,0.0109,0.00582,-0.00338,1.2,0,8648000,62,0,0.007
C-07058,0.0664,0.0,0.0,-0.0584,0.0,0,0.0063,0.00955,0.00035,10.6,0,594500,73,0,0.019
C-07059,0.1145,0.0,0.0,-0.0844,0.1406,0,-0.017,0.01074,0.00154,2.2,0,279500,30,0,0.027
C-07060,0.1547,0.0,0.0,-0.1323,0.7669,0,-0.024,0.00995,0.00075,1.1,1,430000,70,0,0.055
C-07061,0.1667,0.4,0.0667,0.18,0.4,0,0.0297,0.011,0.0018,3,0,45000,25,0,0.066
C-07062,0.0927,0.0,0.0,-0.0903,0.3706,0,0.0469,0.00645,-0.00275,2.1,0,4917500,44,0,0.044
C-07063,0.1397,0.0,0.0,0.0078,0.96,0,0.0007,0.011,0.0018,8.4,0,89500,37,0,0.054
C-07064,0.1667,0.0,0.0,-0.1667,0.5114,1,0.027,0.01087,0.00167,4.7,1,264000,28,0,0.06
C-07065,0.0775,0.0,0.0,-0.0484,0.0938,0,0.0106,0.011,0.0018,10.8,1,206500,50,0,0.039
C-07066,0.1576,0.503,0.0793,-0.114,0.5394,0,0.0314,0.00969,0.00049,4.7,0,523500,41,0,0.0
C-07067,0.1571,0.0,0.0,0.0353,0.5306,0,0.005,0.011,0.0018,0.3,1,156000,62,0,0.058
C-07068,0.0323,0.0,0.0,0.2516,0.0,0,-0.0202,0.011,0.0018,2.7,1,46500,25,0,0.041
C-07069,0.1028,0.0,0.0,-0.0852,0.3429,0,0.0505,0.01034,0.00114,15.1,0,340500,69,0,0.072
C-07070,0.0793,0.0,0.0,-0.0365,0.3713,0,-0.0008,0.00763,-0.00157,7.2,0,2326500,64,0,0.062
C-07071,0.186,0.0,0.0,-0.1814,0.5476,0,0.0439,0.00651,-0.00269,5.7,1,4713000,33,0,0.057
C-07072,0.0914,0.75,0.0686,0.0046,1.0,0,0.0075,0.011,0.0018,0.6,0,87500,62,0,0.0
C-07073,0.1326,0.0,0.0,-0.1312,0.2093,0,0.0296,0.00751,-0.00169,2.2,0,2594000,70,0,0.064
C-07074,0.4316,0.8683,0.3747,-0.4051,0.9415,0,0.0542,0.011,0.0018,8.4,0,237500,67,1,0.785
C-07075,0.0952,0.0,0.0,-0.0063,0.3889,0,-0.0007,0.011,0.0018,4,0,94500,26,0,0.036
C-07076,0.0947,0.0,0.0,-0.0947,0.4444,1,0.0022,0.011,0.0018,2.5,0,47500,63,0,0.046
C-07077,0.1188,0.0,0.0,-0.0285,0.6833,0,0.0011,0.01098,0.00178,6.0,1,252500,59,0,0.036
C-07078,0.1672,0.6061,0.1013,-0.1453,0.0545,0,-0.0019,0.00977,0.00057,2.4,1,493500,70,0,0.028
C-07079,0.1039,0.2432,0.0253,-0.0635,0.8919,0,0.0542,0.011,0.0018,1.3,0,178000,70,1,0.38
C-07080,0.0401,0.0,0.0,-0.0401,0.2258,1,0.008,0.00931,0.00011,2.7,0,772500,69,0,0.009
C-07081,0.0468,0.0,0.0,-0.042,0.4828,0,-0.0047,0.00862,-0.00058,1.5,0,1239000,75,0,0.023
C-07082,0.2812,0.5926,0.1667,-0.2812,0.2963,1,0.0402,0.011,0.0018,2.1,1,48000,71,0,0.032
C-07083,0.0846,0.6524,0.0552,0.0008,0.0,0,-0.0127,0.00914,-6e-05,10.1,0,969500,54,0,0.014
C-07084,0.0345,0.0,0.0,-0.0034,0.5,0,-0.0083,0.011,0.0018,0.3,0,116000,72,0,0.091
C-07085,0.1699,0.0,0.0,-0.0873,0.0,0,-0.0098,0.011,0.0018,5,1,232500,27,0,0.043
C-07086,0.1085,0.0,0.0,-0.093,0.2076,0,0.0159,0.00891,-0.00029,0.9,0,1088000,59,0,0.0
C-07087,0.1062,0.0,0.0,-0.0382,0.7733,0,-0.0058,0.01027,0.00107,7.8,0,353000,59,0,0.075
C-07088,0.1732,0.1935,0.0335,-0.0525,0.5484,0,0.0009,0.011,0.0018,4.5,0,179000,33,0,0.056
C-07089,0.1502,0.0,0.0,-0.0369,0.3429,0,0.0417,0.011,0.0018,4.8,0,116500,32,0,0.054
C-07090,0.1244,0.0,0.0,-0.0912,0.037,0,0.017,0.011,0.0018,3,0,108500,25,0,0.02
C-07091,0.1671,0.1475,0.0247,-0.1342,0.4262,0,-0.0058,0.011,0.0018,12.8,0,182500,74,0,0.085
C-07092,0.1014,0.0,0.0,-0.0319,0.5546,0,0.0148,0.00956,0.00036,9.1,0,587000,37,0,0.043
C-07093,0.072,0.0,0.0,-0.0545,1.0,0,0.035,0.00922,2e-05,1.0,1,867500,35,0,0.045
C-07094,0.1224,0.0,0.0,-0.0931,0.7,0,0.0329,0.011,0.0018,1.8,1,122500,30,0,0.006
C-07095,0.1027,0.0,0.0,-0.0769,0.0698,0,0.0087,0.00999,0.00079,16.0,0,418500,39,0,0.038
C-07096,0.093,0.0,0.0,0.1301,0.1667,0,-0.0058,0.01026,0.00106,2.5,0,355000,56,0,0.016
C-07097,0.1623,0.0,0.0,-0.058,0.5536,0,0.0311,0.011,0.0018,3.5,0,172500,38,0,0.028
C-07098,0.0726,0.0,0.0,-0.0397,0.0,0,-0.0047,0.00932,0.00012,1.9,1,764000,33,0,0.041
C-07099,0.0837,0.0,0.0,-0.052,0.0,0,0.0142,0.00919,-1e-05,1.5,0,908500,41,0,0.089
C-07100,0.1429,0.0,0.0,-0.0769,0.3462,0,-0.0231,0.011,0.0018,3.8,0,91000,26,0,0.013
C-07101,0.0985,0.0,0.0,-0.078,0.3297,0,-0.0011,0.00837,-0.00083,8.6,0,1400500,47,0,0.046
C-07102,0.2604,0.4,0.1042,0.2646,0.08,0,-0.0022,0.011,0.0018,1.0,1,48000,30,0,0.074
C-07103,0.0976,0.0,0.0,-0.0976,0.2735,1,0.0514,0.00859,-0.00061,5.7,0,1254500,49,0,0.007
C-07104,0.0228,0.0,0.0,0.1414,0.3333,0,-0.0078,0.011,0.0018,2.3,0,131500,44,0,0.079
C-07105,0.1227,0.0,0.0,-0.1227,0.2059,1,-0.0008,0.011,0.0018,0.8,1,138500,67,0,0.058
C-07106,0.0771,0.0,0.0,-0.0525,1.0,0,0.0106,0.00906,-0.00014,1.7,1,1024000,62,0,0.0
C-07107,0.2234,0.2381,0.0532,-0.1468,0.2857,0,0.0016,0.011,0.0018,1.5,1,47000,33,0,0.061
C-07108,0.1916,0.0,0.0,-0.1136,0.4915,0,0.0283,0.011,0.0018,2.0,0,154000,71,0,0.049
C-07109,0.0755,0.0,0.0,-0.0579,0.2222,0,-0.0154,0.00981,0.00061,17.8,1,477000,45,0,0.077
C-07110,0.0931,0.0,0.0,-0.0931,0.2652,1,0.0059,0.00938,0.00018,11.7,1,709000,74,0,0.037
C-07111,0.0742,0.0,0.0,-0.0009,0.4118,0,-0.0068,0.011,0.0018,4.6,0,114500,68,0,0.079
C-07112,0.0778,0.0,0.0,-0.0778,0.4643,1,-0.0051,0.011,0.0018,2.1,1,180000,57,0,0.017
C-07113,0.0988,0.0,0.0,-0.0593,0.0714,0,-0.0048,0.011,0.0018,4.1,0,212500,65,0,0.0
C-07114,0.1828,0.0,0.0,-0.163,0.2472,0,0.0083,0.011,0.0018,1.3,0,243500,70,1,0.223
C-07115,0.0642,0.0,0.0,-0.035,1.0,0,0.0079,0.00958,0.00038,0.5,0,576500,37,0,0.102
C-07116,0.1786,0.3674,0.0656,-0.1188,0.3907,0,-0.0025,0.00954,0.00034,2.2,1,602000,54,1,0.424
C-07117,0.0318,0.0,0.0,0.2218,0.0,0,0.0066,0.00992,0.00072,15.9,1,440000,53,0,0.078
C-07118,0.2442,0.4316,0.1054,-0.0715,0.2632,0,0.0111,0.011,0.0018,6.0,1,194500,34,0,0.0
C-07119,0.1843,0.0,0.0,-0.0747,0.6195,0,-0.0014,0.01054,0.00134,1.3,0,306500,54,0,0.029
C-07120,0.121,0.0,0.0,-0.0807,0.5347,0,0.0543,0.01,0.0008,2.2,0,417500,58,0,0.025
C-07121,0.0952,0.0,0.0,-0.0252,0.8759,0,0.005,0.00937,0.00017,7.9,1,719500,52,0,0.065
C-07122,0.0679,0.0,0.0,0.0299,0.0,0,0.0086,0.0102,0.001,0.3,0,368000,40,0,0.087
C-07123,0.0207,0.0,0.0,0.0311,0.0,0,-0.0025,0.00958,0.00038,2.8,0,579000,40,1,0.246
C-07124,0.1138,0.0,0.0,-0.0641,0.0,0,-0.0091,0.011,0.0018,3.3,0,145000,31,0,0.068
C-07125,0.2869,0.7228,0.2074,-0.1574,0.3168,0,0.0444,0.011,0.0018,0.3,0,176000,40,0,0.053
C-07126,0.1021,0.0,0.0,-0.0393,1.0,0,0.0159,0.011,0.0018,6.7,1,191000,43,0,0.013
C-07127,0.0455,0.0,0.0,-0.0455,0.619,1,-0.0047,0.011,0.0018,6.1,0,231000,75,0,0.015
C-07128,0.1905,0.1667,0.0317,-0.0952,0.1667,0,0.0401,0.011,0.0018,2.2,0,63000,49,0,0.084
C-07129,0.1101,0.0,0.0,-0.1101,0.4211,1,-0.018,0.011,0.0018,0.6,0,172500,29,0,0.0
C-07130,0.0445,0.0,0.0,-0.0226,1.0,0,-0.0062,0.00976,0.00056,0.4,0,494500,28,0,0.028
C-07131,0.0662,0.0,0.0,0.0238,0.1667,0,-0.0024,0.00988,0.00068,0.9,0,453500,60,0,0.0
C-07132,0.0672,0.0,0.0,0.0437,1.0,0,0.0181,0.011,0.0018,2.9,1,59500,43,0,0.044
C-07133,0.1441,0.0,0.0,-0.1441,0.7059,1,0.0054,0.011,0.0018,13.9,0,59000,40,0,0.083
C-07134,0.2143,0.4677,0.1002,-0.2143,0.1546,1,0.0054,0.0087,-0.0005,7.5,1,1192500,54,1,0.301
C-07135,0.1464,0.0,0.0,-0.1107,0.2712,0,-0.0056,0.011,0.0018,1.3,0,201500,69,0,0.064
C-07136,0.0693,0.0,0.0,-0.0109,0.2432,0,-0.0066,0.01084,0.00164,20,1,267000,42,0,0.048
C-07137,0.0607,0.0,0.0,-0.0607,0.6207,1,0.0095,0.011,0.0018,0.3,1,239000,69,1,0.05
C-07138,0.112,0.0,0.0,-0.0544,0.1429,0,-0.0007,0.011,0.0018,2.7,0,125000,30,0,0.015
C-07139,0.2455,0.0,0.0,0.1473,0.2222,0,-0.0087,0.011,0.0018,20.3,0,55000,53,0,0.027
C-07140,0.1599,0.0,0.0,-0.1433,0.3642,0,0.0163,0.00973,0.00053,5.9,0,506500,74,0,0.029
C-07141,0.1112,0.0,0.0,-0.1002,0.0492,0,-0.0029,0.00809,-0.00111,2.4,0,1646000,63,0,0.0
C-07142,0.1204,0.0,0.0,0.0073,0.7674,0,-0.0167,0.011,0.0018,4.1,0,178500,27,0,0.008
C-07143,0.0894,0.0,0.0,-0.0843,0.8166,0,0.0101,0.00916,-4e-05,2.5,0,945000,32,0,0.062
C-07144,0.0966,0.0,0.0,-0.0966,0.7316,1,0.0096,0.00778,-0.00142,17.2,0,2044000,61,0,0.006
C-07145,0.0428,0.0,0.0,-0.0428,0.1316,1,0.0539,0.00991,0.00071,5.9,0,444000,71,1,0.405
C-07146,0.1546,0.0,0.0,0.1423,0.6667,0,-0.0043,0.011,0.0018,3,0,48500,25,0,0.114
C-07147,0.0645,0.0,0.0,0.3742,0.5,0,0.0108,0.011,0.0018,3,0,46500,25,0,0.067
C-07148,0.0247,0.0,0.0,-0.0247,0.2778,1,-0.0029,0.01021,0.00101,2.5,0,364500,54,0,0.0
C-07149,0.0694,0.0,0.0,-0.059,0.5563,0,-0.0041,0.00878,-0.00042,3.0,0,1153000,58,0,0.003
C-07150,0.0869,0.623,0.0541,-0.0869,0.2827,1,0.0329,0.00889,-0.00031,1.2,0,1099000,64,1,0.683
C-07151,0.1137,0.0,0.0,-0.0305,0.2927,0,-0.0086,0.01023,0.00103,0.4,0,360500,55,0,0.066
C-07152,0.2122,0.3794,0.0805,-0.2015,0.0234,0,0.0128,0.00911,-9e-05,4.8,1,1006000,75,0,0.057
C-07153,0.2173,0.3846,0.0836,-0.1772,0.0897,0,0.0067,0.011,0.0018,4.8,0,179500,72,0,0.107
C-07154,0.1935,0.0,0.0,-0.1688,0.4867,0,0.0259,0.00931,0.00011,3.1,0,775000,26,0,0.026
C-07155,0.2359,0.5224,0.1232,-0.2148,0.2836,0,0.0367,0.011,0.0018,4.2,0,142000,32,1,0.581
C-07156,0.2222,0.0,0.0,-0.1556,0.6023,0,-0.0117,0.011,0.0018,15.8,0,198000,42,0,0.0
C-07157,0.0773,0.0,0.0,-0.0773,0.8049,1,0.0128,0.00929,9e-05,13.3,0,795500,58,0,0.032
C-07158,0.1398,0.0,0.0,-0.0968,0.7692,0,0.0242,0.011,0.0018,0.6,1,46500,26,0,0.06
C-07159,0.0683,0.0,0.0,-0.0027,0.6,0,-0.0018,0.011,0.0018,18.8,1,146500,61,1,0.349
C-07160,0.1344,0.0,0.0,-0.1234,0.4689,0,-0.0023,0.00699,-0.00221,3.6,1,3585000,54,0,0.023
C-07161,0.1718,0.0,0.0,-0.1492,0.4511,0,-0.0034,0.00865,-0.00055,5.7,0,1219500,73,0,0.091
C-07162,0.1829,0.375,0.0686,-0.0183,0.0,0,-0.0023,0.011,0.0018,8.8,0,87500,73,0,0.044
C-07163,0.0677,0.0,0.0,0.1428,0.3636,0,0.0331,0.01042,0.00122,0.3,1,325000,37,0,0.0
C-07164,0.171,0.2055,0.0351,0.0145,0.274,0,-0.0167,0.011,0.0018,7.2,0,213500,50,0,0.002
C-07165,0.1308,0.0,0.0,-0.0467,0.4107,0,0.013,0.011,0.0018,16.3,0,214000,45,0,0.073
C-07166,0.1518,0.0,0.0,-0.1414,0.7543,0,-0.0016,0.00958,0.00038,1.2,0,576500,67,0,0.027
C-07167,0.316,0.5317,0.168,-0.316,0.435,1,0.0357,0.00828,-0.00092,15.9,1,1473000,47,1,0.716
C-07168,0.0829,0.0,0.0,0.0166,0.0,0,-0.0028,0.011,0.0018,0.3,0,217000,44,0,0.087
C-07169,0.0808,0.0,0.0,-0.0808,0.2381,1,0.0492,0.011,0.0018,1.7,0,130000,43,0,0.095
C-07170,0.1458,0.0,0.0,-0.1458,0.3571,1,-0.003,0.011,0.0018,1.8,0,48000,31,0,0.028
C-07171,0.1911,0.0,0.0,-0.1546,0.2319,0,-0.0077,0.01023,0.00103,3.6,0,361000,46,0,0.056
C-07172,0.0812,0.0,0.0,0.2394,0.6444,0,-0.013,0.01076,0.00156,8.8,0,277000,57,0,0.006
C-07173,0.1178,0.0,0.0,-0.0282,0.4756,0,0.0031,0.0103,0.0011,1.2,0,348000,34,0,0.025
C-07174,0.0688,0.0,0.0,-0.0688,0.1815,1,0.0402,0.00774,-0.00146,2.9,0,2122500,50,0,0.026
C-07175,0.1519,0.0,0.0,-0.0896,0.878,0,-0.0025,0.011,0.0018,3.2,0,135000,34,0,0.04
C-07176,0.3369,0.8885,0.2993,-0.3369,0.9512,1,0.0422,0.00997,0.00077,0.3,0,426000,44,1,0.73
C-07177,0.215,0.5596,0.1203,-0.215,0.6422,1,0.0549,0.01097,0.00177,0.8,0,253500,57,1,0.749
C-07178,0.1183,0.0,0.0,-0.1183,0.8082,1,-0.0008,0.01053,0.00133,5.0,1,308500,37,0,0.0
C-07179,0.1031,0.0,0.0,-0.1031,0.0,1,0.0443,0.011,0.0018,3,0,48500,25,0,0.062
C-07180,0.1427,0.0,0.0,-0.1427,0.2143,1,-0.014,0.00966,0.00046,9.4,1,539500,39,0,0.048
C-07181,0.1444,0.0,0.0,-0.0972,0.7121,0,-0.0,0.011,0.0018,10.2,0,228500,39,0,0.035
C-07182,0.1031,0.0,0.0,-0.1031,0.0,1,0.0038,0.011,0.0018,0.6,0,48500,27,0,0.0
C-07183,0.0517,0.0,0.0,0.1552,0.5,0,-0.0062,0.011,0.0018,0.3,0,58000,34,0,0.052
C-07184,0.2249,0.3947,0.0888,-0.2249,0.7105,1,-0.0011,0.011,0.0018,6,0,84500,28,0,0.055
C-07185,0.0526,0.0,0.0,0.0484,0.2,0,0.006,0.011,0.0018,9,1,47500,31,0,0.068
C-07186,0.0795,0.0,0.0,-0.0757,1.0,0,-0.004,0.00818,-0.00102,14.7,0,1566000,60,0,0.026
C-07187,0.1175,0.0,0.0,0.3645,0.7692,0,0.0533,0.011,0.0018,1.7,0,166000,45,1,0.49
C-07188,0.1016,0.0,0.0,-0.1016,1.0,1,0.0028,0.011,0.0018,9.1,0,93500,32,0,0.078
C-07189,0.0556,0.0,0.0,-0.0474,0.6332,0,0.0343,0.00777,-0.00143,4.1,1,2060000,57,0,0.085
C-07190,0.0886,0.2857,0.0253,-0.0886,0.0,1,0.026,0.011,0.0018,30,1,79000,65,0,0.055
C-07191,0.046,0.0,0.0,-0.0264,1.0,0,0.0024,0.00821,-0.00099,1.9,0,1534000,69,0,0.038
C-07192,0.2065,0.1695,0.035,-0.2065,0.8277,1,-0.0184,0.00923,3e-05,6.5,0,857000,69,0,0.017
C-07193,0.2865,0.4413,0.1265,-0.2364,0.0648,0,0.0528,0.00995,0.00075,0.8,0,431000,50,1,0.41
C-07194,0.1762,0.0,0.0,0.109,0.5814,0,0.0079,0.011,0.0018,0.3,0,122000,48,0,0.029
C-07195,0.0452,0.0,0.0,-0.0452,0.7727,1,-0.0113,0.00866,-0.00054,1.0,0,1217500,40,0,0.066
C-07196,0.1149,0.0,0.0,-0.0778,0.5462,0,0.0062,0.00971,0.00051,0.6,0,518000,43,0,0.014
C-07197,0.0968,0.0,0.0,-0.0968,0.3333,1,-0.0157,0.011,0.0018,4,0,46500,26,0,0.03
C-07198,0.1291,0.0,0.0,-0.0967,0.4328,0,0.041,0.01091,0.00171,5.5,0,259500,54,1,0.05
C-07199,0.1171,0.0,0.0,-0.1171,0.3519,1,0.0148,0.00986,0.00066,2.4,0,461000,44,0,0.072
C-07200,0.1676,0.2841,0.0476,-0.1371,0.5909,0,0.0432,0.01088,0.00168,5.2,0,262500,45,0,0.042
C-07201,0.137,0.0,0.0,-0.137,0.0,1,-0.0063,0.01038,0.00118,1.2,1,332000,69,0,0.0
C-07202,0.0844,0.0,0.0,-0.0377,0.3077,0,-0.0164,0.011,0.0018,0.3,1,154000,59,0,0.016
C-07203,0.1626,0.0,0.0,-0.1317,0.6115,0,0.006,0.00996,0.00076,3.4,0,427500,30,1,0.495
C-07204,0.1135,0.0,0.0,-0.0865,0.2122,0,0.0072,0.00823,-0.00097,2.0,0,1516000,52,0,0.034
C-07205,0.1284,0.0,0.0,-0.0722,0.8356,0,0.0019,0.00921,1e-05,4.8,0,876500,58,0,0.06
C-07206,0.1774,0.0,0.0,-0.1435,0.1497,0,0.0538,0.00921,1e-05,8.8,0,885000,56,0,0.0
C-07207,0.0999,0.4657,0.0465,-0.0999,0.0,1,-0.007,0.00839,-0.00081,10.7,0,1387000,68,0,0.039
C-07208,0.0988,0.0,0.0,-0.071,0.7034,0,-0.0148,0.00935,0.00015,0.8,1,734000,64,0,0.028
C-07209,0.0984,0.0,0.0,-0.0754,0.3611,0,0.0362,0.011,0.0018,16.0,0,183000,69,0,0.012
C-07210,0.1594,0.0,0.0,-0.1581,0.4768,0,-0.0116,0.00634,-0.00286,0.9,0,5334000,57,0,0.06
C-07211,0.1192,0.0,0.0,-0.0976,0.6981,0,-0.002,0.00944,0.00024,6.8,0,667000,42,0,0.007
C-07212,0.1315,0.0,0.0,-0.1237,0.4505,0,-0.0006,0.00931,0.00011,1.6,0,768000,74,0,0.041
C-07213,0.0598,0.0,0.0,-0.0516,0.0,0,0.0362,0.0093,0.0001,4.0,1,777000,55,0,0.0
C-07214,0.1315,0.0,0.0,-0.1062,0.4389,0,-0.0076,0.00913,-7e-05,9.1,0,996500,36,0,0.012
C-07215,0.1455,0.0,0.0,-0.114,0.5029,0,0.0287,0.00872,-0.00048,6.2,0,1182500,48,0,0.034
C-07216,0.0407,0.0,0.0,0.0679,0.2222,0,-0.0026,0.011,0.0018,0.9,1,110500,70,0,0.071
C-07217,0.129,0.0,0.0,-0.1186,0.2123,0,-0.0299,0.0094,0.0002,7.1,1,694000,65,0,0.055
C-07218,0.0264,0.0,0.0,0.0651,0.5556,0,0.0133,0.011,0.0018,1.2,1,170500,27,0,0.0
C-07219,0.0755,0.0,0.0,-0.0755,0.1,1,0.0029,0.00955,0.00035,5.4,0,596000,74,0,0.059
C-07220,0.1513,0.4928,0.0746,-0.0987,0.4928,0,-0.0016,0.011,0.0018,3,0,228000,25,0,0.018
C-07221,0.1117,0.0,0.0,-0.1057,0.7351,0,-0.0118,0.00869,-0.00051,6.8,0,1199500,74,0,0.047
C-07222,0.0522,0.0,0.0,-0.0463,0.4688,0,0.0093,0.00864,-0.00056,0.3,0,1226000,66,0,0.05
C-07223,0.0663,0.0,0.0,-0.0601,0.1166,0,-0.0151,0.00773,-0.00147,5.6,0,2133500,46,0,0.042
C-07224,0.1474,0.4286,0.0632,0.1305,0.2143,0,0.0072,0.011,0.0018,3.1,0,47500,29,0,0.04
C-07225,0.226,0.0,0.0,-0.1718,0.3625,0,-0.0081,0.011,0.0018,0.3,0,177000,46,0,0.003
C-07226,0.1183,0.0,0.0,-0.1183,0.75,1,0.049,0.011,0.0018,3.9,0,84500,42,1,0.229
C-07227,0.0495,0.0,0.0,0.0772,1.0,0,0.0196,0.011,0.0018,0.3,0,151500,32,0,0.014
C-07228,0.0582,0.0,0.0,-0.0582,0.0,1,0.0459,0.01041,0.00121,10,0,326500,32,0,0.026
C-07229,0.1309,0.4444,0.0582,0.0175,0.4444,0,-0.0101,0.011,0.0018,0.3,0,137500,26,0,0.021
C-07230,0.1197,0.0,0.0,0.0034,0.3571,0,0.0302,0.011,0.0018,7.4,0,117000,33,0,0.04
C-07231,0.0945,0.0,0.0,-0.0577,0.6245,0,0.0066,0.00829,-0.00091,8.5,0,1465000,56,0,0.0
C-07232,0.1152,0.0,0.0,-0.057,1.0,0,0.0061,0.011,0.0018,28.7,0,82500,64,0,0.021
C-07233,0.0726,0.0,0.0,-0.0726,0.0645,1,-0.0001,0.011,0.0018,2.4,1,213500,44,0,0.067
C-07234,0.1263,0.0,0.0,0.0253,0.8333,0,-0.0254,0.011,0.0018,10,0,47500,32,0,0.09
C-07235,0.1198,0.0,0.0,-0.0944,0.5455,0,0.0323,0.01077,0.00157,0.3,0,275500,70,0,0.026
C-07236,0.0831,0.0,0.0,-0.0154,0.0943,0,0.0158,0.00948,0.00028,10.5,0,638000,48,0,0.052
C-07237,0.7522,0.8736,0.6571,-0.7522,0.2644,1,0.0524,0.011,0.0018,6,1,173500,28,1,0.599
C-07238,0.2054,0.0,0.0,-0.0768,0.1304,0,-0.0007,0.011,0.0018,5.4,1,56000,66,0,0.065
C-07239,0.1211,0.0,0.0,-0.1151,0.3525,0,-0.0089,0.00911,-9e-05,2.0,1,1007500,59,0,0.0
C-07240,0.1216,0.0,0.0,-0.0081,0.1111,0,0.0313,0.011,0.0018,7.1,0,74000,50,0,0.017
C-07241,0.0392,0.0,0.0,-0.0337,0.7395,0,0.0016,0.00823,-0.00097,1.7,0,1518500,68,0,0.035
C-07242,0.0391,0.0,0.0,-0.036,0.0,0,0.0035,0.00727,-0.00193,0.7,0,3136000,43,0,0.024
C-07243,0.0712,0.0,0.0,-0.0495,0.0,0,0.029,0.00925,5e-05,1.2,0,829000,73,0,0.035
C-07244,0.0645,0.0,0.0,-0.0645,0.6667,1,-0.0042,0.011,0.0018,1.5,0,46500,40,0,0.018
C-07245,0.2748,0.5719,0.1572,-0.2306,0.2353,0,0.0508,0.00886,-0.00034,6.1,0,1113500,33,0,0.064
C-07246,0.043,0.0,0.0,-0.043,0.75,1,0.0441,0.011,0.0018,7.2,0,46500,48,0,0.0
C-07247,0.164,0.0,0.0,-0.1347,0.405,0,0.0203,0.01019,0.00099,12,0,369000,34,1,0.177
C-07248,0.2433,0.3217,0.0783,-0.2433,0.1743,1,0.0254,0.00932,0.00012,5.7,0,766500,42,0,0.044
C-07249,0.0469,0.0,0.0,-0.0469,0.0,1,-0.0055,0.00975,0.00055,0.7,1,501500,67,0,0.046
C-07250,0.1105,0.0,0.0,-0.1064,0.3239,0,0.0084,0.00572,-0.00348,4.9,0,9934500,52,0,0.075
C-07251,0.1776,0.1852,0.0329,-0.1303,0.7037,0,0.0101,0.011,0.0018,0.6,0,76000,26,0,0.026
C-07252,0.0659,0.0,0.0,-0.0421,0.4301,0,0.0039,0.00939,0.00019,11.9,1,706000,52,0,0.041
C-07253,0.1052,0.0,0.0,-0.0991,0.3916,0,0.0534,0.00929,9e-05,0.4,1,789000,75,0,0.013
C-07254,0.1935,0.0,0.0,-0.1935,0.404,1,0.0052,0.00947,0.00027,2.8,0,646000,65,0,0.05
C-07255,0.0823,0.0,0.0,0.1359,0.4211,0,0.0035,0.011,0.0018,5.5,1,115500,44,0,0.051
C-07256,0.0517,0.0,0.0,-0.0517,0.1778,1,-0.0068,0.00994,0.00074,6.3,0,435500,47,0,0.064
C-07257,0.1364,0.0,0.0,0.2864,0.4583,0,-0.0077,0.011,0.0018,3.4,0,88000,49,0,0.053
C-07258,0.1043,0.0,0.0,0.2296,0.75,0,0.0056,0.011,0.0018,0.5,0,57500,29,0,0.0
C-07259,0.2129,0.3418,0.0728,-0.1547,0.5148,0,-0.0094,0.00962,0.00042,9.3,1,556500,37,0,0.1
C-07260,0.0317,0.0,0.0,-0.0317,1.0,1,0.0004,0.00898,-0.00022,0.5,0,1057000,47,1,0.05
C-07261,0.0901,0.0,0.0,0.2559,0.1,0,-0.0068,0.011,0.0018,1.9,0,55500,72,0,0.049
C-07262,0.1401,0.0,0.0,-0.1171,0.1096,0,0.0091,0.0097,0.0005,1.8,0,521000,39,0,0.0
C-07263,0.1455,0.0,0.0,-0.1396,1.0,0,0.0011,0.00693,-0.00227,5.8,1,3691500,61,1,0.518
C-07264,0.0819,0.0,0.0,-0.0819,0.2941,1,0.0411,0.01001,0.00081,1.2,0,415000,44,1,0.267
C-07265,0.0459,0.0,0.0,-0.0203,0.4783,0,0.0008,0.00933,0.00013,3.3,0,752000,74,0,0.047
C-07266,0.0902,0.0,0.0,0.1743,0.8444,0,0.0419,0.011,0.0018,12.7,1,249500,52,0,0.058
C-07267,0.1538,0.0,0.0,-0.1538,0.3125,1,-0.0006,0.00925,5e-05,16.9,1,832000,65,0,0.016
C-07268,0.1255,0.0,0.0,-0.0964,0.4032,0,0.0473,0.011,0.0018,3.5,1,247000,30,0,0.075
C-07269,0.0689,0.0,0.0,0.003,0.4203,0,0.003,0.00975,0.00055,1.0,0,501000,60,0,0.062
C-07270,0.1524,0.0,0.0,-0.1085,0.59,0,-0.0033,0.01041,0.00121,1.1,1,328000,64,0,0.0
C-07271,0.1024,0.0,0.0,-0.0256,0.2344,0,0.0067,0.0105,0.0013,0.3,1,312500,29,0,0.008
C-07272,0.0909,0.5789,0.0526,-0.045,0.8947,0,-0.0128,0.011,0.0018,1.7,0,104500,30,0,0.0
C-07273,0.1099,0.5111,0.0562,-0.1099,0.0,1,0.0127,0.01003,0.00083,2.6,1,409500,32,0,0.014
C-07274,0.0731,0.0,0.0,-0.0731,0.2195,1,0.0042,0.01073,0.00153,5.6,0,280500,64,0,0.014
C-07275,0.0903,0.3571,0.0323,-0.0284,1.0,0,0.0418,0.011,0.0018,1.3,0,155000,47,1,0.459
C-07276,0.3084,0.544,0.1678,-0.3084,0.355,1,0.0506,0.00913,-7e-05,1.3,0,995500,53,1,0.509
C-07277,0.0708,0.0,0.0,-0.0708,0.0,1,-0.0001,0.01061,0.00141,5.7,0,296500,47,0,0.062
C-07278,0.1015,0.0,0.0,-0.0831,0.7925,0,0.0028,0.01089,0.00169,12.7,0,261000,66,0,0.029
C-07279,0.0971,0.0,0.0,-0.0928,0.442,0,0.0343,0.00736,-0.00184,5.2,1,3016000,33,0,0.106
C-07280,0.0515,0.0,0.0,-0.0515,0.0,1,0.0458,0.011,0.0018,3.2,1,48500,26,0,0.064
C-07281,0.1188,0.6667,0.0792,-0.1188,0.25,1,-0.0046,0.011,0.0018,6.7,0,50500,31,0,0.062
C-07282,0.1873,0.52,0.0974,-0.1873,0.52,1,0.0381,0.00954,0.00034,3.1,1,600500,54,0,0.0
C-07283,0.0231,0.0,0.0,-0.0144,0.6875,0,0.0005,0.0094,0.0002,7.4,0,692500,73,0,0.076
C-07284,0.1391,0.0,0.0,-0.1391,0.434,1,-0.0018,0.011,0.0018,0.3,1,190500,32,0,0.069
C-07285,0.0848,0.0,0.0,-0.0587,0.6223,0,0.0012,0.00758,-0.00162,0.9,0,2434500,50,0,0.031
C-07286,0.0997,0.3902,0.0389,-0.0997,0.0,1,0.0212,0.00753,-0.00167,5.6,1,2558000,73,0,0.05
C-07287,0.0822,0.0,0.0,-0.0822,0.6703,1,0.0003,0.00963,0.00043,10.8,0,553500,42,0,0.023
C-07288,0.0398,0.0,0.0,0.008,0.0,0,0.0092,0.0095,0.0003,0.3,0,627500,58,0,0.029
C-07289,0.0359,0.0,0.0,0.104,0.0,0,0.021,0.011,0.0018,10.9,0,111500,45,0,0.01
C-07290,0.085,0.0,0.0,0.0013,0.1154,0,0.0341,0.011,0.0018,7.1,0,153000,59,0,0.039
C-07291,0.0621,0.0,0.0,-0.022,0.0,0,-0.0098,0.00999,0.00079,3.5,0,419000,62,0,0.067
C-07292,0.0813,0.0,0.0,-0.0473,0.5217,0,0.0238,0.01071,0.00151,1.1,0,283000,37,0,0.056
C-07293,0.2492,0.4352,0.1085,-0.2215,0.2901,0,0.0504,0.00946,0.00026,6.9,1,650000,41,1,0.368
C-07294,0.2791,0.3883,0.1084,-0.2596,0.5358,0,0.0083,0.00864,-0.00056,3.4,1,1227000,48,1,0.378
C-07295,0.1364,0.0,0.0,-0.0927,0.7222,0,0.028,0.01039,0.00119,9.6,0,330000,45,0,0.072
C-07296,0.0658,0.0,0.0,-0.0104,0.4328,0,0.0081,0.00908,-0.00012,1.0,0,1018500,46,0,0.023
C-07297,0.1379,0.0,0.0,-0.0706,0.2881,0,-0.0138,0.011,0.0018,3.4,0,214000,47,0,0.059
C-07298,0.0737,0.0,0.0,-0.0598,0.0,0,0.0066,0.00954,0.00034,8.1,1,603500,40,0,0.062
C-07299,0.1319,0.0,0.0,-0.1319,0.5833,1,-0.0061,0.011,0.0018,1.3,1,45500,41,0,0.028
C-07300,0.2959,0.6129,0.1814,-0.2415,0.6532,0,0.0124,0.00999,0.00079,2.0,1,419000,37,0,0.066
C-07301,0.1782,0.0,0.0,-0.0894,0.4057,0,0.0132,0.0106,0.0014,0.9,0,297500,43,0,0.034
C-07302,0.1783,0.0,0.0,-0.1783,0.7857,1,-0.0098,0.011,0.0018,5.5,0,78500,30,0,0.074
C-07303,0.1248,0.0,0.0,-0.0893,0.3684,0,0.0165,0.01055,0.00135,4.2,1,304500,35,0,0.067
C-07304,0.1504,0.0,0.0,-0.1504,0.5658,1,-0.0114,0.00679,-0.00241,5.5,1,3989500,58,0,0.044
C-07305,0.0806,0.0,0.0,0.1129,0.5,0,-0.016,0.011,0.0018,5.2,0,62000,43,0,0.054
C-07306,0.0868,0.0,0.0,-0.0868,0.5098,1,-0.0077,0.00956,0.00036,0.3,1,587500,53,0,0.06
C-07307,0.0545,0.0,0.0,-0.0431,0.6062,0,0.0161,0.00829,-0.00091,9.2,1,1467000,58,0,0.027
C-07308,0.1327,0.2308,0.0306,0.0143,0.4615,0,0.0002,0.011,0.0018,8.2,0,49000,37,0,0.045
C-07309,0.136,0.0,0.0,-0.1311,0.3252,0,0.0346,0.00583,-0.00337,8.2,0,8559000,64,0,0.059
C-07310,0.081,0.0,0.0,-0.057,0.6411,0,-0.0061,0.00701,-0.00219,4.6,0,3543000,62,0,0.041
C-07311,0.0915,0.0,0.0,-0.0732,0.6591,0,0.0013,0.00937,0.00017,5.7,0,721000,45,0,0.056
C-07312,0.1287,0.1846,0.0238,-0.0004,0.8154,0,-0.0135,0.01098,0.00178,11.8,0,252500,59,1,0.428
C-07313,0.1246,0.0,0.0,0.3281,0.2286,0,0.0055,0.011,0.0018,3.0,0,140500,63,0,0.08
C-07314,0.1451,0.0,0.0,-0.1026,0.3721,0,0.0207,0.00955,0.00035,1.8,0,592500,73,0,0.045
C-07315,0.139,0.0,0.0,-0.0979,0.0,0,-0.0058,0.01088,0.00168,2.4,0,262500,34,0,0.022
C-07316,0.0863,0.6125,0.0529,-0.0759,0.0,0,0.0012,0.00985,0.00065,0.7,0,463500,66,0,0.0
C-07317,0.1099,0.0,0.0,-0.0936,0.3333,0,-0.0208,0.0102,0.001,5.5,0,368500,42,0,0.08
C-07318,0.183,0.0,0.0,-0.1655,0.5978,0,0.0074,0.00933,0.00013,11,1,754000,33,0,0.076
C-07319,0.145,0.0,0.0,-0.145,0.4083,1,-0.0002,0.00748,-0.00172,12.0,1,2668500,61,0,0.043
C-07320,0.133,0.0,0.0,-0.0053,0.4,0,-0.0006,0.011,0.0018,12,0,94000,34,0,0.066
C-07321,0.1171,0.0,0.0,-0.1116,0.1034,0,0.0045,0.00822,-0.00098,5.2,0,1528500,53,0,0.045
C-07322,0.0404,0.0,0.0,-0.0404,1.0,1,0.0129,0.011,0.0018,3.8,0,198000,59,0,0.074
C-07323,0.2512,0.5185,0.1302,-0.2512,0.0741,1,0.0051,0.011,0.0018,8.0,1,107500,49,0,0.051
C-07324,0.22,0.0,0.0,-0.22,0.6193,1,-0.0104,0.01006,0.00086,12.2,0,400000,69,0,0.097
C-07325,0.0737,0.0,0.0,-0.0737,0.1429,1,0.0025,0.011,0.0018,2.1,0,47500,40,0,0.035
C-07326,0.1562,0.2267,0.0354,-0.0413,0.0267,0,-0.0088,0.011,0.0018,4.0,1,240000,59,0,0.054
C-07327,0.0866,0.0,0.0,-0.0866,0.0,1,0.0064,0.011,0.0018,6,0,63500,28,0,0.006
C-07328,0.0667,0.0,0.0,-0.0597,0.0,0,0.0157,0.00843,-0.00077,11.3,0,1363500,70,0,0.067
C-07329,0.0476,0.0,0.0,-0.0415,0.0,0,0.04,0.00913,-7e-05,1.9,1,987000,71,0,0.032
C-07330,0.1397,0.0,0.0,0.1779,0.3684,0,-0.0052,0.011,0.0018,3,0,68000,25,0,0.045
C-07331,0.1933,0.0,0.0,-0.1453,0.3793,0,0.0025,0.00989,0.00069,4.4,0,450000,53,0,0.032
C-07332,0.169,0.0,0.0,-0.1357,0.1549,0,0.0465,0.00999,0.00079,2.4,0,420000,65,0,0.004
C-07333,0.1342,0.0,0.0,-0.1342,0.2577,1,0.0067,0.01023,0.00103,16.8,0,361500,64,0,0.0
C-07334,0.318,0.4203,0.1336,-0.3041,0.2464,0,0.0276,0.011,0.0018,1.5,1,217000,34,1,0.599
C-07335,0.1165,0.0,0.0,-0.1143,0.1944,0,0.0506,0.00773,-0.00147,0.5,1,2141500,65,0,0.06
C-07336,0.0977,0.5618,0.0549,-0.0345,0.5618,0,0.0025,0.00987,0.00067,2.7,0,455500,58,0,0.016
C-07337,0.042,0.0,0.0,0.0208,0.0,0,0.0159,0.00949,0.00029,2.9,1,631000,36,0,0.012
C-07338,0.0862,0.0,0.0,-0.0034,0.5,0,0.0094,0.011,0.0018,3,0,116000,25,0,0.085
C-07339,0.0538,0.0,0.0,-0.0169,0.2143,0,-0.0043,0.011,0.0018,16.6,0,130000,42,0,0.049
C-07340,0.1746,0.165,0.0288,-0.1746,0.0,1,0.0028,0.01062,0.00142,12.2,0,295000,52,0,0.044
C-07341,0.1587,0.6744,0.107,0.0539,0.6744,0,0.0074,0.011,0.0018,6.5,0,135500,40,0,0.012
C-07342,0.1008,0.4537,0.0458,-0.0739,0.8241,0,-0.0017,0.00967,0.00047,12.8,0,535500,54,0,0.06
C-07343,0.038,0.0,0.0,-0.0347,0.0,0,-0.0244,0.00828,-0.00092,0.3,0,1475000,42,0,0.02
C-07344,0.0482,0.0,0.0,0.1976,0.125,0,-0.0146,0.011,0.0018,6,0,83000,28,0,0.05
C-07345,0.1442,0.0,0.0,-0.1442,0.4706,1,0.0528,0.00932,0.00012,4.5,0,766500,47,1,0.355
C-07346,0.1356,0.0,0.0,-0.0675,0.3023,0,-0.0104,0.011,0.0018,5,1,158500,27,0,0.041
C-07347,0.0466,0.0,0.0,-0.0466,0.0,1,0.0381,0.011,0.0018,2.4,0,118000,62,0,0.05
C-07348,0.0445,0.0,0.0,0.0757,0.75,0,-0.019,0.01024,0.00104,2.8,1,359500,57,0,0.023
C-07349,0.2099,0.0,0.0,-0.1944,0.4959,0,-0.006,0.00876,-0.00044,0.9,0,1162500,28,0,0.038
C-07350,0.1098,0.0,0.0,-0.1015,0.2815,0,0.0076,0.00763,-0.00157,4.8,0,2313000,55,0,0.019
C-07351,0.0672,0.0,0.0,-0.0672,0.0,1,-0.0022,0.011,0.0018,2.2,0,186000,41,0,0.081
C-07352,0.0916,0.0,0.0,-0.0494,0.28,0,-0.0032,0.00942,0.00022,0.3,0,682000,58,0,0.054
C-07353,0.0495,0.0,0.0,-0.0495,0.375,1,0.0072,0.011,0.0018,5.5,1,161500,28,0,0.01
C-07354,0.0962,0.375,0.0361,-0.0843,0.8051,0,0.0032,0.00836,-0.00084,1.4,0,1414000,43,0,0.0
C-07355,0.0721,0.0,0.0,0.2955,1.0,0,0.0111,0.011,0.0018,0.3,0,55500,46,0,0.075
C-07356,0.127,0.0,0.0,-0.127,0.4167,1,-0.0059,0.011,0.0018,1.4,0,94500,41,0,0.03
C-07357,0.1467,0.2669,0.0392,-0.1467,1.0,1,0.0352,0.00928,8e-05,1.7,0,804500,58,0,0.058
C-07358,0.1651,0.0,0.0,-0.1586,0.6148,0,-0.001,0.01019,0.00099,7.9,0,369500,72,0,0.019
C-07359,0.1028,0.0,0.0,-0.0918,0.4496,0,0.0156,0.00751,-0.00169,3.8,0,2607000,57,0,0.054
C-07360,0.1392,0.0,0.0,-0.1392,0.0357,1,0.0501,0.00974,0.00054,3.9,1,503000,35,0,0.075
C-07361,0.087,0.0,0.0,-0.0563,1.0,0,-0.0168,0.011,0.0018,15.0,0,195500,72,0,0.032
C-07362,0.0737,0.0,0.0,0.0779,0.0,0,-0.0151,0.011,0.0018,0.9,0,47500,25,0,0.055
C-07363,0.1892,0.0,0.0,-0.1892,0.4142,1,0.0032,0.0099,0.0007,13.5,0,446500,67,0,0.059
C-07364,0.0929,0.0,0.0,-0.0929,0.413,1,0.0151,0.011,0.0018,20.7,0,247500,68,0,0.027
C-07365,0.0545,0.0,0.0,-0.0029,0.7632,0,-0.0024,0.01029,0.00109,4.5,0,348500,65,0,0.047
C-07366,0.1409,0.0,0.0,-0.127,0.7135,0,-0.0083,0.00953,0.00033,3.1,0,607000,43,0,0.0
C-07367,0.0632,0.0,0.0,-0.0632,0.3438,1,0.0117,0.01097,0.00177,8.5,0,253000,44,0,0.012
C-07368,0.0822,0.0,0.0,-0.0775,0.7202,0,0.0037,0.00702,-0.00218,2.3,0,3520500,66,0,0.035
C-07369,0.2391,0.1818,0.0435,-0.1795,0.4545,0,-0.0169,0.011,0.0018,5.0,1,161000,55,0,0.036
C-07370,0.0714,0.0,0.0,-0.0515,0.093,0,-0.0011,0.01058,0.00138,0.6,0,301000,67,0,0.036
C-07371,0.0927,0.0,0.0,0.1883,0.7368,0,-0.0137,0.011,0.0018,18.0,1,102500,51,0,0.048
C-07372,0.1909,0.4953,0.0946,-0.1909,0.1495,1,0.0011,0.00962,0.00042,3.1,1,560500,67,0,0.045
C-07373,0.0625,0.0,0.0,-0.0625,0.8333,1,0.0072,0.011,0.0018,8.9,0,48000,33,0,0.043
C-07374,0.0903,0.0,0.0,-0.0129,0.0,0,0.0117,0.011,0.0018,1.5,0,155000,60,0,0.058
C-07375,0.1684,0.0,0.0,-0.0168,0.375,0,-0.0069,0.011,0.0018,13.9,1,47500,39,0,0.028
C-07376,0.1439,0.5382,0.0774,-0.1185,0.0,0,0.0365,0.00872,-0.00048,10.8,0,1181500,38,0,0.039
C-07377,0.1164,0.0,0.0,-0.1164,0.697,1,-0.0086,0.0107,0.0015,0.4,0,283500,52,0,0.056
C-07378,0.3746,0.7729,0.2896,-0.3746,0.6693,1,0.0488,0.01037,0.00117,4.7,1,335000,50,1,0.568
C-07379,0.1374,0.0,0.0,-0.1374,0.1745,1,0.0277,0.00692,-0.00228,9.4,0,3710500,49,0,0.075
C-07380,0.1317,0.0,0.0,-0.1184,0.3581,0,-0.0001,0.00927,7e-05,1.6,0,816500,26,0,0.038
C-07381,0.1125,0.0,0.0,0.0075,0.7778,0,-0.0082,0.011,0.0018,8.8,1,80000,52,0,0.012
C-07382,0.093,0.0,0.0,-0.0062,0.0,0,-0.0163,0.00979,0.00059,5.1,0,484000,49,0,0.025
C-07383,0.2222,0.0,0.0,-0.1804,0.5196,0,-0.0215,0.011,0.0018,8.5,0,229500,42,1,0.259
C-07384,0.1372,0.0,0.0,-0.1114,0.3193,0,0.0442,0.00953,0.00033,4.5,0,605000,46,0,0.036
C-07385,0.1746,0.5,0.0873,-0.1746,0.7581,1,-0.0048,0.011,0.0018,2.5,1,177500,34,0,0.051
C-07386,0.1133,0.0,0.0,-0.1016,0.3333,0,-0.005,0.00926,6e-05,12.9,1,820500,70,1,0.432
C-07387,0.1697,0.0,0.0,-0.1402,0.1739,0,0.0411,0.01081,0.00161,8,0,271000,30,0,0.077
C-07388,0.2281,0.7417,0.1692,-0.2281,0.8917,1,0.0136,0.01088,0.00168,9.7,1,263000,34,1,0.595
C-07389,0.1327,0.0,0.0,-0.1327,0.4615,1,-0.0102,0.011,0.0018,3,0,49000,25,0,0.028
C-07390,0.121,0.2,0.0242,-0.0805,0.4424,0,-0.0076,0.00942,0.00022,3.5,0,682000,52,0,0.011
C-07391,0.2035,0.2437,0.0496,-0.2035,0.1574,1,0.0053,0.00979,0.00059,3.6,1,484000,28,0,0.03
C-07392,0.1576,0.0,0.0,-0.1576,0.3817,1,0.0292,0.01,0.0008,0.5,0,415500,47,0,0.048
C-07393,0.1645,0.0,0.0,-0.1473,0.528,0,0.0052,0.00978,0.00058,6.0,0,489500,65,0,0.091
C-07394,0.0648,0.0,0.0,-0.0648,0.0,1,0.0016,0.00966,0.00046,2.7,0,540500,32,0,0.02
C-07395,0.3008,0.5241,0.1577,-0.2361,0.731,0,0.0093,0.011,0.0018,1.0,1,241000,27,0,0.029
C-07396,0.0811,0.0,0.0,-0.0069,0.5714,0,-0.016,0.011,0.0018,3,0,129500,25,0,0.034
C-07397,0.2453,0.4154,0.1019,-0.1004,0.8308,0,0.0387,0.011,0.0018,1.7,0,132500,39,1,0.56
C-07398,0.1954,0.3644,0.0712,-0.1954,0.7712,1,0.0372,0.01057,0.00137,7.1,0,302000,55,1,0.343
C-07399,0.1373,0.0,0.0,-0.1373,0.1579,1,0.0354,0.0095,0.0003,0.9,0,622500,29,0,0.063
C-07400,0.1745,0.0,0.0,-0.0979,0.6524,0,0.0025,0.00983,0.00063,6.4,0,470000,46,0,0.0
C-07401,0.0608,0.0,0.0,-0.0085,0.0943,0,-0.009,0.00993,0.00073,4.0,0,436000,26,0,0.027
C-07402,0.0766,0.0,0.0,0.0268,0.0,0,-0.0084,0.011,0.0018,17.0,1,104500,62,0,0.052
C-07403,0.091,0.0,0.0,-0.0808,0.7419,0,-0.0012,0.00821,-0.00099,0.3,0,1533500,73,0,0.049
C-07404,0.1345,0.0,0.0,0.0067,0.4375,0,-0.0036,0.011,0.0018,2.8,1,59500,33,0,0.016
C-07405,0.1368,0.0,0.0,-0.0484,0.4038,0,0.0068,0.011,0.0018,12.7,0,190000,61,0,0.017
C-07406,0.0894,0.0,0.0,-0.0742,0.3765,0,-0.0061,0.00981,0.00061,10.3,0,475500,75,0,0.102
C-07407,0.0263,0.0,0.0,0.0842,0.25,0,-0.0034,0.011,0.0018,7,0,76000,29,0,0.002
C-07408,0.1527,0.3333,0.0509,-0.0843,0.16,0,-0.0081,0.011,0.0018,8.5,0,245500,46,0,0.011
C-07409,0.1091,0.0,0.0,-0.1091,0.6,1,0.0083,0.01077,0.00157,0.3,1,275000,34,0,0.065
C-07410,0.066,0.2857,0.0189,-0.066,0.7143,1,0.0048,0.011,0.0018,15.1,0,106000,56,0,0.05
C-07411,0.0916,0.0,0.0,-0.0841,0.6693,0,-0.0136,0.00671,-0.00249,11.6,1,4176500,57,0,0.052
C-07412,0.1319,0.0,0.0,0.1846,0.1667,0,-0.0003,0.011,0.0018,4,0,45500,26,0,0.0
C-07413,0.1558,0.0,0.0,-0.1437,0.2473,0,0.0033,0.0087,-0.0005,4.3,0,1194000,52,0,0.077
C-07414,0.141,0.0,0.0,-0.141,0.2883,1,0.0098,0.00842,-0.00078,2.9,0,1365000,50,0,0.024
C-07415,0.0928,0.0,0.0,-0.0928,0.6296,1,-0.0061,0.011,0.0018,2.4,0,145500,48,0,0.057
C-07416,0.1057,0.0,0.0,-0.08,0.7879,0,0.0017,0.00983,0.00063,6.1,0,468500,60,0,0.04
C-07417,0.1837,0.0,0.0,-0.1717,0.4814,0,0.0038,0.00788,-0.00132,0.4,0,1905500,45,0,0.011
C-07418,0.1525,0.4167,0.0636,-0.0407,0.7222,0,-0.0074,0.011,0.0018,1.3,0,118000,43,0,0.0
C-07419,0.0968,0.0,0.0,0.1355,0.6667,0,0.0049,0.011,0.0018,2.8,0,46500,33,0,0.076
C-07420,0.1598,0.0,0.0,-0.1407,0.7126,0,-0.0006,0.00927,7e-05,4.7,0,816500,43,0,0.03
C-07421,0.0223,0.0,0.0,-0.0223,0.0,1,0.044,0.00651,-0.00269,4.3,1,4729000,64,0,0.061
C-07422,0.0835,0.0,0.0,-0.0673,1.0,0,0.0166,0.011,0.0018,1.1,0,221500,66,0,0.049
C-07423,0.0539,0.0,0.0,-0.0539,0.2692,1,0.0376,0.011,0.0018,6.0,0,241000,31,0,0.0
C-07424,0.0267,0.0,0.0,-0.0231,0.0,0,-0.0007,0.0085,-0.0007,4.4,0,1309500,67,0,0.051
C-07425,0.1454,0.2502,0.0364,-0.1454,1.0,1,0.0429,0.00679,-0.00241,6.5,0,3985500,54,0,0.06
C-07426,0.1756,0.5,0.0878,0.0,0.7222,0,0.0042,0.011,0.0018,0.9,0,102500,26,0,0.0
C-07427,0.1797,0.0,0.0,-0.1797,0.5,1,0.0501,0.011,0.0018,13.6,0,211500,38,0,0.051
C-07428,0.1541,0.0,0.0,-0.1329,0.2657,0,-0.0093,0.00673,-0.00247,4.5,0,4126000,62,0,0.109
C-07429,0.1554,0.0,0.0,-0.1482,0.1103,0,0.0015,0.00846,-0.00074,1.9,0,1342000,68,0,0.039
C-07430,0.142,0.0,0.0,0.0216,0.56,0,0.0294,0.011,0.0018,5,0,88000,27,0,0.035
C-07431,0.025,0.0,0.0,-0.025,0.7143,1,0.0234,0.011,0.0018,0.4,1,140000,46,0,0.074
C-07432,0.1008,0.0,0.0,0.0202,0.0,0,-0.0044,0.011,0.0018,3.1,1,59500,62,0,0.093
C-07433,0.0934,0.0,0.0,-0.0934,0.4792,1,0.0107,0.01093,0.00173,30,0,257000,73,0,0.045
C-07434,0.1892,0.0,0.0,-0.1837,0.8574,0,-0.0138,0.00574,-0.00346,1.6,0,9619000,59,0,0.071
C-07435,0.3947,0.6762,0.2669,-0.3617,0.9714,0,0.044,0.011,0.0018,15.3,0,133000,40,1,0.704
C-07436,0.11,0.0,0.0,-0.0986,0.7609,0,0.0051,0.011,0.0018,1.3,0,209000,48,0,0.057
C-07437,0.0521,0.0,0.0,-0.0426,0.6134,0,0.0101,0.00601,-0.00319,3.1,1,7022000,51,0,0.078
C-07438,0.1441,0.0,0.0,-0.0017,0.1765,0,-0.0094,0.011,0.0018,1.7,0,59000,74,0,0.01
C-07439,0.0974,0.0,0.0,-0.0746,0.0,0,0.0452,0.00842,-0.00078,2.8,1,1365500,63,0,0.053
C-07440,0.2178,0.4348,0.0947,-0.2178,0.5652,1,0.0135,0.01087,0.00167,0.8,1,264000,27,0,0.034
C-07441,0.2845,0.4785,0.1362,-0.2732,0.5611,0,0.0324,0.00967,0.00047,1.4,0,532500,50,0,0.042
C-07442,0.0939,0.0,0.0,-0.0911,0.7697,0,-0.0155,0.00752,-0.00168,5.6,0,2567000,75,0,0.012
C-07443,0.0213,0.0,0.0,-0.0157,0.198,0,0.0271,0.00761,-0.00159,1.6,1,2369500,37,0,0.081
C-07444,0.1081,0.0,0.0,-0.0879,0.3114,0,0.0104,0.00931,0.00011,4.4,0,772500,71,0,0.066
C-07445,0.2762,0.4866,0.1344,-0.261,0.0613,0,0.0129,0.00982,0.00062,4.0,1,472500,38,1,0.728
C-07446,0.2401,0.2979,0.0715,-0.2156,0.6277,0,0.0047,0.0101,0.0009,0.5,0,391500,75,0,0.06
C-07447,0.1489,0.0,0.0,-0.1066,0.4474,0,-0.0112,0.00932,0.00012,1.4,0,765500,61,0,0.082
C-07448,0.1093,0.0,0.0,-0.0881,0.1946,0,0.0364,0.00924,4e-05,0.8,0,846000,56,0,0.077
C-07449,0.1478,0.0,0.0,-0.1478,0.4574,1,0.0359,0.01047,0.00127,3.5,1,318000,26,0,0.036
C-07450,0.0446,0.0,0.0,-0.0446,0.0,1,-0.0036,0.011,0.0018,9.7,1,78500,67,0,0.0
C-07451,0.0863,0.0,0.0,-0.0681,0.4802,0,-0.0085,0.0085,-0.0007,13,1,1315000,35,0,0.046
C-07452,0.1148,0.3542,0.0407,-0.023,0.3542,0,0.0081,0.011,0.0018,18.4,0,209000,62,1,0.295
C-07453,0.1083,0.0,0.0,-0.0599,0.4884,0,-0.0096,0.011,0.0018,7.2,0,198500,68,0,0.038
C-07454,0.433,0.5238,0.2268,-0.433,0.2857,1,0.0533,0.011,0.0018,1.3,1,48500,29,1,0.618
C-07455,0.4771,0.6213,0.2964,-0.4618,0.312,0,0.0502,0.01009,0.00089,25.2,0,393000,68,0,0.006
C-07456,0.1302,0.3788,0.0493,-0.0781,0.1515,0,0.0056,0.01097,0.00177,5.8,0,253500,47,0,0.048
C-07457,0.0829,0.0,0.0,-0.023,0.8641,0,0.0113,0.00951,0.00031,3.5,0,621000,38,0,0.079
C-07458,0.2313,0.3226,0.0746,-0.2313,0.129,1,0.0138,0.011,0.0018,1.0,0,67000,43,0,0.024
C-07459,0.1146,0.0,0.0,-0.0482,0.569,0,-0.0065,0.01097,0.00177,2.3,0,253000,42,0,0.059
C-07460,0.0857,0.0,0.0,-0.0857,0.0,1,0.0388,0.011,0.0018,14.3,0,52500,68,0,0.0
C-07461,0.1908,0.44,0.084,-0.1908,0.72,1,-0.013,0.011,0.0018,5.4,1,65500,32,0,0.083
C-07462,0.1773,0.0,0.0,-0.1773,0.4359,1,0.0397,0.011,0.0018,5.1,0,110000,55,1,0.05
C-07463,0.099,0.0,0.0,-0.0741,0.0777,0,0.0131,0.00789,-0.00131,7.2,0,1884500,63,0,0.096
C-07464,0.1004,0.0,0.0,0.1227,0.7407,0,0.0052,0.011,0.0018,1.6,1,134500,54,0,0.1
C-07465,0.0702,0.0,0.0,0.2667,0.25,0,0.0273,0.011,0.0018,8.0,0,57000,34,0,0.078
C-07466,0.0265,0.0,0.0,-0.018,0.5333,0,-0.0001,0.00924,4e-05,6.4,0,848000,72,0,0.035
C-07467,0.0632,0.0,0.0,-0.0632,0.2727,1,0.0053,0.011,0.0018,1.5,0,87000,37,0,0.029
C-07468,0.1,0.0,0.0,0.0091,0.8182,0,0.0101,0.011,0.0018,30,1,55000,61,0,0.0
C-07469,0.1579,0.0,0.0,-0.1579,0.3938,1,-0.0024,0.00952,0.00032,16.1,1,611000,74,0,0.023
C-07470,0.1343,0.0,0.0,-0.0395,0.3333,0,-0.0013,0.0096,0.0004,1.4,1,569500,44,0,0.076
C-07471,0.0484,0.0,0.0,-0.0454,0.6351,0,-0.015,0.00698,-0.00222,14.5,1,3595000,48,0,0.021
C-07472,0.3067,0.7391,0.2267,-0.3067,0.7391,1,0.0478,0.011,0.0018,18.3,0,112500,51,0,0.035
C-07473,0.1565,0.0,0.0,-0.145,0.4632,0,0.0041,0.00902,-0.00018,2.8,0,1041500,68,0,0.05
C-07474,0.131,0.0,0.0,-0.0167,0.5227,0,0.0072,0.011,0.0018,2.6,1,168000,46,0,0.042
C-07475,0.1283,0.0,0.0,-0.1283,0.2542,1,0.0035,0.011,0.0018,3.4,0,230000,74,0,0.036
C-07476,0.1783,0.0,0.0,-0.1783,0.6748,1,-0.0104,0.00928,8e-05,2.3,0,802000,62,0,0.028
C-07477,0.1039,0.0,0.0,-0.1039,0.5769,1,-0.002,0.01016,0.00096,18.5,0,375500,68,0,0.0
C-07478,0.0392,0.0,0.0,-0.0032,0.5,0,0.0003,0.00994,0.00074,24.7,0,433500,63,0,0.039
C-07479,0.067,0.0,0.0,-0.067,0.3667,1,0.0063,0.0099,0.0007,3,0,447500,25,0,0.009
C-07480,0.1434,0.0,0.0,-0.0844,0.5429,0,0.0255,0.011,0.0018,4.0,0,122000,65,0,0.05
C-07481,0.1802,0.0,0.0,-0.1802,0.4473,1,0.0384,0.00785,-0.00135,1.6,1,1948000,61,0,0.021
C-07482,0.203,0.4862,0.0987,-0.203,0.3761,1,0.0539,0.01083,0.00163,2.1,0,268500,68,0,0.0
C-07483,0.115,0.0,0.0,-0.1127,0.5798,0,-0.0046,0.00695,-0.00225,12.9,0,3653000,75,0,0.08
C-07484,0.1072,0.0,0.0,0.017,0.6897,0,-0.0012,0.01081,0.00161,8.9,0,270500,75,0,0.038
C-07485,0.1517,0.0,0.0,-0.1469,0.0736,0,-0.0057,0.00767,-0.00153,7.7,1,2238000,47,0,0.006
C-07486,0.0785,0.0,0.0,-0.0785,0.5217,1,-0.0094,0.01063,0.00143,4,0,293000,26,0,0.036
C-07487,0.1683,0.0,0.0,-0.1683,0.708,1,0.0163,0.01004,0.00084,6.7,0,407000,46,0,0.031
C-07488,0.2438,0.4958,0.1209,-0.2438,0.8755,1,0.0353,0.00914,-6e-05,2.4,0,972000,47,0,0.039
C-07489,0.0702,0.0,0.0,1.0667,0.625,0,0.0111,0.011,0.0018,3.9,1,57000,50,0,0.081
C-07490,0.1342,0.0,0.0,-0.1342,0.5664,1,0.004,0.00998,0.00078,8.3,0,421000,67,0,0.058
C-07491,0.2041,0.0,0.0,-0.2041,0.558,1,0.0477,0.01035,0.00115,6.1,0,338000,55,0,0.031
C-07492,0.0935,0.0,0.0,-0.081,0.5278,0,0.004,0.00915,-5e-05,3.9,0,962500,63,0,0.038
C-07493,0.0822,0.0,0.0,-0.0797,0.2006,0,0.012,0.00785,-0.00135,0.3,0,1940000,74,0,0.029
C-07494,0.1451,0.5077,0.0737,-0.0915,0.0,0,-0.0073,0.011,0.0018,2.0,0,224000,40,0,0.048
C-07495,0.0623,0.0,0.0,-0.0413,0.2188,0,-0.0128,0.00972,0.00052,0.6,0,513500,44,0,0.06
C-07496,0.1475,0.0,0.0,0.3246,0.5,0,-0.0118,0.011,0.0018,4.3,1,61000,48,0,0.021
C-07497,0.2881,0.4606,0.1327,-0.2881,0.0906,1,0.0329,0.00875,-0.00045,2.5,0,1168000,55,1,0.424
C-07498,0.0907,0.0,0.0,-0.0699,0.3652,0,0.003,0.00914,-6e-05,4.3,0,981500,36,0,0.031
C-07499,0.1168,0.6133,0.0716,-0.113,0.6133,0,0.0343,0.00741,-0.00179,1.1,1,2890000,33,0,0.072
C-07500,0.1158,0.0,0.0,-0.1158,0.0,1,0.0078,0.011,0.0018,9.2,0,47500,71,0,0.0
C-07501,0.1285,0.0,0.0,-0.1285,0.7812,1,0.0442,0.011,0.0018,1.2,0,124500,46,1,0.176
C-07502,0.0847,0.0,0.0,-0.0695,0.6866,0,0.0308,0.01008,0.00088,4.1,0,395500,40,0,0.034
C-07503,0.0998,0.0,0.0,-0.0942,0.7784,0,-0.0005,0.00615,-0.00305,14,0,6169500,36,0,0.082
C-07504,0.0849,0.0,0.0,-0.0799,0.0,0,-0.0065,0.00715,-0.00205,2.6,0,3320000,73,0,0.077
C-07505,0.0673,0.0,0.0,-0.0531,0.1456,0,-0.0155,0.00785,-0.00135,4.3,0,1938000,55,0,0.048
C-07506,0.1773,0.2402,0.0426,-0.1605,0.3976,0,-0.0097,0.00937,0.00017,1.0,1,716500,47,0,0.031
C-07507,0.1486,0.4792,0.0712,-0.0074,0.8542,0,0.0024,0.011,0.0018,1.6,0,161500,54,0,0.07
C-07508,0.1553,0.0,0.0,-0.1438,0.5374,0,0.0201,0.00935,0.00015,4.2,0,731000,67,0,0.012
C-07509,0.1845,0.7097,0.131,-0.1845,0.2581,1,0.0118,0.011,0.0018,5.3,1,84000,50,0,0.059
C-07510,0.1637,0.0,0.0,-0.1637,0.2108,1,0.0072,0.00961,0.00041,5.6,0,565000,67,0,0.0
C-07511,0.091,0.5504,0.0501,-0.0809,0.4496,0,-0.0139,0.00851,-0.00069,4.3,0,1307000,50,0,0.042
C-07512,0.222,0.1068,0.0237,-0.1961,0.3981,0,-0.0095,0.011,0.0018,9.9,1,232000,47,0,0.083
C-07513,0.0511,0.0,0.0,-0.0408,0.2035,0,0.0473,0.00606,-0.00314,0.5,0,6729000,50,0,0.047
C-07514,0.1382,0.0,0.0,-0.1339,0.2996,0,-0.0054,0.00926,6e-05,1.3,0,821000,58,0,0.021
C-07515,0.057,0.0,0.0,-0.0236,0.0,0,0.0272,0.01024,0.00104,10,0,359500,32,0,0.096
C-07516,0.0273,0.0,0.0,0.0263,1.0,0,-0.0023,0.00953,0.00033,6.3,0,604500,58,0,0.067
C-07517,0.1579,0.0,0.0,-0.0442,0.3333,0,0.0065,0.011,0.0018,4,0,95000,26,0,0.045
C-07518,0.1774,0.0,0.0,-0.0226,0.6818,0,-0.0242,0.011,0.0018,0.3,0,62000,69,0,0.026
C-07519,0.17,0.7394,0.1257,-0.17,0.0,1,0.0474,0.00887,-0.00033,1.4,0,1106000,57,1,0.433
C-07520,0.1757,0.5385,0.0946,-0.0978,0.0,0,0.004,0.011,0.0018,4.3,0,185000,74,0,0.062
C-07521,0.0763,0.0,0.0,0.0702,0.5,0,-0.003,0.011,0.0018,3.5,0,65500,45,0,0.011
C-07522,0.1215,0.0,0.0,-0.1098,0.4582,0,-0.0126,0.00757,-0.00163,4.1,0,2460500,55,0,0.025
C-07523,0.0914,0.0,0.0,-0.0037,0.7143,0,-0.0096,0.011,0.0018,1.8,0,191500,52,0,0.064
C-07524,0.0619,0.0,0.0,-0.0479,1.0,0,0.0084,0.00916,-4e-05,2.0,0,945000,72,0,0.036
C-07525,0.1612,0.0,0.0,-0.1483,0.0866,0,0.0288,0.00763,-0.00157,7.5,1,2329000,44,0,0.0
C-07526,0.103,0.0,0.0,-0.103,0.4412,1,0.0472,0.011,0.0018,1.9,0,165000,41,0,0.042
C-07527,0.178,0.0,0.0,-0.178,0.2945,1,0.0498,0.00829,-0.00091,3.9,0,1469500,63,0,0.0
C-07528,0.0984,0.0,0.0,-0.0869,0.2538,0,-0.001,0.00782,-0.00138,10,0,1981500,32,0,0.029
C-07529,0.1579,0.6839,0.108,-0.1579,1.0,1,0.0497,0.00741,-0.00179,14,0,2875500,36,0,0.0
C-07530,0.171,0.0,0.0,0.0629,0.4731,0,-0.0111,0.0108,0.0016,8.9,0,272000,53,0,0.087
C-07531,0.1223,0.0,0.0,-0.0614,0.2264,0,-0.012,0.00994,0.00074,6.2,0,433500,53,0,0.0
C-07532,0.1199,0.0,0.0,-0.0965,0.0,0,0.0059,0.00972,0.00052,1.6,1,513000,70,0,0.07
C-07533,0.224,0.6812,0.1526,-0.224,0.029,1,0.0324,0.011,0.0018,5.0,0,154000,30,0,0.054
C-07534,0.2,0.3158,0.0632,0.0021,0.6316,0,0.0065,0.011,0.0018,0.6,0,47500,29,0,0.061
C-07535,0.1294,0.5962,0.0771,0.1453,0.9231,0,0.0297,0.011,0.0018,0.3,0,201000,41,1,0.578
C-07536,0.2258,0.0,0.0,-0.22,0.2788,0,0.013,0.00778,-0.00142,11.1,0,2057000,50,0,0.063
C-07537,0.0413,0.0,0.0,-0.0413,1.0,1,0.0353,0.01085,0.00165,9.3,0,266500,59,0,0.033
C-07538,0.1541,0.4667,0.0719,0.0349,0.4667,0,-0.001,0.011,0.0018,2.0,0,146000,45,0,0.037
C-07539,0.2659,0.5479,0.1457,-0.2179,0.4315,0,0.045,0.01078,0.00158,0.3,0,274500,61,0,0.036
C-07540,0.0727,0.0,0.0,-0.0608,0.4318,0,0.0272,0.01057,0.00137,10.9,0,302500,42,0,0.027
C-07541,0.1426,0.0,0.0,-0.0931,0.3253,0,0.004,0.01065,0.00145,2.9,0,291000,55,0,0.0
C-07542,0.2648,0.4279,0.1133,-0.2458,0.0597,0,0.0376,0.01015,0.00095,3.8,1,379500,69,1,0.677
C-07543,0.1818,0.0,0.0,-0.0687,0.8148,0,-0.0017,0.0099,0.0007,5.2,0,445500,42,0,0.079
C-07544,0.2229,0.3733,0.0832,-0.2229,0.6533,1,0.0478,0.01036,0.00116,7.4,1,336500,33,0,0.0
C-07545,0.3512,0.6667,0.2342,-0.3512,0.1215,1,0.0524,0.00931,0.00011,1.2,1,773000,37,1,0.563
C-07546,0.0165,0.0,0.0,0.0062,0.0,0,-0.0207,0.00811,-0.00109,4.2,0,1633000,50,0,0.067
C-07547,0.1235,0.3548,0.0438,-0.1235,0.6774,1,0.0009,0.011,0.0018,10.0,0,125500,73,0,0.078
C-07548,0.1971,0.4698,0.0926,-0.1502,0.181,0,0.0154,0.00956,0.00036,14.2,0,588500,55,0,0.022
C-07549,0.1477,0.0,0.0,-0.1477,0.5965,1,0.0333,0.011,0.0018,4,0,193000,26,0,0.067
C-07550,0.0549,0.0,0.0,0.022,0.1111,0,0.0143,0.011,0.0018,5.6,1,82000,55,0,0.036
C-07551,0.1516,0.2319,0.0352,-0.1147,0.2174,0,-0.0029,0.011,0.0018,6.7,0,227500,75,0,0.067
C-07552,0.0886,0.0,0.0,-0.0886,0.2069,1,0.0149,0.00926,6e-05,1.4,0,818500,68,0,0.045
C-07553,0.0524,0.0,0.0,-0.0021,0.6,0,0.01,0.011,0.0018,3.9,1,95500,72,0,0.078
C-07554,0.1053,0.0,0.0,-0.0115,0.5323,0,-0.0071,0.01062,0.00142,10.6,1,294500,45,0,0.032
C-07555,0.2737,0.3462,0.0947,-0.2737,0.6538,1,-0.0053,0.011,0.0018,1.9,1,47500,25,1,0.54
C-07556,0.059,0.0,0.0,-0.0132,0.0,0,0.0193,0.01067,0.00147,12.1,0,288000,64,0,0.052
C-07557,0.2158,0.4205,0.0907,-0.1921,0.649,0,0.0444,0.00857,-0.00063,2.4,0,1267500,52,0,0.029
C-07558,0.0914,0.0,0.0,-0.0797,0.5914,0,0.0075,0.00809,-0.00111,11.3,0,1646500,60,0,0.05
C-07559,0.0793,0.2903,0.023,-0.0621,0.4258,0,-0.006,0.00914,-6e-05,3.3,1,977000,58,0,0.105
C-07560,0.1091,0.0,0.0,-0.0959,0.1978,0,0.0139,0.00856,-0.00064,0.6,1,1274500,59,0,0.02
C-07561,0.1074,0.0,0.0,-0.1074,0.3226,1,0.0445,0.00958,0.00038,6.4,0,577500,59,0,0.05
C-07562,0.153,0.0,0.0,-0.153,0.4247,1,0.0263,0.011,0.0018,1.4,0,238500,63,0,0.041
C-07563,0.2796,0.4005,0.112,-0.2661,0.6121,0,0.0177,0.00835,-0.00085,5.1,1,1420000,64,1,0.456
C-07564,0.1181,0.5303,0.0626,-0.0365,0.1667,0,0.0113,0.01074,0.00154,0.7,0,279500,31,0,0.024
C-07565,0.1291,0.313,0.0404,-0.0108,0.313,0,0.0034,0.00973,0.00053,3.1,1,507500,63,0,0.054
C-07566,0.1872,0.0,0.0,-0.1268,0.4328,0,0.0036,0.011,0.0018,5.1,1,179000,39,0,0.02
C-07567,0.1735,0.0,0.0,-0.1699,0.2313,0,0.0159,0.00611,-0.00309,13.7,0,6393500,72,0,0.0
C-07568,0.1558,0.0,0.0,-0.1072,0.57,0,-0.006,0.01045,0.00125,3.6,1,321000,58,0,0.079
C-07569,0.0935,0.0,0.0,-0.0935,1.0,1,-0.0028,0.0093,0.0001,11.9,0,781000,39,0,0.039
C-07570,0.2002,0.5953,0.1192,-0.1721,0.0973,0,0.0454,0.00947,0.00027,10.0,0,642000,39,0,0.031
C-07571,0.1278,0.0,0.0,-0.1212,1.0,0,-0.0193,0.00631,-0.00289,2.1,0,5431000,46,0,0.039
C-07572,0.1626,0.3475,0.0565,-0.1326,0.5995,0,-0.003,0.00876,-0.00044,7.7,0,1159000,55,0,0.04
C-07573,0.0954,0.0,0.0,-0.0558,0.3077,0,0.0016,0.01079,0.00159,1.7,1,272500,52,0,0.061
C-07574,0.0298,0.0,0.0,-0.0298,0.6,1,-0.0109,0.011,0.0018,3.1,0,84000,44,0,0.125
C-07575,0.1992,0.6142,0.1223,-0.1992,0.0584,1,0.0417,0.00913,-7e-05,1.8,1,989000,51,0,0.036
C-07576,0.0875,0.0,0.0,0.1574,0.6,0,0.0092,0.011,0.0018,21,1,171500,43,1,0.05
C-07577,0.3171,0.6769,0.2146,-0.2644,0.1077,0,0.0317,0.011,0.0018,4.3,0,102500,34,0,0.036
C-07578,0.0456,0.0,0.0,0.057,1.0,0,-0.0183,0.011,0.0018,20.6,0,175500,54,0,0.06
C-07579,0.1092,0.0,0.0,-0.0549,0.4146,0,0.0044,0.01016,0.00096,1.9,0,375500,61,0,0.027
C-07580,0.4471,0.8553,0.3824,-0.4,0.7895,0,0.0529,0.011,0.0018,5.9,1,85000,51,1,0.857
C-07581,0.1453,0.0,0.0,-0.1388,0.3525,0,-0.0029,0.00779,-0.00141,2.4,0,2030500,55,0,0.055
C-07582,0.0776,0.0,0.0,-0.0776,0.4219,1,0.053,0.01002,0.00082,13.9,0,412500,47,1,0.266
C-07583,0.0902,0.0,0.0,-0.0902,0.3478,1,-0.0044,0.011,0.0018,5.5,1,127500,49,1,0.05
C-07584,0.2963,0.2333,0.0691,-0.2489,0.1,0,-0.0051,0.011,0.0018,2.2,0,202500,67,0,0.036
C-07585,0.2681,0.2558,0.0686,-0.2022,0.186,0,0.0294,0.01006,0.00086,6.9,0,401000,36,0,0.055
C-07586,0.0921,0.0,0.0,-0.0837,0.8159,0,0.0401,0.00852,-0.00068,10,1,1297000,32,0,0.014
C-07587,0.1603,0.0,0.0,-0.1368,0.4032,0,0.0025,0.00747,-0.00173,6.4,0,2707000,55,0,0.061
C-07588,0.1681,0.1513,0.0254,-0.1545,0.2521,0,0.0131,0.01027,0.00107,9.9,0,354000,74,0,0.0
C-07589,0.067,0.0,0.0,-0.067,0.3944,1,0.0527,0.00774,-0.00146,22,0,2118000,44,0,0.031
C-07590,0.0997,0.0,0.0,-0.01,0.1875,0,0.018,0.011,0.0018,0.3,0,160500,43,0,0.038
C-07591,0.1074,0.0,0.0,-0.1074,0.2157,1,-0.0176,0.011,0.0018,4.9,0,237500,48,0,0.037
C-07592,0.0849,0.0,0.0,0.1189,0.0,0,-0.0175,0.011,0.0018,4,0,53000,26,0,0.002
C-07593,0.1098,0.0,0.0,-0.1098,0.4231,1,0.0303,0.00925,5e-05,16,1,828500,38,0,0.023
C-07594,0.1093,0.0,0.0,-0.0897,0.7313,0,0.0048,0.01054,0.00134,3.3,0,306500,72,0,0.0
C-07595,0.0741,0.0,0.0,-0.0487,0.873,0,0.0129,0.00997,0.00077,29.1,0,425000,70,0,0.04
C-07596,0.0855,0.0,0.0,-0.0855,0.5,1,-0.0063,0.011,0.0018,3.4,0,152000,39,1,0.322
C-07597,0.0958,0.0,0.0,-0.0958,0.0,1,0.0072,0.00895,-0.00025,5.6,1,1069500,52,0,0.076
C-07598,0.1008,0.4667,0.047,0.0863,0.48,0,0.007,0.01018,0.00098,4.5,1,372000,62,0,0.073
C-07599,0.1074,0.0,0.0,0.0182,0.3077,0,-0.0089,0.01022,0.00102,1.7,0,363000,42,0,0.047
C-07600,0.2003,0.6086,0.1219,-0.2003,0.3914,1,0.0264,0.00847,-0.00073,5.7,1,1333000,51,0,0.028
C-07601,0.1753,0.0,0.0,-0.0989,0.8077,0,0.0404,0.011,0.0018,4.8,0,222500,39,0,0.059
C-07602,0.1224,0.0,0.0,-0.1224,0.3962,1,0.046,0.011,0.0018,4.2,0,216500,60,0,0.022
C-07603,0.0387,0.0,0.0,0.0144,0.4286,0,-0.013,0.011,0.0018,6.2,0,90500,67,0,0.039
C-07604,0.1812,0.0,0.0,-0.0846,0.0,0,-0.016,0.011,0.0018,14.5,0,74500,50,1,0.422
C-07605,0.0647,0.0,0.0,-0.0647,0.4571,1,-0.0002,0.00927,7e-05,3.1,0,812000,38,0,0.0
C-07606,0.1987,0.0,0.0,-0.1653,0.5391,0,0.0021,0.00952,0.00032,3,0,611500,25,0,0.085
C-07607,0.0967,0.0,0.0,-0.0761,0.0,0,0.026,0.00945,0.00025,19.0,1,657000,51,0,0.053
C-07608,0.0991,0.0,0.0,-0.0012,0.0882,0,-0.006,0.011,0.0018,0.4,0,171500,33,0,0.037
C-07609,0.0783,0.3704,0.029,0.0539,0.0,0,0.0079,0.011,0.0018,1.2,0,172500,57,0,0.055
C-07610,0.1892,0.4369,0.0826,-0.1892,0.1365,1,0.0187,0.00931,0.00011,1.1,0,774500,26,0,0.021
C-07611,0.0484,0.0,0.0,0.4935,0.0,0,0.0351,0.011,0.0018,3.0,0,62000,41,0,0.032
C-07612,0.1003,0.6022,0.0604,-0.1003,0.7097,1,0.0012,0.00985,0.00065,2.2,0,463500,72,0,0.0
C-07613,0.0927,0.0,0.0,-0.055,0.2411,0,0.0066,0.00953,0.00033,6.0,1,604000,64,0,0.08
C-07614,0.1041,0.354,0.0369,-0.0842,0.0619,0,0.0063,0.00965,0.00045,2.4,1,542500,73,0,0.036
C-07615,0.1667,0.0,0.0,-0.1667,0.625,1,0.0037,0.011,0.0018,3.7,0,120000,26,0,0.005
C-07616,0.2408,0.5424,0.1306,-0.2408,0.2373,1,0.0485,0.011,0.0018,4.1,0,122500,66,0,0.001
C-07617,0.0703,0.0,0.0,-0.045,0.8667,0,0.0,0.00996,0.00076,7.0,0,427000,40,0,0.044
C-07618,0.1771,0.5294,0.0938,-0.1771,1.0,1,0.0478,0.011,0.0018,1.1,0,48000,28,0,0.002
C-07619,0.1013,0.0,0.0,-0.0882,0.491,0,-0.0058,0.00926,6e-05,3.0,0,824500,50,0,0.038
C-07620,0.1562,0.6,0.0938,-0.1562,0.8,1,0.0113,0.011,0.0018,4,0,48000,26,1,0.64
C-07621,0.0807,0.0,0.0,-0.0133,0.1739,0,-0.0017,0.011,0.0018,0.7,0,142500,74,0,0.008
C-07622,0.0734,0.0,0.0,-0.0358,0.4831,0,0.0118,0.00953,0.00033,5.2,0,606500,45,0,0.039
C-07623,0.236,0.6842,0.1615,-0.236,0.0789,1,0.0523,0.011,0.0018,2.8,0,80500,29,1,0.348
C-07624,0.0617,0.0,0.0,-0.0617,0.0,1,-0.0069,0.00983,0.00063,0.3,1,470000,36,0,0.045
C-07625,0.1026,0.0,0.0,-0.0913,0.6149,0,-0.0044,0.00924,4e-05,5.8,1,848000,64,0,0.036
C-07626,0.1939,0.7073,0.1371,-0.1258,0.9634,0,0.0224,0.011,0.0018,0.3,0,211500,60,1,0.561
C-07627,0.0565,0.0,0.0,-0.0565,0.5874,1,0.0336,0.00858,-0.00062,8.6,0,1265000,63,0,0.024
C-07628,0.0961,0.0,0.0,0.0402,0.3182,0,-0.0087,0.011,0.0018,6.6,0,114500,40,0,0.081
C-07629,0.2784,0.7037,0.1959,-0.2784,0.1852,1,0.053,0.011,0.0018,0.4,0,48500,27,1,0.398
C-07630,0.0751,0.0,0.0,-0.0688,0.4646,0,0.0323,0.00849,-0.00071,0.4,0,1317500,62,0,0.025
C-07631,0.1599,0.0,0.0,-0.1599,0.5275,1,0.0118,0.0107,0.0015,4.3,0,284500,54,0,0.014
C-07632,0.0787,0.0,0.0,-0.0157,0.5238,0,-0.0171,0.011,0.0018,1.3,1,133500,39,1,0.257
C-07633,0.2468,0.4035,0.0996,-0.2468,0.2281,1,0.008,0.011,0.0018,4,0,115500,26,1,0.582
C-07634,0.0968,0.0,0.0,-0.0968,0.6667,1,0.0121,0.011,0.0018,0.3,0,46500,26,0,0.078
C-07635,0.063,0.0,0.0,-0.0512,0.6883,0,0.0261,0.00952,0.00032,4.2,0,611000,36,0,0.033
C-07636,0.1027,0.3443,0.0354,-0.1027,0.623,1,0.0003,0.0106,0.0014,6.1,0,297000,35,0,0.022
C-07637,0.1263,0.3918,0.0495,-0.1263,0.193,1,0.0015,0.00942,0.00022,1.9,0,677000,44,0,0.007
C-07638,0.1381,0.0,0.0,0.1248,0.3103,0,-0.0047,0.011,0.0018,8.7,0,105000,40,0,0.0
C-07639,0.1548,0.3543,0.0548,-0.1464,0.417,0,0.0036,0.00937,0.00017,6.8,0,720500,60,0,0.122
C-07640,0.1609,0.0,0.0,-0.1609,0.381,1,0.0104,0.011,0.0018,15.2,0,130500,56,0,0.113
C-07641,0.2688,0.5605,0.1507,-0.2688,0.4013,1,0.0393,0.01064,0.00144,5.8,0,292000,31,0,0.036
C-07642,0.1365,0.0,0.0,-0.1255,0.087,0,0.0339,0.00932,0.00012,2.8,0,758000,51,1,0.34
C-07643,0.0521,0.0,0.0,0.1071,0.6364,0,-0.015,0.011,0.0018,4,0,105500,26,0,0.018
C-07644,0.1441,0.25,0.036,-0.1441,0.0625,1,0.0038,0.011,0.0018,2.3,0,55500,36,0,0.0
C-07645,0.0708,0.0,0.0,-0.0447,0.5385,0,-0.0149,0.0091,-0.0001,0.4,0,1009500,43,0,0.0
C-07646,0.0605,0.0,0.0,0.0156,1.0,0,-0.0214,0.011,0.0018,5.5,0,173500,32,0,0.048
C-07647,0.2851,0.35,0.0998,-0.1629,0.0429,0,-0.0122,0.011,0.0018,9.9,1,245500,46,1,0.305
C-07648,0.3333,0.8065,0.2688,-0.3333,0.3871,1,0.0473,0.011,0.0018,19.6,0,46500,72,0,0.113
C-07649,0.1238,0.0,0.0,-0.1044,0.5148,0,-0.0009,0.00746,-0.00174,6.7,0,2723000,37,0,0.041
C-07650,0.0976,0.0,0.0,0.078,0.5,0,-0.0094,0.011,0.0018,4.0,1,61500,34,0,0.02
C-07651,0.1202,0.0,0.0,-0.1202,0.5909,1,-0.0109,0.011,0.0018,1.9,0,91500,29,0,0.066
C-07652,0.123,0.0,0.0,-0.123,0.7391,1,0.0487,0.01017,0.00097,12.4,0,374000,57,1,0.05
C-07653,0.1546,0.5333,0.0825,-0.1546,0.7333,1,0.009,0.011,0.0018,0.6,0,48500,25,0,0.029
C-07654,0.0885,0.0,0.0,-0.0354,0.3594,0,0.0052,0.01023,0.00103,9.1,0,361500,35,0,0.045
C-07655,0.0721,0.0,0.0,0.0029,0.1667,0,-0.006,0.011,0.0018,1.9,0,208000,45,0,0.039
C-07656,0.0407,0.0,0.0,0.0081,0.2,0,-0.0176,0.011,0.0018,1.6,0,123000,57,0,0.047
C-07657,0.0638,0.0,0.0,0.1064,0.0,0,0.0042,0.011,0.0018,3.0,1,70500,43,0,0.001
C-07658,0.1835,0.45,0.0826,0.0183,0.45,0,0.0323,0.011,0.0018,14.9,1,54500,41,0,0.0
C-07659,0.1076,0.2128,0.0229,-0.1076,0.4894,1,0.005,0.011,0.0018,7,1,218500,29,0,0.06
C-07660,0.0913,0.0,0.0,-0.0078,0.0,0,0.0199,0.011,0.0018,4.3,0,115000,61,0,0.0
C-07661,0.5092,0.6619,0.337,-0.4608,0.1978,0,0.0504,0.01079,0.00159,10.2,1,273000,50,0,0.018
C-07662,0.1322,0.0,0.0,-0.038,0.1406,0,-0.0202,0.011,0.0018,1.5,0,242000,42,0,0.0
C-07663,0.0474,0.0,0.0,0.0232,1.0,0,0.006,0.01054,0.00134,5.0,0,306000,69,0,0.062
C-07664,0.129,0.25,0.0323,0.0258,1.0,0,-0.0061,0.011,0.0018,5,0,62000,27,0,0.018
C-07665,0.032,0.0,0.0,0.2944,0.75,0,-0.0046,0.011,0.0018,2.4,0,62500,26,0,0.053
C-07666,0.0431,0.0,0.0,-0.0431,0.7,1,0.0156,0.011,0.0018,12,0,116000,34,0,0.017
C-07667,0.0972,0.0,0.0,-0.0316,0.375,0,0.0394,0.011,0.0018,6.4,0,123500,44,0,0.023
C-07668,0.1263,0.32,0.0404,-0.0657,0.12,0,-0.0084,0.011,0.0018,2.5,0,99000,60,0,0.051
C-07669,0.1861,0.0,0.0,-0.1683,0.5655,0,-0.0043,0.00789,-0.00131,9.2,0,1886000,52,0,0.02
C-07670,0.0469,0.0,0.0,0.0189,1.0,0,-0.0007,0.0094,0.0002,9.4,1,693500,59,0,0.05
C-07671,0.0333,0.0,0.0,-0.0333,0.5,1,0.0066,0.01058,0.00138,3.1,0,300500,47,0,0.045
C-07672,0.169,0.374,0.0632,-0.169,0.4797,1,0.0051,0.01022,0.00102,3.2,1,364000,35,1,0.249
C-07673,0.0918,0.0,0.0,-0.0371,1.0,0,-0.0034,0.00934,0.00014,1.2,0,746000,70,0,0.086
C-07674,0.0764,0.0,0.0,-0.0658,0.9419,0,0.0012,0.00961,0.00041,1.6,1,562500,68,0,0.04
C-07675,0.1483,0.0,0.0,-0.127,0.2471,0,0.0089,0.00761,-0.00159,1.0,0,2359500,52,0,0.002
C-07676,0.1579,0.2,0.0316,-0.1579,0.3333,1,0.0107,0.011,0.0018,2.1,1,47500,27,0,0.045
C-07677,0.1835,0.0,0.0,-0.1783,0.1627,0,0.006,0.00918,-2e-05,3.2,0,921000,75,0,0.014
C-07678,0.0337,0.0,0.0,-0.0043,0.5455,0,-0.0035,0.011,0.0018,0.9,0,163000,36,0,0.076
C-07679,0.075,0.0,0.0,-0.075,0.8302,1,0.0482,0.00799,-0.00121,13.6,0,1765500,64,0,0.067
C-07680,0.0408,0.0,0.0,-0.0205,0.0,0,-0.003,0.00916,-4e-05,19.3,0,943500,65,0,0.067
C-07681,0.1507,0.0,0.0,0.114,0.6829,0,0.0239,0.011,0.0018,7.6,0,136000,35,0,0.022
C-07682,0.07,0.0,0.0,-0.07,0.625,1,0.0251,0.00834,-0.00086,20.7,1,1428500,50,0,0.035
C-07683,0.0979,0.0,0.0,-0.0765,0.3706,0,0.0412,0.00936,0.00016,2.2,0,730500,51,0,0.089
C-07684,0.1243,0.0,0.0,0.1092,0.4348,0,-0.0009,0.011,0.0018,10.4,0,92500,48,0,0.028
C-07685,0.1064,0.0,0.0,0.0045,0.7763,0,-0.0048,0.01025,0.00105,2.4,0,357000,50,0,0.021
C-07686,0.1139,0.0,0.0,-0.1139,0.4138,1,0.0099,0.01014,0.00094,6.5,0,382000,70,0,0.069
C-07687,0.1681,0.0,0.0,-0.1681,0.6544,1,0.0017,0.00812,-0.00108,14.1,0,1618000,75,0,0.015
C-07688,0.2151,0.3377,0.0726,-0.2151,0.2597,1,-0.0012,0.011,0.0018,0.4,0,179000,39,1,0.687
C-07689,0.0321,0.0,0.0,0.0119,0.4286,0,-0.0054,0.011,0.0018,0.3,0,109000,47,0,0.011
C-07690,0.1882,0.0,0.0,-0.1727,0.5115,0,0.0115,0.0094,0.0002,1.4,0,696000,73,0,0.104
C-07691,0.0861,0.0,0.0,-0.0232,0.0,0,0.0308,0.011,0.0018,8,0,133500,30,1,0.48
C-07692,0.1231,0.0,0.0,-0.1231,0.7321,1,0.0525,0.00987,0.00067,5.4,1,455000,75,0,0.025
C-07693,0.0464,0.0,0.0,-0.0424,0.5929,0,0.0059,0.00865,-0.00055,6.7,0,1218500,73,0,0.033
C-07694,0.1978,0.0,0.0,-0.1879,0.7153,0,0.0042,0.01022,0.00102,9.8,0,364000,75,0,0.037
C-07695,0.1022,0.0,0.0,-0.092,0.2604,0,0.0047,0.00983,0.00063,1.7,0,469500,68,0,0.037
C-07696,0.072,0.0,0.0,0.0336,0.6111,0,-0.001,0.011,0.0018,1.9,0,125000,52,0,0.017
C-07697,0.0638,0.0,0.0,0.0638,0.5,0,0.048,0.011,0.0018,18.1,1,47000,67,0,0.055
C-07698,0.1771,0.0,0.0,-0.136,0.271,0,-0.0012,0.00993,0.00073,7.1,0,437500,43,0,0.05
C-07699,0.2688,0.48,0.129,0.1441,0.24,0,0.0168,0.011,0.0018,3.4,0,46500,70,0,0.054
C-07700,0.1834,0.0,0.0,-0.1834,0.1151,1,-0.0226,0.01015,0.00095,0.3,1,379000,42,0,0.068
C-07701,0.2163,0.0,0.0,-0.1698,0.5552,0,0.0059,0.00931,0.00011,11.2,1,774500,48,0,0.062
C-07702,0.1114,0.0,0.0,-0.0962,0.2237,0,0.0001,0.00745,-0.00175,20.5,1,2770500,55,0,0.0
C-07703,0.0851,0.0,0.0,-0.0851,1.0,1,0.009,0.011,0.0018,11.7,1,47000,38,0,0.069
C-07704,0.1255,0.0,0.0,-0.0924,0.2646,0,0.0103,0.00876,-0.00044,4.0,1,1159000,58,1,0.263
C-07705,0.114,0.0,0.0,0.2228,0.6923,0,-0.0104,0.011,0.0018,0.7,0,57000,38,0,0.066
C-07706,0.0709,0.0,0.0,-0.0507,0.3267,0,-0.0191,0.00938,0.00018,1.7,0,712000,58,0,0.038
C-07707,0.1288,0.0,0.0,-0.1288,0.375,1,0.0056,0.011,0.0018,4.6,0,248500,27,0,0.044
C-07708,0.1278,0.0,0.0,-0.1278,0.7899,1,0.0091,0.00797,-0.00123,22.0,1,1788500,63,0,0.037
C-07709,0.1053,0.0,0.0,-0.0547,0.3,0,0.0017,0.011,0.0018,11.9,1,47500,70,0,0.09
C-07710,0.0517,0.0,0.0,0.0264,0.7407,0,-0.0077,0.01089,0.00169,3.5,0,261000,51,0,0.06
C-07711,0.1911,0.2,0.0382,-0.1911,0.4667,1,0.0435,0.011,0.0018,2.6,0,78500,46,0,0.039
C-07712,0.2154,0.0,0.0,-0.1369,0.1518,0,0.0017,0.0109,0.0017,3.7,0,260000,33,0,0.096
C-07713,0.11,0.0,0.0,-0.0912,0.7321,0,0.0166,0.01096,0.00176,1.4,1,254500,31,0,0.019
C-07714,0.0728,0.0,0.0,-0.0492,0.1351,0,0.0009,0.01096,0.00176,0.3,1,254000,51,0,0.003
C-07715,0.1146,0.5455,0.0625,0.2854,0.4545,0,0.0031,0.011,0.0018,3.1,1,48000,34,0,0.038
C-07716,0.291,0.4713,0.1371,-0.1946,0.1379,0,0.0207,0.011,0.0018,2.6,0,149500,36,0,0.087
C-07717,0.0949,0.0,0.0,-0.0791,0.9109,0,-0.0035,0.00897,-0.00023,4.4,1,1064000,33,0,0.041
C-07718,0.1534,0.0,0.0,-0.1294,0.7302,0,0.0086,0.00939,0.00019,3.9,0,701000,64,0,0.084
C-07719,0.0978,0.0,0.0,-0.0509,0.325,0,0.0297,0.011,0.0018,11.2,0,204500,38,0,0.052
C-07720,0.1441,0.7262,0.1046,-0.0494,0.8036,0,0.0222,0.00957,0.00037,15.6,0,583000,41,0,0.062
C-07721,0.0707,0.0,0.0,0.1232,1.0,0,-0.0083,0.011,0.0018,7.4,1,99000,36,0,0.051
C-07722,0.1581,0.0,0.0,-0.1325,0.8064,0,0.0027,0.00797,-0.00123,8.8,0,1780000,39,0,0.035
C-07723,0.0912,0.0,0.0,-0.0912,0.3276,1,0.0001,0.01047,0.00127,8.0,1,318000,74,0,0.011
C-07724,0.1399,0.3,0.042,0.0615,0.4,0,0.007,0.011,0.0018,1.1,0,71500,32,0,0.023
C-07725,0.1398,0.9231,0.129,-0.1398,0.0769,1,-0.0031,0.011,0.0018,0.8,1,46500,37,1,0.672
C-07726,0.1818,0.0,0.0,0.0492,0.4118,0,0.0048,0.011,0.0018,2.2,0,187000,47,0,0.03
C-07727,0.0597,0.0,0.0,0.0082,0.4737,0,-0.0034,0.011,0.0018,7,1,159000,29,1,0.05
C-07728,0.0515,0.0,0.0,0.1216,0.2,0,-0.0031,0.011,0.0018,2.5,0,48500,62,0,0.03
C-07729,0.171,0.6374,0.109,-0.1502,0.0,0,0.0515,0.00975,0.00055,3.6,0,500000,53,1,0.885
C-07730,0.1516,0.0,0.0,-0.1516,0.434,1,0.041,0.00864,-0.00056,4.5,0,1224000,39,1,0.798
C-07731,0.318,0.5697,0.1812,-0.318,0.796,1,0.04,0.00949,0.00029,1.2,0,632000,62,1,0.68
C-07732,0.1194,0.0,0.0,-0.0684,0.3556,0,-0.021,0.011,0.0018,1.8,0,188500,47,0,0.044
C-07733,0.1547,0.0,0.0,-0.1503,0.3612,0,0.0039,0.00788,-0.00132,2.8,0,1897500,74,0,0.0
C-07734,0.07,0.0,0.0,-0.0603,0.1557,0,0.0085,0.00922,2e-05,0.3,0,872000,33,0,0.027
C-07735,0.1688,0.0,0.0,-0.1495,0.3968,0,0.0035,0.00851,-0.00069,13.2,0,1306000,42,0,0.032
C-07736,0.1398,0.0,0.0,-0.1209,0.0915,0,-0.0003,0.00973,0.00053,26.0,0,508000,56,1,0.05
C-07737,0.1634,0.0,0.0,-0.1634,0.14,1,0.0291,0.01054,0.00134,1.1,0,306000,75,0,0.028
C-07738,0.4716,0.6988,0.3295,-0.3898,0.7711,0,0.0464,0.011,0.0018,8.1,0,88000,55,1,0.885
C-07739,0.1505,0.0,0.0,0.0301,0.3571,0,-0.0021,0.011,0.0018,0.5,0,46500,46,0,0.106
C-07740,0.1671,0.0,0.0,-0.1514,0.3711,0,0.0098,0.00932,0.00012,6.9,1,766000,62,0,0.068
C-07741,0.1684,0.5625,0.0947,0.0084,0.75,0,0.0468,0.011,0.0018,5,0,47500,27,0,0.082
C-07742,0.1644,0.2466,0.0405,-0.1428,0.4658,0,-0.0158,0.011,0.0018,23.9,1,222000,74,0,0.024
C-07743,0.0741,0.0,0.0,0.3437,0.0,0,-0.0182,0.01081,0.00161,2.9,0,270000,29,0,0.089
C-07744,0.1555,0.0,0.0,-0.1555,0.2368,1,0.0353,0.00935,0.00015,2.5,0,733000,50,0,0.029
C-07745,0.1159,0.0,0.0,-0.1123,0.4217,0,0.0269,0.00738,-0.00182,0.3,1,2976500,64,0,0.04
C-07746,0.2158,0.4821,0.104,-0.1418,0.7768,0,0.031,0.01091,0.00171,9.1,0,259500,45,1,0.562
C-07747,0.1116,0.0,0.0,-0.1044,0.4885,0,0.0266,0.00874,-0.00046,0.6,0,1174000,51,0,0.072
C-07748,0.1957,0.2222,0.0435,-0.1957,0.7222,1,0.0028,0.011,0.0018,6.4,0,46000,42,0,0.062
C-07749,0.2478,0.0,0.0,-0.2053,0.4643,0,0.0077,0.011,0.0018,4.2,1,56500,53,0,0.022
C-07750,0.1451,0.0,0.0,-0.1256,0.324,0,-0.0018,0.00923,3e-05,7.3,0,861500,65,0,0.087
C-07751,0.1989,0.5429,0.108,-0.1989,0.2296,1,0.0458,0.00653,-0.00267,1.3,1,4652000,71,0,0.022
C-07752,0.2604,0.2045,0.0533,-0.0757,0.3636,0,-0.0158,0.011,0.0018,0.6,0,84500,32,0,0.05
C-07753,0.1744,0.0,0.0,-0.1273,0.2535,0,0.013,0.011,0.0018,1.8,0,203500,69,0,0.015
C-07754,0.0859,0.0,0.0,0.0761,0.1429,0,0.0073,0.011,0.0018,9.5,1,163000,53,0,0.0
C-07755,0.1246,0.0,0.0,-0.0875,0.4414,0,0.001,0.00957,0.00037,7.5,0,582000,49,0,0.04
C-07756,0.2305,0.6102,0.1406,-0.2305,0.2881,1,0.052,0.011,0.0018,1.9,1,128000,32,1,0.757
C-07757,0.1702,0.0,0.0,-0.1631,0.1835,0,0.0054,0.00791,-0.00129,7.6,0,1857000,60,0,0.012
C-07758,0.1883,0.3069,0.0578,-0.1836,0.8655,0,-0.017,0.00637,-0.00283,5.6,1,5192000,57,0,0.053
C-07759,0.0637,0.0,0.0,-0.0456,0.0,0,-0.0066,0.00955,0.00035,15.4,0,597000,66,0,0.05
C-07760,0.2959,0.3448,0.102,-0.2959,0.5172,1,0.0069,0.011,0.0018,12.3,0,49000,35,0,0.044
C-07761,0.1415,0.2667,0.0377,-0.1415,0.5333,1,0.0128,0.011,0.0018,7.2,0,212000,39,1,0.519
C-07762,0.0862,0.0,0.0,-0.0862,0.7627,1,-0.0013,0.00842,-0.00078,4.4,0,1369500,54,0,0.091
C-07763,0.1777,0.0,0.0,-0.139,0.7172,0,-0.0148,0.01074,0.00154,20.8,1,278500,55,0,0.071
C-07764,0.2873,0.75,0.2155,-0.2873,0.8654,1,0.0341,0.011,0.0018,9.9,0,181000,54,0,0.059
C-07765,0.1381,0.74,0.1022,-0.1381,0.0,1,0.0039,0.011,0.0018,1.8,1,181000,32,1,0.657
C-07766,0.0827,0.0,0.0,-0.0165,0.8571,0,-0.0156,0.011,0.0018,1.9,0,127000,59,0,0.022
C-07767,0.2027,0.0,0.0,-0.2027,0.3366,1,-0.0011,0.00799,-0.00121,2.4,0,1766500,29,0,0.039
C-07768,0.0497,0.0,0.0,-0.0497,0.4948,1,0.0093,0.00914,-6e-05,4.3,0,976000,50,0,0.021
C-07769,0.2639,0.2105,0.0556,-0.2639,0.3158,1,0.0051,0.011,0.0018,12.4,0,72000,41,1,0.208
C-07770,0.1504,0.0,0.0,-0.1504,0.7059,1,0.0532,0.011,0.0018,3.6,1,56500,37,1,0.05
C-07771,0.0475,0.0,0.0,-0.0349,0.8148,0,0.0003,0.00804,-0.00116,4.0,0,1703500,52,0,0.004
C-07772,0.1042,0.0,0.0,0.0758,0.6,0,-0.0152,0.011,0.0018,4.3,0,120000,55,0,0.03
C-07773,0.2233,0.3762,0.084,-0.2233,0.8337,1,0.0425,0.00882,-0.00038,4.2,0,1131000,73,0,0.072
C-07774,0.1528,0.0,0.0,-0.1528,0.4965,1,0.0049,0.00984,0.00064,7.7,1,468000,58,0,0.06
C-07775,0.1157,0.2143,0.0248,-0.1157,0.5714,1,-0.0131,0.011,0.0018,18.8,1,60500,54,0,0.0
C-07776,0.1878,0.0,0.0,-0.1864,0.6415,0,0.0031,0.00717,-0.00203,2.4,1,3282000,68,0,0.095
C-07777,0.075,0.0,0.0,-0.075,0.0,1,0.0135,0.00984,0.00064,2.0,0,466500,32,0,0.1
C-07778,0.0269,0.0,0.0,0.0118,0.0,0,-0.0176,0.01074,0.00154,9.0,0,279000,74,0,0.042
C-07779,0.0595,0.0,0.0,-0.0226,1.0,0,-0.0039,0.0097,0.0005,5.1,0,521000,44,1,0.269
C-07780,0.1334,0.0,0.0,-0.1178,0.4873,0,-0.0123,0.00798,-0.00122,6.2,1,1769500,64,0,0.002
C-07781,0.1737,0.3614,0.0628,-0.1737,0.4227,1,0.028,0.00857,-0.00063,9.2,0,1266500,42,1,0.473
C-07782,0.0796,0.0,0.0,-0.0476,0.5228,0,0.0188,0.00862,-0.00058,5.1,1,1238000,36,0,0.0
C-07783,0.0751,0.0,0.0,-0.0172,0.4286,0,-0.019,0.011,0.0018,3.2,1,186500,30,0,0.067
C-07784,0.1809,0.5294,0.0957,-0.0787,0.9412,0,0.0082,0.011,0.0018,0.9,0,47000,29,0,0.047
C-07785,0.0809,0.5413,0.0438,-0.072,0.3394,0,-0.0175,0.00943,0.00023,7,0,673500,29,0,0.034
C-07786,0.3485,0.8758,0.3052,-0.3485,0.631,1,0.038,0.00875,-0.00045,7.2,1,1166500,52,1,0.719
C-07787,0.2106,0.477,0.1004,-0.2106,0.477,1,0.0219,0.00943,0.00023,1.4,0,672000,35,1,0.495
C-07788,0.0526,0.0,0.0,-0.0526,0.0,1,0.0261,0.011,0.0018,2.1,0,47500,31,0,0.028
C-07789,0.1596,0.0,0.0,-0.1596,0.2922,1,0.0352,0.0098,0.0006,6.0,0,482500,70,0,0.046
C-07790,0.1089,0.0,0.0,-0.0317,0.4773,0,-0.0077,0.011,0.0018,4.8,0,202000,45,0,0.067
C-07791,0.1416,0.4848,0.0687,-0.1416,0.8182,1,-0.0126,0.011,0.0018,1.1,1,116500,50,0,0.027
C-07792,0.1091,0.0,0.0,-0.1091,1.0,1,-0.0001,0.01039,0.00119,2.2,1,330000,55,1,0.078
C-07793,0.1188,0.6333,0.0752,-0.0542,0.8333,0,0.0084,0.00949,0.00029,5.0,0,631500,54,0,0.024
C-07794,0.1213,0.0,0.0,-0.1096,0.0805,0,-0.0134,0.00937,0.00017,10.9,0,717000,70,0,0.088
C-07795,0.375,0.7778,0.2917,-0.375,0.0278,1,0.0323,0.011,0.0018,0.8,1,48000,30,1,0.723
C-07796,0.1249,0.0,0.0,-0.1098,0.0,0,0.0131,0.00886,-0.00034,9.6,0,1113000,69,0,0.066
C-07797,0.193,0.0,0.0,-0.1702,0.6324,0,-0.0048,0.00858,-0.00062,2.4,1,1261500,61,0,0.061
C-07798,0.2018,0.0,0.0,-0.2018,0.2667,1,0.0014,0.01037,0.00117,2.0,1,334500,55,0,0.067
C-07799,0.0809,0.0,0.0,-0.0531,0.381,0,-0.0032,0.0101,0.0009,6.2,1,389500,47,0,0.0
C-07800,0.0727,0.0,0.0,-0.0075,0.1652,0,-0.0065,0.00929,9e-05,6.1,0,791000,37,0,0.043
C-07801,0.0379,0.0,0.0,0.047,0.5333,0,-0.016,0.011,0.0018,20,0,198000,42,0,0.03
C-07802,0.1589,0.1552,0.0247,-0.1326,0.6552,0,-0.016,0.011,0.0018,16.5,0,182500,58,0,0.049
C-07803,0.0412,0.0,0.0,-0.0412,0.0,1,0.055,0.00993,0.00073,7.9,0,437000,64,0,0.061
C-07804,0.1915,0.7778,0.1489,-0.1915,0.8,1,0.0128,0.011,0.0018,1.1,1,117500,36,0,0.035
C-07805,0.1982,0.0,0.0,-0.1841,0.1238,0,-0.0082,0.00822,-0.00098,1.5,0,1528500,62,0,0.006
C-07806,0.3805,0.7261,0.2763,-0.3586,0.1243,0,0.0402,0.0087,-0.0005,3.5,1,1194500,46,0,0.068
C-07807,0.0665,0.0,0.0,0.0332,0.0,0,0.0071,0.0098,0.0006,2.1,0,481500,51,0,0.0
C-07808,0.3871,0.625,0.2419,-0.1839,0.3021,0,0.034,0.011,0.0018,4,0,124000,26,0,0.013
C-07809,0.1957,0.0,0.0,-0.1929,0.149,0,-0.0011,0.00572,-0.00348,5.8,0,9927000,58,0,0.101
C-07810,0.2334,0.5568,0.13,-0.2334,0.2273,1,0.0527,0.011,0.0018,4.1,0,188500,33,1,0.127
C-07811,0.0427,0.0,0.0,-0.0331,0.0,0,0.0066,0.0091,-0.0001,11.3,0,1008000,54,0,0.1
C-07812,0.0614,0.0,0.0,-0.0522,0.5116,0,-0.0028,0.00703,-0.00217,1.3,1,3517000,45,0,0.069
C-07813,0.13,0.0,0.0,0.23,0.0,0,0.0033,0.011,0.0018,5.8,0,50000,45,0,0.037
C-07814,0.1027,0.0,0.0,-0.1027,0.0,1,-0.0298,0.01075,0.00155,3.9,1,277500,26,0,0.054
C-07815,0.109,0.0,0.0,-0.0436,0.0,0,-0.0149,0.011,0.0018,0.8,0,183500,40,0,0.087
C-07816,0.1905,0.2167,0.0413,-0.1905,0.675,1,0.0113,0.01048,0.00128,3.1,0,315000,72,1,0.45
C-07817,0.1504,0.0,0.0,-0.1136,0.25,0,-0.0044,0.01024,0.00104,26.2,0,359000,64,0,0.022
C-07818,0.0833,0.25,0.0208,0.2917,0.375,0,0.0019,0.011,0.0018,2.1,1,48000,71,0,0.055
C-07819,0.072,0.0,0.0,-0.072,0.4333,1,0.0463,0.01,0.0008,1.3,0,416500,31,1,0.05
C-07820,0.1181,0.0,0.0,-0.1181,0.3953,1,0.0475,0.011,0.0018,6.7,0,182000,58,0,0.023
C-07821,0.1068,0.0,0.0,-0.0695,0.0,0,0.0052,0.01093,0.00173,2.5,0,257500,75,0,0.027
C-07822,0.2537,0.4967,0.126,-0.21,0.2745,0,0.0198,0.01057,0.00137,2.9,0,301500,69,0,0.018
C-07823,0.1261,0.0,0.0,-0.1261,0.1429,1,0.0066,0.011,0.0018,6.2,1,55500,56,0,0.056
C-07824,0.0623,0.0,0.0,0.0,0.4444,0,0.0522,0.011,0.0018,0.4,0,144500,28,0,0.1
C-07825,0.1557,0.0,0.0,-0.1397,0.2643,0,0.0068,0.00989,0.00069,3.1,0,449500,32,0,0.042
C-07826,0.0764,0.0,0.0,-0.0494,0.0,0,-0.0237,0.00928,8e-05,1.7,1,798000,56,0,0.077
C-07827,0.154,0.0,0.0,-0.154,0.68,1,0.0527,0.011,0.0018,1.0,1,243500,66,0,0.063
C-07828,0.1972,0.0,0.0,-0.092,0.462,0,-0.0144,0.00994,0.00074,3.4,0,433500,53,0,0.048
C-07829,0.0923,0.5583,0.0516,-0.0769,0.0807,0,0.0436,0.00759,-0.00161,10.8,0,2415000,62,0,0.055
C-07830,0.0271,0.0,0.0,-0.0141,0.65,0,0.0487,0.01019,0.00099,13.0,0,369500,70,0,0.121
C-07831,0.1264,0.0,0.0,0.0123,0.3429,0,-0.008,0.011,0.0018,3.3,0,138500,75,0,0.055
C-07832,0.0671,0.0,0.0,-0.0085,0.5682,0,0.001,0.01041,0.00121,5.0,0,328000,50,0,0.082
C-07833,0.0905,0.0,0.0,-0.0374,0.3852,0,-0.0086,0.00934,0.00014,1.0,0,745500,53,0,0.051
C-07834,0.0523,0.0,0.0,-0.0523,0.0,1,0.0132,0.011,0.0018,3.8,0,172000,42,0,0.076
C-07835,0.2094,0.0,0.0,-0.1856,0.3026,0,0.0144,0.0091,-0.0001,10.0,1,1010000,64,0,0.037
C-07836,0.255,0.5602,0.1429,-0.2017,0.6266,0,0.0413,0.00982,0.00062,2.2,0,472500,43,0,0.011
C-07837,0.19,0.3774,0.0717,-0.1556,0.3774,0,0.0036,0.01074,0.00154,5.8,0,279000,46,0,0.1
C-07838,0.0854,0.0,0.0,-0.0462,0.5882,0,0.0158,0.01007,0.00087,0.3,0,398000,50,0,0.034
C-07839,0.0638,0.0,0.0,0.1461,0.4815,0,0.0054,0.011,0.0018,26.0,1,211500,60,0,0.054
C-07840,0.1189,0.0,0.0,-0.1189,0.2941,1,-0.0038,0.01069,0.00149,4.2,1,286000,31,0,0.047
C-07841,0.1619,0.3222,0.0522,-0.1187,0.6,0,0.0061,0.01075,0.00155,0.3,0,278000,64,0,0.074
C-07842,0.1731,0.0,0.0,-0.1085,0.2444,0,-0.0033,0.0109,0.0017,15.8,0,260000,55,0,0.049
C-07843,0.0645,0.0,0.0,-0.0645,0.3333,1,0.0093,0.011,0.0018,3.8,1,46500,33,0,0.081
C-07844,0.0642,0.0,0.0,0.1078,0.6234,0,0.0184,0.00954,0.00034,3.1,0,600000,56,0,0.064
C-07845,0.0957,0.0,0.0,0.0237,0.1024,0,-0.0133,0.00944,0.00024,12.1,0,663500,59,0,0.011
C-07846,0.0763,0.0,0.0,-0.0309,0.2946,0,0.0116,0.00924,4e-05,8.1,0,845000,74,0,0.011
C-07847,0.1414,0.1856,0.0262,-0.1344,0.6546,0,-0.0153,0.00941,0.00021,1.1,0,686000,67,0,0.046
C-07848,0.1725,0.0,0.0,-0.1577,0.4464,0,0.0152,0.00978,0.00058,4.6,0,487000,34,0,0.047
C-07849,0.0905,0.0,0.0,-0.0905,0.7048,1,-0.0089,0.00958,0.00038,13.9,0,580000,74,0,0.076
C-07850,0.0299,0.0,0.0,-0.0251,0.0,0,-0.0051,0.00827,-0.00093,2.5,0,1486500,68,0,0.058
C-07851,0.0792,0.0,0.0,-0.051,0.2222,0,-0.0112,0.01033,0.00113,15.6,0,341000,73,0,0.039
C-07852,0.1114,0.0,0.0,-0.0904,0.8431,0,-0.0081,0.011,0.0018,13.9,0,229000,65,0,0.024
C-07853,0.1777,0.0,0.0,-0.1095,0.0533,0,0.0051,0.011,0.0018,3.5,0,211000,34,0,0.077
C-07854,0.2219,0.3151,0.0699,-0.1818,0.524,0,-0.0024,0.00945,0.00025,6.3,1,658000,50,0,0.01
C-07855,0.1553,0.0,0.0,-0.1036,0.5278,0,-0.0153,0.00985,0.00065,2.9,1,463500,37,0,0.048
C-07856,0.0945,0.0,0.0,-0.0157,0.5833,0,0.0399,0.011,0.0018,0.8,1,63500,26,0,0.01
C-07857,0.1598,0.6,0.0959,-0.0283,0.0,0,-0.0078,0.011,0.0018,2.8,1,109500,32,1,0.837
C-07858,0.0652,0.0,0.0,-0.0216,0.2785,0,-0.0189,0.00953,0.00033,7.6,0,606000,44,0,0.045
C-07859,0.1607,0.0,0.0,-0.1452,0.365,0,0.0548,0.00923,3e-05,4.6,0,852500,39,0,0.006
C-07860,0.0927,0.3103,0.0288,-0.0773,0.3793,0,-0.0001,0.0105,0.0013,0.6,0,313000,34,0,0.0
C-07861,0.1986,0.0,0.0,-0.1784,0.366,0,0.0122,0.00956,0.00036,6.5,0,591500,75,0,0.027
C-07862,0.1957,0.5,0.0979,-0.1957,0.7031,1,0.0031,0.011,0.0018,0.4,0,163500,25,1,0.607
C-07863,0.0729,0.0,0.0,-0.0729,0.7143,1,0.0208,0.011,0.0018,0.9,1,48000,30,0,0.036
C-07864,0.1761,0.0,0.0,-0.1663,0.0,0,-0.0047,0.00828,-0.00092,7.3,0,1473500,54,0,0.052
C-07865,0.122,0.0,0.0,-0.122,0.3788,1,-0.0009,0.01081,0.00161,10,0,270500,32,1,0.306
C-07866,0.0543,0.0,0.0,0.0761,0.0,0,0.0283,0.011,0.0018,0.7,1,46000,74,0,0.0
C-07867,0.0791,0.0,0.0,-0.0217,0.806,0,0.039,0.00998,0.00078,14.6,0,423500,49,0,0.062
C-07868,0.0964,0.0,0.0,-0.0536,0.1852,0,-0.0004,0.01073,0.00153,4.1,0,280000,69,0,0.041
C-07869,0.2082,0.3788,0.0789,-0.2082,0.5758,1,0.0549,0.011,0.0018,0.3,0,158500,31,1,0.588
C-07870,0.2132,0.0,0.0,-0.2099,0.3497,0,0.0094,0.00827,-0.00093,0.7,0,1482500,72,0,0.027
C-07871,0.0973,0.0,0.0,-0.0973,0.5588,1,0.0068,0.01029,0.00109,0.6,1,349500,74,0,0.103
C-07872,0.1142,0.0,0.0,-0.1024,0.0,0,0.004,0.00811,-0.00109,2.5,0,1628500,42,0,0.026
C-07873,0.0762,0.0,0.0,-0.0496,0.7864,0,-0.0036,0.00943,0.00023,18,0,675500,40,0,0.042
C-07874,0.1128,0.0,0.0,-0.1067,0.0,0,-0.0023,0.00957,0.00037,3.8,0,585000,56,0,0.087
C-07875,0.1543,0.0,0.0,-0.1217,0.664,0,-0.0027,0.01004,0.00084,10.2,0,405000,65,0,0.038
C-07876,0.1768,0.0,0.0,-0.1575,0.4421,0,-0.0011,0.00941,0.00021,9.6,1,684500,70,0,0.039
C-07877,0.1152,0.0,0.0,-0.0944,0.3082,0,0.0061,0.00949,0.00029,1.8,1,633500,32,0,0.0
C-07878,0.1617,0.0,0.0,-0.1617,0.145,1,-0.0054,0.00951,0.00031,3.1,0,618500,66,0,0.065
C-07879,0.0343,0.0,0.0,0.0348,0.28,0,0.0141,0.01021,0.00101,4.3,0,364500,45,0,0.058
C-07880,0.035,0.0,0.0,0.0722,1.0,0,0.0128,0.01093,0.00173,1.9,0,257500,29,0,0.001
C-07881,0.0637,0.0,0.0,0.0662,0.0,0,-0.0134,0.011,0.0018,9,0,157000,31,0,0.03
C-07882,0.0967,0.2099,0.0203,-0.0804,0.4444,0,-0.0127,0.00859,-0.00061,4.1,1,1257000,28,0,0.038
C-07883,0.1393,0.0,0.0,-0.1021,0.0,0,0.0069,0.00952,0.00032,1.6,0,614000,49,0,0.025
C-07884,0.0784,0.0,0.0,-0.0784,0.0,1,0.0261,0.011,0.0018,3.5,1,76500,44,0,0.034
C-07885,0.1138,0.0,0.0,-0.1009,0.701,0,-0.0014,0.00618,-0.00302,1.8,0,6054000,54,0,0.06
C-07886,0.1236,0.0,0.0,0.0976,0.1842,0,0.0049,0.00986,0.00066,6.9,0,461000,50,0,0.025
C-07887,0.118,0.0,0.0,-0.118,0.1286,1,-0.0036,0.01061,0.00141,2.5,1,296500,72,0,0.042
C-07888,0.1103,0.0,0.0,-0.0966,0.529,0,-0.0057,0.00741,-0.00179,0.6,0,2886500,61,0,0.052
C-07889,0.1659,0.0,0.0,-0.1444,0.5934,0,-0.008,0.00936,0.00016,1.2,0,726500,75,0,0.041
C-07890,0.0778,0.0,0.0,-0.0413,0.5217,0,0.0043,0.01062,0.00142,2.0,0,295500,49,1,0.215
C-07891,0.1492,0.0,0.0,-0.1173,0.3366,0,0.0008,0.01035,0.00115,7.3,1,338500,72,0,0.043
C-07892,0.0721,0.0,0.0,-0.0721,0.0,1,-0.0057,0.00747,-0.00173,5.0,1,2705500,54,0,0.085
C-07893,0.1491,0.0,0.0,-0.1491,0.1744,1,0.0354,0.00686,-0.00234,5.5,0,3826500,49,1,0.05
C-07894,0.1058,0.0,0.0,-0.0972,0.5696,0,0.0465,0.01017,0.00097,2.8,0,373500,73,0,0.014
C-07895,0.1875,0.0,0.0,-0.1875,0.2333,1,0.0416,0.011,0.0018,6.6,0,80000,62,0,0.064
C-07896,0.1611,0.0,0.0,-0.1578,0.5622,0,-0.0083,0.00832,-0.00088,13.2,0,1446000,66,0,0.069
C-07897,0.0535,0.0,0.0,0.0311,0.75,0,-0.009,0.01002,0.00082,4.0,0,411000,59,0,0.008
C-07898,0.0615,0.0,0.0,-0.0615,0.3348,1,-0.0114,0.0079,-0.0013,11.6,0,1871000,61,0,0.054
C-07899,0.0724,0.0,0.0,-0.0724,0.3864,1,0.0059,0.01056,0.00136,1.4,1,304000,72,0,0.0
C-07900,0.2276,0.0,0.0,-0.1398,0.3036,0,0.0041,0.011,0.0018,5.5,0,123000,33,0,0.027
C-07901,0.1273,0.0,0.0,-0.0318,0.3958,0,-0.0077,0.011,0.0018,15.0,0,188500,46,0,0.05
C-07902,0.0819,0.0,0.0,-0.0819,0.5893,1,0.0278,0.00941,0.00021,0.4,0,684000,47,0,0.063
C-07903,0.3359,0.6757,0.227,-0.3359,0.2587,1,0.0491,0.01012,0.00092,10.2,0,385500,75,1,0.669
C-07904,0.1335,0.2174,0.029,-0.1195,0.4348,0,-0.0073,0.01092,0.00172,0.3,0,258500,66,0,0.036
C-07905,0.0527,0.0,0.0,0.0051,0.6,0,-0.0047,0.01038,0.00118,1.6,0,332000,31,0,0.036
C-07906,0.1326,0.0,0.0,-0.1253,0.2557,0,-0.0097,0.00926,6e-05,0.5,0,826000,74,0,0.011
C-07907,0.0833,0.0,0.0,-0.0595,0.25,0,-0.0111,0.00974,0.00054,12.6,1,504000,59,0,0.04
C-07908,0.1199,0.0,0.0,0.0087,0.5532,0,-0.0049,0.011,0.0018,2.6,1,196000,51,0,0.059
C-07909,0.1805,0.0,0.0,-0.0868,0.4054,0,0.0025,0.011,0.0018,2.1,0,102500,35,0,0.0
C-07910,0.15,0.0,0.0,-0.15,0.5455,1,-0.004,0.011,0.0018,10,0,110000,32,0,0.0
C-07911,0.2154,0.0,0.0,-0.1975,0.5239,0,-0.0009,0.00836,-0.00084,7.4,1,1409000,52,0,0.013
C-07912,0.1163,0.0,0.0,-0.0933,0.5176,0,0.0022,0.00935,0.00015,0.3,0,731000,44,0,0.019
C-07913,0.1339,0.6403,0.0857,-0.1339,1.0,1,-0.0017,0.0097,0.0005,1.1,1,519000,35,1,0.459
C-07914,0.1392,0.0,0.0,-0.1262,0.2961,0,-0.0066,0.00934,0.00014,14.3,1,740000,47,0,0.048
C-07915,0.1134,0.0,0.0,-0.0943,0.8764,0,-0.0021,0.00817,-0.00103,2.1,0,1570000,56,0,0.045
C-07916,0.0873,0.0,0.0,-0.064,0.4841,0,0.0003,0.00937,0.00017,11.9,0,722000,49,0,0.032
C-07917,0.2967,0.5982,0.1775,-0.2466,0.0268,0,0.0526,0.01016,0.00096,7,0,377500,29,1,0.74
C-07918,0.0204,0.0,0.0,0.5429,0.0,0,-0.0084,0.011,0.0018,0.3,0,49000,39,0,0.016
C-07919,0.2099,0.3333,0.07,-0.1605,0.4706,0,-0.0001,0.011,0.0018,9,1,121500,31,0,0.067
C-07920,0.3043,0.8571,0.2609,-0.3043,0.3214,1,0.0269,0.011,0.0018,0.3,1,46000,43,1,0.849
C-07921,0.1043,0.0,0.0,-0.1043,0.2941,1,-0.0074,0.011,0.0018,3.6,0,81500,68,0,0.07
C-07922,0.1324,0.0,0.0,-0.0611,0.6531,0,0.0308,0.011,0.0018,4.7,0,185000,54,0,0.108
C-07923,0.0496,0.0,0.0,-0.0068,0.1223,0,0.0007,0.00837,-0.00083,4.2,1,1400500,71,0,0.07
C-07924,0.1486,0.0,0.0,-0.1269,0.4087,0,-0.0146,0.01011,0.00091,5.6,0,387000,43,0,0.008
C-07925,0.0606,0.0,0.0,-0.0606,1.0,1,0.0028,0.011,0.0018,3,0,49500,25,0,0.0
C-07926,0.0353,0.0,0.0,-0.0353,1.0,1,0.0353,0.00798,-0.00122,1.3,1,1768500,53,1,0.05
C-07927,0.1143,0.0,0.0,-0.0229,0.5,0,0.0479,0.011,0.0018,0.3,0,52500,63,1,0.2
C-07928,0.1667,0.0,0.0,-0.1459,0.4416,0,-0.0034,0.011,0.0018,5.2,0,231000,66,1,0.153
C-07929,0.0484,0.0,0.0,0.018,0.3571,0,-0.0042,0.011,0.0018,4.4,0,144500,36,0,0.016
C-07930,0.046,0.0,0.0,-0.0323,0.787,0,-0.0018,0.00793,-0.00127,6.9,0,1836500,51,0,0.032
C-07931,0.2119,0.6,0.1271,-0.0492,0.16,0,0.0253,0.011,0.0018,18.7,0,59000,56,1,0.587
C-07932,0.0794,0.0,0.0,-0.0433,0.0946,0,0.0017,0.00984,0.00064,1.8,0,466000,37,0,0.068
C-07933,0.1204,0.3106,0.0374,-0.1204,0.7121,1,-0.025,0.0089,-0.0003,2.4,0,1096000,61,1,0.22
C-07934,0.1243,0.0,0.0,-0.0786,0.2973,0,0.0305,0.0099,0.0007,5.3,0,446500,40,0,0.053
C-07935,0.086,0.0,0.0,-0.0691,0.0,0,0.0281,0.01026,0.00106,1.9,0,354500,69,0,0.077
C-07936,0.1527,0.0,0.0,-0.1476,0.4308,0,-0.0044,0.00773,-0.00147,20.5,0,2128500,63,0,0.051
C-07937,0.0906,0.0,0.0,-0.0814,0.4308,0,0.054,0.00657,-0.00263,0.6,0,4548000,51,1,0.374
C-07938,0.1664,0.0,0.0,-0.142,0.2167,0,0.0277,0.00966,0.00046,9.3,0,541000,71,0,0.086
C-07939,0.1169,0.0,0.0,-0.0188,0.0388,0,0.0005,0.00992,0.00072,0.7,0,440500,51,0,0.079
C-07940,0.1127,0.0,0.0,-0.0657,1.0,0,0.0193,0.011,0.0018,4.5,0,204000,60,0,0.0
C-07941,0.1515,0.0,0.0,-0.081,0.2281,0,0.0089,0.00922,2e-05,1.7,1,868000,46,0,0.051
C-07942,0.3131,0.6866,0.215,-0.3131,0.0597,1,0.0328,0.011,0.0018,7.3,1,107000,34,1,0.757
C-07943,0.1135,0.0,0.0,0.0594,0.4423,0,-0.007,0.011,0.0018,3.8,0,229000,52,0,0.0
C-07944,0.172,0.5625,0.0968,0.0344,0.3125,0,0.012,0.011,0.0018,2.3,0,46500,55,0,0.039
C-07945,0.1989,0.0,0.0,-0.1858,0.2039,0,0.0001,0.00948,0.00028,0.3,0,641000,66,0,0.065
C-07946,0.1665,0.5829,0.0971,-0.128,0.7059,0,0.0034,0.00884,-0.00036,1.7,1,1123000,37,0,0.026
C-07947,0.125,0.0,0.0,-0.1033,0.8261,0,0.0018,0.01076,0.00156,4.4,0,276000,48,0,0.007
C-07948,0.0972,0.0,0.0,-0.0496,0.0,0,-0.001,0.00968,0.00048,1.6,0,530000,75,0,0.075
C-07949,0.1479,0.5775,0.0854,-0.1479,0.662,1,0.0508,0.011,0.0018,10.6,1,240000,53,1,0.511
C-07950,0.105,0.0,0.0,-0.027,0.7381,0,-0.0044,0.011,0.0018,2.9,0,200000,31,0,0.03
C-07951,0.0957,0.0,0.0,0.1596,0.5556,0,0.0106,0.011,0.0018,4,0,47000,26,0,0.093
C-07952,0.1217,0.2923,0.0356,-0.0993,0.3231,0,0.0257,0.01084,0.00164,4.5,1,267000,44,0,0.058
C-07953,0.1764,0.0,0.0,-0.1458,0.4819,0,0.0075,0.00983,0.00063,0.4,0,470500,48,0,0.051
C-07954,0.1688,0.0,0.0,-0.1131,0.325,0,0.005,0.011,0.0018,1.0,0,237000,73,1,0.05
C-07955,0.1549,0.0,0.0,-0.1158,0.7895,0,-0.0114,0.011,0.0018,1.1,0,184000,54,0,0.025
C-07956,0.4843,0.7568,0.3665,-0.4277,0.7784,0,0.0445,0.011,0.0018,4,1,191000,26,1,0.762
C-07957,0.1633,0.7835,0.1279,-0.0582,1.0,0,0.0459,0.0106,0.0014,5.8,0,297000,52,1,0.653
C-07958,0.0538,0.0,0.0,0.1785,0.0,0,-0.0274,0.011,0.0018,9.4,0,46500,72,0,0.012
C-07959,0.1482,0.0,0.0,-0.1415,0.6289,0,-0.0053,0.00966,0.00046,5.7,1,536500,69,0,0.104
C-07960,0.1198,0.0,0.0,-0.0807,0.0,0,-0.0032,0.0097,0.0005,13.5,1,521500,69,0,0.072
C-07961,0.1321,0.0,0.0,-0.0919,0.2236,0,-0.0094,0.00859,-0.00061,7.3,1,1253000,53,0,0.076
C-07962,0.159,0.1364,0.0217,-0.0434,1.0,0,-0.0163,0.011,0.0018,4.8,0,207500,32,0,0.049
C-07963,0.1105,0.0,0.0,-0.1053,0.518,0,0.0045,0.0084,-0.0008,10.8,0,1379500,47,0,0.035
C-07964,0.1758,0.3404,0.0599,-0.1758,0.0,1,0.0038,0.01006,0.00086,4.8,0,401000,70,1,0.086
C-07965,0.1002,0.6,0.0601,-0.1002,0.0,1,0.0142,0.011,0.0018,1.5,1,249500,59,1,0.476
C-07966,0.1525,0.2647,0.0404,-0.0771,0.1471,0,0.0334,0.011,0.0018,4.0,0,111500,50,0,0.028
C-07967,0.3684,0.6286,0.2316,-0.0905,0.6571,0,0.0282,0.011,0.0018,4,1,47500,26,0,0.011
C-07968,0.1771,0.4118,0.0729,-0.1771,0.5294,1,0.0304,0.011,0.0018,17.7,0,48000,44,0,0.071
C-07969,0.1572,0.0,0.0,-0.1552,0.4606,0,0.045,0.00795,-0.00125,1.2,1,1816000,56,0,0.06
C-07970,0.3278,0.5025,0.1647,-0.2509,0.8477,0,0.0396,0.01058,0.00138,4.4,0,300500,30,1,0.489
C-07971,0.1556,0.0,0.0,-0.1299,0.2874,0,0.021,0.01074,0.00154,6.1,0,279500,73,0,0.056
C-07972,0.1311,0.0,0.0,-0.0909,0.6512,0,0.0035,0.01041,0.00121,7.2,0,328000,65,0,0.009
C-07973,0.2116,0.1745,0.0369,-0.1435,0.1879,0,0.0035,0.01028,0.00108,0.3,0,352000,51,0,0.047
C-07974,0.1111,0.0,0.0,-0.0591,0.122,0,-0.011,0.011,0.0018,7.7,1,184500,33,0,0.037
C-07975,0.1346,0.0,0.0,-0.0528,0.5733,0,0.0012,0.01074,0.00154,3.8,0,278500,39,0,0.007
C-07976,0.1664,0.0,0.0,-0.1505,0.4801,0,-0.0127,0.00882,-0.00038,0.4,0,1133000,39,0,0.051
C-07977,0.0337,0.0,0.0,-0.0337,0.6667,1,0.0532,0.011,0.0018,0.5,0,44500,30,0,0.029
C-07978,0.1084,0.0,0.0,-0.089,0.3298,0,0.0137,0.00922,2e-05,1.7,0,867000,60,0,0.059
C-07979,0.1413,0.0,0.0,-0.1413,0.3846,1,0.0027,0.011,0.0018,3.2,0,46000,27,0,0.0
C-07980,0.1057,0.0,0.0,-0.1057,0.6429,1,0.0038,0.011,0.0018,1.0,0,132500,64,0,0.044
C-07981,0.1423,0.0,0.0,-0.1423,0.2222,1,-0.009,0.011,0.0018,4.7,0,126500,44,0,0.008
C-07982,0.1653,0.0,0.0,-0.1261,0.2222,0,0.0077,0.011,0.0018,4.0,1,245000,69,0,0.023
C-07983,0.1047,0.0,0.0,-0.1047,0.3447,1,-0.0061,0.00776,-0.00144,0.3,0,2091500,57,0,0.0
C-07984,0.0911,0.0,0.0,-0.0495,0.7619,0,-0.0088,0.011,0.0018,6.6,0,230500,38,0,0.031
C-07985,0.0577,0.0,0.0,0.5269,0.5556,0,-0.007,0.011,0.0018,1.1,0,78000,37,0,0.058
C-07986,0.0308,0.0,0.0,0.023,1.0,0,0.005,0.011,0.0018,3.7,0,178500,40,0,0.063
C-07987,0.1602,0.0,0.0,-0.1354,0.4355,0,-0.0088,0.01011,0.00091,2.6,0,387000,33,0,0.0
C-07988,0.1036,0.0,0.0,-0.0041,1.0,0,-0.0174,0.01085,0.00165,1.1,1,265500,61,0,0.07
C-07989,0.0944,0.0,0.0,-0.0944,0.0926,1,0.0071,0.01069,0.00149,1.0,0,286000,35,0,0.029
C-07990,0.1704,0.0,0.0,-0.1603,0.459,0,0.0019,0.01025,0.00105,2.3,0,358000,67,0,0.031
C-07991,0.1075,0.0,0.0,0.1505,1.0,0,0.0272,0.011,0.0018,2.4,0,46500,47,0,0.016
C-07992,0.0847,0.0,0.0,0.0373,0.52,0,-0.0093,0.011,0.0018,0.4,0,147500,51,0,0.081
C-07993,0.1453,0.0,0.0,-0.1411,0.4891,0,0.0001,0.00801,-0.00119,7.2,1,1738000,50,0,0.047
C-07994,0.1771,0.8471,0.15,-0.1771,0.7294,1,0.0486,0.011,0.0018,2.6,0,240000,60,1,0.72
C-07995,0.1462,0.0,0.0,-0.1404,0.5748,0,0.0507,0.00905,-0.00015,2.2,0,1029500,74,0,0.06
C-07996,0.0326,0.0,0.0,0.0196,0.6667,0,-0.0032,0.011,0.0018,1.7,1,46000,46,0,0.106
C-07997,0.1105,0.0,0.0,-0.1105,0.6531,1,-0.0049,0.00991,0.00071,0.8,0,443500,36,0,0.048
C-07998,0.0878,0.0,0.0,-0.0527,0.2778,0,-0.0092,0.01053,0.00133,3.1,0,307500,66,0,0.074
C-07999,0.1086,0.0,0.0,-0.0727,0.1078,0,-0.0021,0.00896,-0.00024,0.3,0,1068000,37,0,0.0
C-08000,0.1694,0.0,0.0,-0.1519,0.5484,0,0.0546,0.011,0.0018,0.4,0,91500,68,0,0.048
C-08001,0.1908,0.0,0.0,-0.0683,0.4076,0,0.0012,0.01002,0.00082,5.1,1,411500,40,0,0.024
C-08002,0.1482,0.2239,0.0332,-0.0633,0.8657,0,0.0062,0.011,0.0018,3.5,0,226000,58,1,0.571
C-08003,0.1139,0.3377,0.0385,-0.0855,0.4416,0,-0.0029,0.01035,0.00115,7,0,338000,29,0,0.058
C-08004,0.1582,0.0,0.0,-0.1141,0.4233,0,-0.0038,0.00942,0.00022,2.7,0,679500,36,0,0.078
C-08005,0.1735,0.0,0.0,-0.157,0.4554,0,0.0103,0.01065,0.00145,2.1,0,291000,65,0,0.079
C-08006,0.1773,0.2705,0.048,-0.1718,0.1317,0,0.0509,0.00594,-0.00326,0.4,1,7579500,62,0,0.09
C-08007,0.2203,0.3462,0.0763,-0.2203,0.3974,1,-0.0024,0.011,0.0018,1.2,1,177000,36,1,0.199
C-08008,0.1509,0.0,0.0,-0.1509,0.4731,1,0.0387,0.00951,0.00031,0.3,0,616500,61,0,0.01
C-08009,0.252,0.47,0.1185,-0.252,0.8479,1,0.0281,0.00995,0.00075,2.8,1,430500,75,1,0.722
C-08010,0.0393,0.0,0.0,-0.0311,0.2,0,0.0056,0.00829,-0.00091,8.9,0,1463500,75,0,0.061
C-08011,0.0562,0.0,0.0,0.2135,0.2,0,-0.0074,0.011,0.0018,0.3,0,44500,68,0,0.027
C-08012,0.0603,0.4167,0.0251,0.1447,0.8333,0,0.0138,0.011,0.0018,14.3,0,99500,39,0,0.068
C-08013,0.0761,0.0,0.0,-0.0761,0.5714,1,0.0046,0.011,0.0018,18.4,0,46000,52,0,0.029
C-08014,0.0979,0.3571,0.035,0.1706,0.2857,0,-0.02,0.011,0.0018,0.9,1,71500,31,0,0.048
C-08015,0.0781,0.0,0.0,0.03,0.1538,0,0.0213,0.011,0.0018,4,0,166500,26,0,0.047
C-08016,0.0528,0.0,0.0,0.0106,0.0,0,-0.0034,0.0107,0.0015,5.0,1,284000,38,1,0.352
C-08017,0.1702,0.0,0.0,-0.0681,0.6875,0,0.0002,0.011,0.0018,1.8,0,47000,26,0,0.042
C-08018,0.0948,0.0,0.0,-0.076,0.1412,0,-0.0061,0.00989,0.00069,1.8,0,448500,51,0,0.035
C-08019,0.1549,0.0,0.0,-0.1372,0.2034,0,0.0171,0.00764,-0.00156,16.9,0,2301500,67,0,0.031
C-08020,0.0801,0.0,0.0,-0.071,0.2378,0,-0.0082,0.00586,-0.00334,16.5,0,8320000,53,0,0.03
C-08021,0.1125,0.0,0.0,-0.0895,0.0712,0,-0.0129,0.0086,-0.0006,7.2,0,1248500,62,0,0.058
C-08022,0.095,0.0,0.0,-0.095,0.0,1,0.0211,0.01058,0.00138,5.5,1,300000,30,1,0.396
C-08023,0.0618,0.0,0.0,0.0865,0.0909,0,-0.0057,0.011,0.0018,1.4,0,89000,27,0,0.098
C-08024,0.1015,0.0,0.0,-0.0602,0.4107,0,-0.0051,0.00963,0.00043,2.4,1,551500,51,0,0.023
C-08025,0.0818,0.6111,0.05,-0.0818,0.0,1,0.0184,0.011,0.0018,1.0,0,110000,26,0,0.074
C-08026,0.0856,0.0,0.0,-0.0856,0.5503,1,0.0073,0.00922,2e-05,5.6,0,870500,44,0,0.065
C-08027,0.1595,0.0,0.0,-0.1006,0.2692,0,0.0173,0.011,0.0018,13.1,0,81500,73,1,0.153
C-08028,0.1429,0.3333,0.0476,-0.0286,0.3333,0,0.0118,0.011,0.0018,5.6,0,84000,51,0,0.03
C-08029,0.0844,0.0,0.0,-0.0796,0.4262,0,-0.0093,0.00799,-0.00121,2.2,0,1766000,60,0,0.067
C-08030,0.0577,0.0,0.0,0.0115,1.0,0,-0.0201,0.011,0.0018,2.8,0,190500,44,0,0.033
C-08031,0.2165,0.0,0.0,-0.2165,0.5352,1,0.0038,0.011,0.0018,3.8,0,164000,47,0,0.071
C-08032,0.0843,0.0,0.0,0.0692,0.5172,0,-0.0243,0.011,0.0018,0.8,0,172000,70,0,0.027
C-08033,0.1752,0.2708,0.0474,-0.1401,0.2188,0,-0.0127,0.01078,0.00158,11.4,0,274000,62,0,0.022
C-08034,0.0412,0.0,0.0,-0.0412,0.5,1,0.0069,0.011,0.0018,3,1,48500,25,0,0.039
C-08035,0.1781,0.0,0.0,-0.1232,0.0,0,-0.0109,0.00952,0.00032,3.6,0,612000,40,0,0.074
C-08036,0.0541,0.0,0.0,0.0082,0.64,0,-0.0037,0.011,0.0018,11.5,0,231000,73,0,0.043
C-08037,0.4011,0.84,0.3369,-0.4011,0.6267,1,0.0486,0.011,0.0018,4.9,0,93500,36,1,0.331
C-08038,0.117,0.0,0.0,0.266,0.5455,0,0.0403,0.011,0.0018,2.2,0,47000,27,0,0.076
C-08039,0.1813,0.1429,0.0259,-0.1503,0.4571,0,-0.0064,0.011,0.0018,1.6,1,193000,67,0,0.102
C-08040,0.2033,0.3469,0.0705,-0.1817,0.3469,0,0.0131,0.011,0.0018,7.6,1,241000,74,0,0.08
C-08041,0.1101,0.0,0.0,-0.1101,0.5833,1,0.0004,0.011,0.0018,3.2,1,54500,69,0,0.021
C-08042,0.0526,0.0,0.0,0.1242,0.2,0,0.0026,0.011,0.0018,4,0,47500,26,0,0.078
C-08043,0.0739,0.0,0.0,0.0087,0.5068,0,0.008,0.00977,0.00057,5.8,0,494000,44,0,0.022
C-08044,0.1038,0.0,0.0,0.8698,0.8182,0,-0.0019,0.011,0.0018,0.3,0,53000,42,0,0.052
C-08045,0.123,0.0,0.0,-0.1103,0.6779,0,-0.0141,0.00735,-0.00185,15,1,3028000,37,0,0.046
C-08046,0.097,0.0,0.0,-0.0485,0.6875,0,-0.008,0.011,0.0018,3.3,0,247500,64,0,0.0
C-08047,0.1752,0.0,0.0,-0.1373,0.0,0,0.0113,0.0094,0.0002,4.5,1,696500,37,0,0.009
C-08048,0.1869,0.0,0.0,-0.1869,0.7407,1,0.0056,0.011,0.0018,3.7,0,144500,42,0,0.0
C-08049,0.0691,0.0,0.0,-0.0494,0.5926,0,0.0408,0.00914,-6e-05,0.3,0,977000,56,0,0.043
C-08050,0.027,0.0,0.0,-0.027,0.434,1,-0.0184,0.00914,-6e-05,4.2,0,980500,72,0,0.019
C-08051,0.1449,0.0,0.0,-0.13,0.4855,0,-0.0007,0.00746,-0.00174,3.3,0,2744000,38,0,0.044
C-08052,0.2103,0.0,0.0,-0.1897,0.276,0,0.0,0.00969,0.00049,0.5,0,525500,47,0,0.045
C-08053,0.0671,0.0,0.0,-0.0384,0.2877,0,0.0015,0.00965,0.00045,7.4,0,544000,37,0,0.043
C-08054,0.125,0.0,0.0,-0.0857,0.5082,0,-0.0109,0.011,0.0018,1.4,0,244000,56,0,0.082
C-08055,0.0691,0.3034,0.021,-0.0356,0.5506,0,-0.0075,0.00947,0.00027,1.4,0,644000,63,1,0.631
C-08056,0.0994,0.0,0.0,-0.0994,0.4839,1,0.0429,0.011,0.0018,5.2,0,156000,31,0,0.05
C-08057,0.0526,0.0,0.0,0.0105,0.0,0,0.0101,0.01032,0.00112,6.5,1,342500,61,0,0.078
C-08058,0.1438,0.2889,0.0415,-0.0364,0.8222,0,0.0039,0.011,0.0018,9,1,156500,31,0,0.038
C-08059,0.0357,0.0,0.0,0.0031,0.6981,0,-0.0002,0.00934,0.00014,4.7,0,742500,62,0,0.025
C-08060,0.043,0.0,0.0,-0.043,0.0,1,0.0016,0.011,0.0018,11.6,0,46500,39,0,0.031
C-08061,0.2019,0.0,0.0,-0.1563,0.6824,0,-0.0065,0.011,0.0018,0.3,0,210500,40,0,0.063
C-08062,0.1092,0.0,0.0,-0.0487,0.6154,0,0.0538,0.011,0.0018,6.4,0,59500,57,0,0.036
C-08063,0.201,0.1282,0.0258,-0.201,0.0897,1,-0.0096,0.011,0.0018,3.2,0,194000,42,0,0.083
C-08064,0.0261,0.0,0.0,-0.0261,0.3333,1,0.0415,0.011,0.0018,0.3,0,229500,33,0,0.068
C-08065,0.125,0.4118,0.0515,-0.125,1.0,1,0.0349,0.011,0.0018,3.6,0,68000,42,0,0.059
C-08066,0.0897,0.0,0.0,-0.05,0.0614,0,0.0068,0.00948,0.00028,4,0,635500,26,0,0.028
C-08067,0.1393,0.2941,0.041,0.077,0.4118,0,0.0083,0.011,0.0018,6.9,0,61000,33,1,0.435
C-08068,0.0927,0.0,0.0,-0.0166,0.2368,0,0.0318,0.011,0.0018,6.1,0,205000,74,0,0.049
C-08069,0.0741,0.0,0.0,-0.0406,0.5507,0,0.0095,0.00984,0.00064,10.9,0,465500,55,0,0.048
C-08070,0.0426,0.0,0.0,-0.0426,0.5,1,0.008,0.011,0.0018,3.0,0,47000,31,0,0.085
C-08071,0.0941,0.0,0.0,-0.0105,0.2593,0,-0.0139,0.011,0.0018,4,0,143500,26,0,0.126
C-08072,0.1985,0.3333,0.0662,0.1426,0.6667,0,0.0398,0.011,0.0018,0.3,1,68000,36,1,0.159
C-08073,0.117,0.0,0.0,-0.117,0.3636,1,0.0044,0.011,0.0018,0.8,0,47000,30,0,0.019
C-08074,0.1055,0.0,0.0,-0.1055,0.3644,1,-0.004,0.00962,0.00042,0.9,0,559000,63,0,0.059
C-08075,0.0575,0.6,0.0345,-0.0575,0.6,1,0.0306,0.00994,0.00074,9.1,0,434500,43,1,0.425
C-08076,0.0421,0.0,0.0,-0.0177,0.0,0,0.0394,0.00904,-0.00016,3.1,0,1034000,75,0,0.027
C-08077,0.1096,0.0,0.0,-0.1035,1.0,0,0.003,0.0084,-0.0008,6.4,1,1382500,73,0,0.021
C-08078,0.1298,0.0,0.0,-0.0639,0.1442,0,-0.0016,0.01006,0.00086,0.3,0,400500,46,0,0.051
C-08079,0.2692,0.3524,0.0949,-0.1862,0.4762,0,-0.0061,0.0101,0.0009,6.7,1,390000,43,0,0.071
C-08080,0.1055,0.0,0.0,-0.1055,0.9245,1,0.001,0.00849,-0.00071,4.0,0,1317000,72,0,0.056
C-08081,0.1586,0.0,0.0,-0.1586,0.7143,1,0.0377,0.01027,0.00107,4.7,0,353000,45,0,0.003
C-08082,0.0748,0.0,0.0,-0.0748,0.3636,1,-0.0118,0.011,0.0018,1.4,1,220500,67,0,0.047
C-08083,0.0937,0.0,0.0,-0.0902,0.3652,0,0.0056,0.00574,-0.00346,5.9,0,9645000,45,0,0.015
C-08084,0.1824,0.241,0.044,-0.159,0.5709,0,0.0038,0.00708,-0.00212,0.3,1,3423000,45,1,0.338
C-08085,0.1887,0.3375,0.0637,-0.1208,0.7125,0,-0.0072,0.011,0.0018,14.5,1,212000,72,0,0.059
C-08086,0.1207,0.0,0.0,0.0448,0.2857,0,-0.0165,0.011,0.0018,0.9,1,58000,42,0,0.036
C-08087,0.5232,0.8354,0.4371,-0.5232,0.962,1,0.047,0.011,0.0018,4.6,1,75500,38,0,0.027
C-08088,0.1221,0.0,0.0,-0.0545,0.0769,0,-0.0019,0.011,0.0018,2.7,0,213000,70,0,0.051
C-08089,0.0829,0.0,0.0,-0.0829,0.4857,1,-0.0098,0.00998,0.00078,1.6,0,422000,38,0,0.076
C-08090,0.1467,0.0,0.0,0.0773,0.4091,0,0.0046,0.011,0.0018,18.4,1,75000,48,0,0.065
C-08091,0.0891,0.4,0.0357,-0.0378,0.64,0,-0.0049,0.01073,0.00153,2.8,1,280500,65,0,0.008
C-08092,0.0619,0.0,0.0,0.108,0.5,0,-0.0095,0.011,0.0018,15.9,0,113000,54,1,0.138
C-08093,0.2338,0.1994,0.0466,-0.224,0.3624,0,-0.0003,0.00829,-0.00091,4.2,0,1469500,61,0,0.048
C-08094,0.2627,0.225,0.0591,-0.2356,0.2,0,-0.0064,0.00967,0.00047,1.2,0,533000,75,0,0.001
C-08095,0.2048,0.249,0.051,-0.1653,0.249,0,0.0027,0.00953,0.00033,4.6,0,608000,61,0,0.094
C-08096,0.0761,0.4776,0.0363,-0.0455,0.0,0,-0.0146,0.00813,-0.00107,3.7,0,1610500,56,0,0.002
C-08097,0.0978,0.0,0.0,-0.0879,0.3099,0,0.0289,0.01022,0.00102,30,0,363000,65,0,0.053
C-08098,0.144,0.0,0.0,0.0263,0.7571,0,0.0027,0.00979,0.00059,3.3,0,486000,44,0,0.072
C-08099,0.0542,0.0,0.0,-0.0367,0.3659,0,-0.0093,0.00933,0.00013,1.8,1,757000,45,0,0.038
C-08100,0.1333,0.2939,0.0392,-0.1333,0.8026,1,-0.0089,0.00923,3e-05,4.0,0,855000,66,0,0.033
C-08101,0.182,0.0,0.0,-0.182,0.0667,1,0.0547,0.01067,0.00147,2.7,1,288500,25,0,0.001
C-08102,0.1366,0.0,0.0,-0.1366,0.2372,1,0.0004,0.00803,-0.00117,9.0,0,1713500,50,0,0.043
C-08103,0.0508,0.0,0.0,-0.0321,0.3243,0,0.0523,0.01021,0.00101,12,0,364500,34,0,0.101
C-08104,0.1797,0.0,0.0,-0.1779,0.4184,0,-0.0063,0.00683,-0.00237,10.6,1,3903000,66,0,0.028
C-08105,0.0994,0.0,0.0,-0.0994,0.4894,1,0.035,0.00742,-0.00178,8.2,0,2846500,54,0,0.047
C-08106,0.1582,0.56,0.0886,-0.1582,0.84,1,0.03,0.011,0.0018,5.9,0,79000,52,0,0.003
C-08107,0.1849,0.1224,0.0226,0.0687,0.1224,0,-0.0038,0.011,0.0018,0.9,0,132500,62,0,0.026
C-08108,0.2267,0.0,0.0,-0.1954,0.5,0,-0.0009,0.00975,0.00055,4.1,1,498500,30,1,0.111
C-08109,0.2685,0.2069,0.0556,-0.2685,0.5172,1,0.0481,0.011,0.0018,24.0,1,108000,50,0,0.01
C-08110,0.1625,0.3964,0.0644,-0.1379,0.2793,0,-0.0001,0.01033,0.00113,14.9,1,341500,74,0,0.041
C-08111,0.0588,0.0,0.0,-0.0544,0.0859,0,-0.0056,0.00891,-0.00029,1.2,1,1089000,69,0,0.044
C-08112,0.0239,0.0,0.0,0.045,0.6,0,-0.0126,0.011,0.0018,4.4,0,104500,29,0,0.011
C-08113,0.149,0.0,0.0,-0.0999,0.1716,0,-0.0041,0.00941,0.00021,0.3,0,684500,25,0,0.063
C-08114,0.1591,0.3214,0.0511,-0.1591,0.4554,1,0.0067,0.01028,0.00108,0.3,1,352000,67,0,0.018
C-08115,0.1618,0.0,0.0,-0.0855,0.5357,0,0.0286,0.011,0.0018,5.3,1,86500,72,0,0.023
C-08116,0.2021,0.7368,0.1489,-0.2021,1.0,1,0.0039,0.011,0.0018,10.7,1,47000,49,1,0.504
C-08117,0.1163,0.0,0.0,0.0326,0.1333,0,0.0155,0.011,0.0018,10.7,0,64500,39,0,0.048
C-08118,0.0206,0.0,0.0,-0.0206,0.0,1,-0.0068,0.011,0.0018,1.3,0,48500,65,0,0.008
C-08119,0.026,0.0,0.0,0.0118,0.0,0,-0.003,0.00936,0.00016,1.8,0,730000,70,0,0.045
C-08120,0.1739,0.3333,0.058,-0.1739,0.5417,1,0.0181,0.011,0.0018,0.9,1,69000,37,0,0.037
C-08121,0.0923,0.0,0.0,-0.0923,0.5254,1,0.0538,0.01046,0.00126,0.3,0,319500,26,0,0.043
C-08122,0.1359,0.2188,0.0297,-0.0187,0.3125,0,-0.0142,0.011,0.0018,10,0,235500,32,0,0.051
C-08123,0.1341,0.0,0.0,-0.1283,0.446,0,-0.0145,0.00903,-0.00017,8.5,1,1036500,55,0,0.02
C-08124,0.1495,0.0,0.0,-0.1495,0.4138,1,0.0365,0.011,0.0018,4.5,1,97000,31,1,0.214
C-08125,0.0967,0.0,0.0,-0.0967,1.0,1,0.0346,0.0096,0.0004,21.7,0,568500,71,0,0.017
C-08126,0.1151,0.0,0.0,0.0349,0.8286,0,0.0008,0.011,0.0018,0.3,0,152000,48,0,0.016
C-08127,0.1736,0.156,0.0271,-0.1619,0.3632,0,-0.0063,0.00767,-0.00153,3.8,0,2252000,50,0,0.025
C-08128,0.1395,0.0,0.0,-0.1207,0.2987,0,0.0059,0.00925,5e-05,2.8,0,828000,29,0,0.057
C-08129,0.1159,0.0,0.0,-0.1159,0.2931,1,0.045,0.00912,-8e-05,11.5,0,1000500,73,0,0.011
C-08130,0.1524,0.625,0.0952,-0.1524,0.25,1,0.0251,0.01088,0.00168,2.2,1,262500,35,0,0.06
C-08131,0.0645,0.0,0.0,-0.0645,0.3333,1,0.0143,0.011,0.0018,5.5,1,46500,38,0,0.006
C-08132,0.0857,0.4007,0.0344,-0.0664,0.0627,0,0.0157,0.00807,-0.00113,3.0,0,1673500,73,0,0.007
C-08133,0.3201,0.7518,0.2406,-0.2901,0.4184,0,0.0362,0.00992,0.00072,0.6,1,440500,34,1,0.4
C-08134,0.1021,0.4505,0.046,-0.0852,0.0,0,0.0128,0.00797,-0.00123,0.3,0,1783000,48,0,0.07
C-08135,0.0546,0.0,0.0,-0.0546,1.0,1,0.0106,0.011,0.0018,4.3,0,91500,57,0,0.048
C-08136,0.3342,0.5285,0.1766,-0.2495,0.1545,0,0.007,0.011,0.0018,5.0,1,184000,35,0,0.0
C-08137,0.1555,0.0,0.0,-0.1445,0.4412,0,-0.0084,0.01041,0.00121,1.0,0,328000,32,0,0.05
C-08138,0.028,0.0,0.0,0.2216,0.1429,0,-0.0074,0.011,0.0018,1.1,1,125000,57,0,0.044
C-08139,0.2069,0.2049,0.0424,-0.2069,0.5729,1,0.0032,0.0094,0.0002,3.6,0,696000,34,0,0.013
C-08140,0.0731,0.0,0.0,-0.0549,0.4596,0,0.0116,0.00739,-0.00181,7.0,0,2962000,54,0,0.047
C-08141,0.0566,0.0,0.0,-0.054,0.0,0,0.008,0.00794,-0.00126,1.8,0,1819500,72,0,0.076
C-08142,0.1423,0.0,0.0,-0.0569,0.7212,0,0.0041,0.01021,0.00101,26,0,365500,48,0,0.122
C-08143,0.1133,0.0,0.0,-0.1005,0.1879,0,0.0053,0.00945,0.00025,6.3,0,657500,59,0,0.082
C-08144,0.096,0.0,0.0,-0.096,0.8121,1,0.0473,0.00923,3e-05,7.4,0,859500,63,0,0.048
C-08145,0.07,0.0,0.0,-0.0465,0.6344,0,-0.0061,0.00944,0.00024,8.6,0,664500,33,0,0.03
C-08146,0.0689,0.0,0.0,-0.0511,0.5347,0,0.0148,0.00776,-0.00144,1.1,1,2091000,54,0,0.0
C-08147,0.119,0.0,0.0,-0.119,0.0,1,-0.012,0.011,0.0018,1.6,1,134500,51,0,0.006
C-08148,0.1389,0.0,0.0,-0.0856,0.38,0,0.0064,0.011,0.0018,11.1,0,180000,68,0,0.023
C-08149,0.3182,0.6667,0.2121,-0.3182,0.0714,1,0.0286,0.011,0.0018,1.1,0,66000,30,0,0.051
C-08150,0.1368,0.4327,0.0592,-0.1368,0.2692,1,0.0046,0.01014,0.00094,3.0,1,380000,51,0,0.018
C-08151,0.1645,0.7356,0.121,-0.1645,0.1839,1,0.0108,0.01086,0.00166,0.3,1,264500,30,1,0.624
C-08152,0.0819,0.0,0.0,-0.0419,0.6481,0,0.0004,0.00945,0.00025,4.4,0,659000,42,0,0.0
C-08153,0.1506,0.0,0.0,-0.1301,0.5349,0,0.0016,0.00854,-0.00066,12.9,0,1284500,48,0,0.05
C-08154,0.0763,0.0,0.0,-0.0324,0.0,0,-0.0013,0.00984,0.00064,1.7,1,465500,37,0,0.076
C-08155,0.0906,0.0,0.0,-0.0718,0.6827,0,0.0037,0.00959,0.00039,7.2,0,574000,32,0,0.072
C-08156,0.1683,0.4638,0.078,-0.1098,0.6957,0,0.0031,0.011,0.0018,5.1,0,205000,69,0,0.042
C-08157,0.1452,0.0,0.0,-0.0512,0.6966,0,-0.0008,0.01054,0.00134,2.8,1,306500,39,0,0.013
C-08158,0.1131,0.0,0.0,-0.1131,0.281,1,-0.0069,0.00967,0.00047,10.7,0,535000,65,0,0.023
C-08159,0.0405,0.0,0.0,0.0081,0.9,0,0.0049,0.011,0.0018,8.2,0,123500,62,0,0.04
C-08160,0.1127,0.2805,0.0316,-0.1096,0.2958,0,0.0136,0.00689,-0.00231,2.0,0,3778500,64,0,0.015
C-08161,0.1432,0.0,0.0,-0.1367,0.6075,0,-0.0125,0.00792,-0.00128,18.8,0,1851000,47,0,0.004
C-08162,0.0948,0.0,0.0,-0.0926,0.3937,0,0.0382,0.00586,-0.00334,11.8,0,8269000,50,0,0.033
C-08163,0.0997,0.0,0.0,-0.0271,0.8539,0,-0.0028,0.0099,0.0007,3.3,0,446500,43,0,0.029
C-08164,0.118,0.2229,0.0263,-0.0575,0.3096,0,0.0421,0.00842,-0.00078,1.8,0,1369000,34,0,0.021
C-08165,0.0707,0.0,0.0,-0.0384,0.0,0,0.0493,0.011,0.0018,3.7,1,148500,69,0,0.0
C-08166,0.0407,0.0,0.0,-0.0045,0.0,0,0.0059,0.00932,0.00012,4.6,0,762000,28,0,0.049
C-08167,0.0587,0.0,0.0,-0.0528,0.2604,0,0.0008,0.00926,6e-05,0.3,0,817500,70,0,0.0
C-08168,0.1197,0.0,0.0,-0.1197,0.5,1,-0.0072,0.011,0.0018,7,0,58500,29,0,0.061
C-08169,0.1383,0.0,0.0,0.1936,0.4615,0,-0.0058,0.011,0.0018,2.2,0,47000,39,0,0.032
C-08170,0.101,0.0,0.0,-0.0551,0.8108,0,0.0195,0.01021,0.00101,5.4,0,366500,60,0,0.046
C-08171,0.0765,0.0,0.0,-0.0765,0.2,1,0.014,0.011,0.0018,10.8,0,98000,69,0,0.045
C-08172,0.087,0.0,0.0,1.3739,0.375,0,0.0056,0.011,0.0018,13,0,46000,35,0,0.045
C-08173,0.1676,0.0,0.0,-0.1676,0.8269,1,0.0053,0.00931,0.00011,3.4,1,775500,36,0,0.037
C-08174,0.1075,0.0,0.0,-0.0747,0.619,0,0.0007,0.01063,0.00143,4.2,0,293000,49,0,0.058
C-08175,0.1413,0.0,0.0,-0.1027,0.0483,0,-0.0069,0.00906,-0.00014,12.1,0,1026500,56,0,0.0
C-08176,0.1237,0.0,0.0,-0.0577,0.8056,0,-0.0029,0.011,0.0018,10.8,0,145500,72,0,0.011
C-08177,0.0855,0.0,0.0,-0.0677,0.4348,0,0.0025,0.011,0.0018,0.3,0,134500,62,0,0.055
C-08178,0.0714,0.0,0.0,0.0532,0.5455,0,-0.006,0.011,0.0018,9.6,0,77000,33,0,0.037
C-08179,0.0775,0.0,0.0,-0.0288,0.0,0,0.0038,0.00965,0.00045,2.4,0,542000,41,0,0.049
C-08180,0.0535,0.0,0.0,-0.014,0.0,0,0.0046,0.011,0.0018,4.8,0,121500,73,0,0.031
C-08181,0.1407,0.0,0.0,-0.0384,0.803,0,-0.0057,0.011,0.0018,0.3,0,234500,43,0,0.032
C-08182,0.1329,0.0,0.0,-0.1329,0.6977,1,0.04,0.0083,-0.0009,9.6,1,1456000,35,0,0.032
C-08183,0.0955,0.0,0.0,-0.0889,0.5376,0,0.006,0.00919,-1e-05,0.7,0,906000,53,0,0.049
C-08184,0.1677,0.0,0.0,-0.1577,0.5031,0,0.0021,0.00915,-5e-05,11.8,0,960000,60,0,0.023
C-08185,0.1326,0.0,0.0,-0.1326,0.2437,1,0.04,0.00786,-0.00134,3.4,0,1934500,53,1,0.232
C-08186,0.0513,0.0,0.0,-0.0513,0.0,1,0.0518,0.011,0.0018,6.8,0,58500,36,0,0.028
C-08187,0.0575,0.0,0.0,0.0253,0.8,0,0.0009,0.011,0.0018,9,1,130500,31,0,0.02
C-08188,0.0773,0.0,0.0,-0.0564,0.4789,0,-0.0117,0.00986,0.00066,6.6,1,459500,60,0,0.05
C-08189,0.0454,0.0,0.0,-0.0432,0.1392,0,-0.0061,0.00773,-0.00147,1.1,0,2135500,75,0,0.049
C-08190,0.0825,0.0,0.0,0.1649,0.0,0,-0.0177,0.011,0.0018,3,0,48500,25,0,0.048
C-08191,0.227,0.0,0.0,-0.2043,0.225,0,-0.0015,0.00898,-0.00022,1.1,0,1057500,41,0,0.038
C-08192,0.1268,0.0,0.0,-0.1137,0.2341,0,-0.001,0.00801,-0.00119,17,1,1734500,39,0,0.038
C-08193,0.1071,0.0,0.0,-0.1071,0.4167,1,0.0429,0.011,0.0018,3.0,0,224000,57,0,0.108
C-08194,0.0504,0.0,0.0,-0.0135,0.0,0,0.0029,0.00857,-0.00063,0.4,0,1270500,41,0,0.058
C-08195,0.0449,0.0,0.0,0.0209,0.8889,0,0.0068,0.011,0.0018,2.0,0,200500,61,0,0.035
C-08196,0.0769,0.0,0.0,0.5231,0.625,0,-0.0092,0.011,0.0018,3.7,0,52000,43,0,0.074
C-08197,0.1863,0.2914,0.0543,-0.176,0.4716,0,-0.0174,0.00768,-0.00152,2.0,1,2219500,66,0,0.063
C-08198,0.1171,0.0,0.0,-0.0715,0.3784,0,-0.0055,0.011,0.0018,2.3,0,158000,33,0,0.065
C-08199,0.1687,0.0,0.0,0.2165,1.0,0,0.0033,0.011,0.0018,17.0,0,121500,53,0,0.055
C-08200,0.0527,0.0,0.0,-0.0527,0.0,1,-0.0099,0.0107,0.0015,3.7,1,284500,31,0,0.066
C-08201,0.2483,0.4645,0.1153,-0.2483,0.8197,1,0.0141,0.0102,0.001,1.7,1,368500,30,1,0.306
C-08202,0.1581,0.3905,0.0617,-0.1581,0.7048,1,-0.0008,0.01038,0.00118,5.8,0,332000,55,0,0.0
C-08203,0.1039,0.0,0.0,-0.1039,0.9091,1,0.0161,0.00998,0.00078,8.2,0,423500,35,0,0.0
C-08204,0.1112,0.0,0.0,-0.092,0.2477,0,0.0334,0.00781,-0.00139,2.0,1,1996500,29,0,0.021
C-08205,0.1223,0.0,0.0,-0.1223,0.1964,1,0.0161,0.011,0.0018,3.2,0,229000,72,0,0.0
C-08206,0.1383,0.0,0.0,-0.1024,0.292,0,-0.0124,0.00919,-1e-05,20.8,0,904000,63,0,0.071
C-08207,0.1136,0.0,0.0,-0.0227,0.6667,0,-0.0147,0.011,0.0018,8.8,0,66000,32,0,0.1
C-08208,0.1575,0.6667,0.105,-0.1575,1.0,1,0.0083,0.011,0.0018,2.4,0,190500,38,0,0.038
C-08209,0.2903,0.2222,0.0645,-0.2903,0.2963,1,0.0516,0.011,0.0018,5.1,1,46500,72,1,0.473
C-08210,0.1163,0.0,0.0,-0.1163,0.1,1,0.0517,0.011,0.0018,5.6,0,86000,45,0,0.03
C-08211,0.1694,0.0,0.0,-0.1554,0.0346,0,-0.0059,0.00906,-0.00014,5.9,1,1024000,42,0,0.006
C-08212,0.1016,0.0,0.0,-0.0757,0.4824,0,-0.016,0.00999,0.00079,0.3,1,418500,74,0,0.0
C-08213,0.1173,0.0,0.0,-0.1124,0.452,0,0.0262,0.00757,-0.00163,2.7,0,2443000,66,0,0.067
C-08214,0.1608,0.0,0.0,-0.1608,0.1955,1,0.0024,0.01001,0.00081,2.5,0,413500,75,1,0.322
C-08215,0.1676,0.0,0.0,-0.1558,0.8563,0,0.011,0.00908,-0.00012,1.1,0,1017500,38,0,0.017
C-08216,0.0856,0.0,0.0,-0.0116,0.72,0,-0.0053,0.011,0.0018,1.5,0,146000,29,0,0.039
C-08217,0.0988,0.0,0.0,-0.0988,0.8824,1,-0.0085,0.011,0.0018,10.1,1,172000,39,0,0.021
C-08218,0.2111,0.6905,0.1457,-0.1447,0.0,0,0.0306,0.011,0.0018,5.6,0,199000,70,0,0.018
C-08219,0.0343,0.0,0.0,-0.0343,0.6364,1,-0.0094,0.011,0.0018,0.4,0,160500,44,0,0.031
C-08220,0.0588,0.0,0.0,-0.0588,0.0,1,0.0007,0.011,0.0018,6.5,0,212500,60,0,0.056
C-08221,0.1146,0.0,0.0,-0.1146,1.0,1,-0.0129,0.011,0.0018,6.6,1,205000,61,0,0.002
C-08222,0.1157,0.0,0.0,-0.0269,0.52,0,-0.0017,0.011,0.0018,2.1,0,108000,30,0,0.0
C-08223,0.09,0.0,0.0,0.0237,0.5789,0,0.0446,0.011,0.0018,2.0,0,105500,74,1,0.315
C-08224,0.2501,0.0,0.0,-0.2266,0.6685,0,-0.0009,0.00834,-0.00086,0.3,0,1429500,35,0,0.023
C-08225,0.137,0.0,0.0,-0.0719,0.7723,0,-0.0059,0.0102,0.001,3.0,0,368500,47,0,0.063
C-08226,0.0405,0.0,0.0,-0.0234,0.4286,0,0.0402,0.00884,-0.00036,3.4,0,1123500,63,1,0.139
C-08227,0.1417,0.0,0.0,-0.1228,0.6181,0,-0.0175,0.00973,0.00053,1.0,1,508000,50,0,0.019
C-08228,0.0955,0.0,0.0,0.0755,0.619,0,-0.0011,0.01039,0.00119,0.6,1,330000,40,0,0.026
C-08229,0.1107,0.0,0.0,-0.0705,0.0,0,0.0329,0.011,0.0018,1.5,0,149000,29,0,0.036
C-08230,0.0875,0.0,0.0,-0.0875,0.0,1,-0.0146,0.011,0.0018,0.4,1,80000,31,0,0.049
C-08231,0.0503,0.0,0.0,-0.0435,1.0,0,0.0369,0.011,0.0018,3.2,1,218500,65,0,0.0
C-08232,0.1261,0.0,0.0,0.0555,0.4444,0,0.0047,0.011,0.0018,6.8,0,178500,55,0,0.101
C-08233,0.0461,0.0,0.0,-0.0115,1.0,0,0.0453,0.00783,-0.00137,8.0,0,1972000,62,0,0.055
C-08234,0.1034,0.0,0.0,-0.0896,0.4097,0,-0.0112,0.0094,0.0002,8.4,1,696500,66,0,0.0
C-08235,0.2292,0.0,0.0,-0.2292,0.2727,1,-0.0035,0.011,0.0018,1.8,0,72000,28,0,0.0
C-08236,0.0749,0.0,0.0,-0.0749,0.4245,1,-0.0084,0.00791,-0.00129,11.1,0,1855500,60,0,0.022
C-08237,0.1657,0.0,0.0,-0.1517,0.3509,0,-0.0065,0.011,0.0018,0.6,1,172000,26,1,0.588
C-08238,0.1087,0.0,0.0,-0.0955,0.6878,0,0.0267,0.00891,-0.00029,3.2,1,1090000,53,0,0.048
C-08239,0.1018,0.0,0.0,-0.0344,0.4483,0,-0.0063,0.011,0.0018,5.5,0,142500,30,1,0.06
C-08240,0.0855,0.0,0.0,0.0171,0.5,0,0.0087,0.011,0.0018,2.4,0,58500,65,0,0.068
C-08241,0.1876,0.6696,0.1256,-0.1876,0.5565,1,0.0366,0.01054,0.00134,1.9,1,306500,31,1,0.398
C-08242,0.1232,0.0,0.0,-0.1232,0.4737,1,-0.0063,0.00863,-0.00057,3.2,1,1233500,29,0,0.062
C-08243,0.1593,0.2979,0.0475,-0.1593,0.2979,1,-0.0067,0.011,0.0018,10.7,0,147500,75,0,0.086
C-08244,0.0201,0.0,0.0,0.0361,0.1667,0,-0.0024,0.011,0.0018,1.3,0,149500,32,0,0.05
C-08245,0.1884,0.0,0.0,-0.0899,0.1795,0,0.004,0.011,0.0018,0.5,0,207000,56,0,0.078
C-08246,0.3416,0.5115,0.1747,-0.3416,0.6843,1,0.0387,0.00857,-0.00063,3.0,1,1270500,58,1,0.331
C-08247,0.5005,0.866,0.4334,-0.5005,0.0298,1,0.0484,0.00983,0.00063,2.3,1,469500,75,1,0.964
C-08248,0.0661,0.0,0.0,-0.0436,0.0,0,0.003,0.00909,-0.00011,2.8,0,1013000,47,0,0.091
C-08249,0.2236,0.4444,0.0994,0.0149,0.5,0,-0.0032,0.011,0.0018,2.0,1,80500,26,0,0.09
C-08250,0.0759,0.0,0.0,0.0566,1.0,0,0.0021,0.011,0.0018,5.2,0,72500,46,0,0.077
C-08251,0.1146,0.0,0.0,0.1376,0.5,0,0.0415,0.011,0.0018,21,1,78500,43,0,0.014
C-08252,0.0763,0.0,0.0,-0.0763,0.0,1,-0.0125,0.011,0.0018,1.8,1,59000,63,0,0.073
C-08253,0.1358,0.2216,0.0301,-0.1282,0.6064,0,0.0007,0.00858,-0.00062,17.3,0,1262500,53,0,0.003
C-08254,0.1083,0.0,0.0,-0.1083,0.0,1,0.0417,0.011,0.0018,2.1,1,120000,27,1,0.172
C-08255,0.1018,0.0,0.0,-0.1018,0.3718,1,-0.0035,0.01013,0.00093,3.7,0,383000,66,0,0.087
C-08256,0.234,0.5455,0.1277,-0.234,0.1364,1,0.0331,0.011,0.0018,0.3,0,47000,45,0,0.029
C-08257,0.085,0.0,0.0,-0.0258,0.6129,0,-0.0002,0.01021,0.00101,3.4,0,364500,45,0,0.021
C-08258,0.2772,0.5231,0.145,-0.2772,0.3769,1,0.0124,0.011,0.0018,1.1,1,234500,73,0,0.036
C-08259,0.1538,0.0,0.0,-0.0565,0.2363,0,-0.008,0.00956,0.00036,0.3,0,591500,42,0,0.054
C-08260,0.0594,0.0,0.0,-0.0594,0.0833,1,-0.0012,0.011,0.0018,1.1,0,202000,35,0,0.034
C-08261,0.1308,0.5714,0.0748,-0.1308,0.0,1,-0.003,0.011,0.0018,0.3,0,107000,34,1,0.66
C-08262,0.1237,0.0,0.0,-0.0975,0.3015,0,-0.0002,0.00964,0.00044,1.6,0,549500,53,0,0.037
C-08263,0.1618,0.0,0.0,0.0185,0.6429,0,-0.004,0.011,0.0018,22.9,0,173000,59,0,0.0
C-08264,0.4741,0.8992,0.4263,-0.2733,0.395,0,0.0471,0.011,0.0018,9.2,1,125500,63,1,0.788
C-08265,0.1013,0.0,0.0,-0.1013,0.3125,1,0.0273,0.00938,0.00018,8.7,0,710500,54,0,0.035
C-08266,0.1108,0.0,0.0,-0.0898,0.7482,0,-0.0092,0.0095,0.0003,3.5,1,627000,62,0,0.0
C-08267,0.1747,0.4118,0.0719,-0.1171,0.8235,0,0.0057,0.011,0.0018,2.4,0,146000,34,0,0.034
C-08268,0.1637,0.0,0.0,-0.1637,0.6486,1,0.0398,0.011,0.0018,7.7,1,113000,46,0,0.025
C-08269,0.1806,0.0,0.0,-0.0749,0.561,0,0.0103,0.011,0.0018,8.9,0,113500,73,0,0.095
C-08270,0.1646,0.0,0.0,-0.128,0.5864,0,0.0074,0.00977,0.00057,0.5,0,492000,41,0,0.056
C-08271,0.0934,0.0,0.0,-0.0934,0.7009,1,0.0471,0.0095,0.0003,3.3,1,626500,33,0,0.0
C-08272,0.1082,0.0,0.0,-0.0396,0.5094,0,0.009,0.011,0.0018,4.6,0,245000,39,0,0.059
C-08273,0.1255,0.0,0.0,-0.0701,0.4713,0,-0.001,0.0103,0.0011,7.3,0,346500,38,0,0.046
C-08274,0.0612,0.0,0.0,-0.0612,0.5,1,0.0323,0.011,0.0018,0.3,0,49000,25,0,0.043
C-08275,0.1054,0.0,0.0,-0.1054,0.2903,1,0.0243,0.00956,0.00036,13.3,1,588500,52,0,0.099
C-08276,0.1852,0.28,0.0519,-0.0785,0.48,0,0.0083,0.011,0.0018,0.5,0,67500,27,0,0.021
C-08277,0.1654,0.0,0.0,-0.11,0.0,0,-0.0106,0.011,0.0018,8.3,0,130000,31,0,0.02
C-08278,0.188,0.0,0.0,0.0331,0.3709,0,0.0085,0.01006,0.00086,2.6,0,401500,58,0,0.062
C-08279,0.092,0.2188,0.0201,-0.0713,0.8125,0,0.0081,0.0103,0.0011,14.4,0,348000,62,0,0.035
C-08280,0.14,0.5,0.07,0.196,0.7857,0,0.0067,0.011,0.0018,4.2,0,50000,35,0,0.01
C-08281,0.2415,0.4457,0.1076,-0.2163,0.4674,0,0.0091,0.011,0.0018,7.4,0,190500,66,0,0.11
C-08282,0.1818,0.0,0.0,-0.1091,0.2222,0,0.0342,0.011,0.0018,3.2,0,49500,47,0,0.048
C-08283,0.1379,0.0,0.0,0.0276,0.1875,0,0.0002,0.011,0.0018,9.7,1,58000,50,0,0.017
C-08284,0.1878,0.4054,0.0761,-0.0904,0.8378,0,0.0125,0.011,0.0018,0.6,0,98500,36,0,0.062
C-08285,0.0978,0.0,0.0,-0.05,0.0556,0,0.0019,0.01076,0.00156,10.9,1,276000,59,0,0.025
C-08286,0.1236,0.0,0.0,-0.0629,0.0,0,0.0033,0.011,0.0018,0.3,0,178000,30,0,0.007
C-08287,0.1019,0.0,0.0,-0.0379,0.2381,0,0.0055,0.011,0.0018,10.7,0,206000,61,0,0.016
C-08288,0.2745,0.5584,0.1533,-0.2496,0.7825,0,0.046,0.00961,0.00041,1.8,1,561000,48,0,0.03
C-08289,0.2651,0.1849,0.049,-0.2651,0.5725,1,0.0166,0.00804,-0.00116,2.5,1,1703000,43,0,0.038
C-08290,0.0745,0.0,0.0,0.0277,0.2857,0,-0.0055,0.011,0.0018,1.1,0,47000,38,0,0.084
C-08291,0.1166,0.0,0.0,-0.0982,0.0,0,0.0143,0.00805,-0.00115,4.7,0,1698500,38,0,0.0
C-08292,0.1629,0.4769,0.0777,-0.0907,0.6923,0,0.002,0.011,0.0018,0.5,1,199500,25,1,0.581
C-08293,0.1587,0.0,0.0,-0.1522,0.3883,0,-0.0124,0.00729,-0.00191,7.4,0,3116000,39,0,0.086
C-08294,0.1917,0.6522,0.125,-0.1277,0.1565,0,0.009,0.01058,0.00138,5.7,1,300000,38,1,0.332
C-08295,0.223,0.1444,0.0322,-0.1234,0.8528,0,-0.0136,0.00927,7e-05,1.2,0,807000,48,1,0.107
C-08296,0.0898,0.0,0.0,-0.0898,0.5614,1,0.0345,0.01047,0.00127,0.5,0,317500,34,0,0.034
C-08297,0.2083,0.5778,0.1204,-0.2083,0.8444,1,0.0322,0.011,0.0018,0.3,1,108000,48,1,0.528
C-08298,0.1236,0.0,0.0,-0.1074,0.3781,0,0.0054,0.00927,7e-05,7.5,0,813000,40,0,0.01
C-08299,0.1629,0.6589,0.1074,-0.1629,0.6589,1,0.0395,0.00831,-0.00089,5.6,0,1448500,56,0,0.07
C-08300,0.0909,0.0,0.0,0.0014,0.8077,0,-0.0082,0.011,0.0018,9.1,0,143000,59,0,0.054
C-08301,0.107,0.0,0.0,-0.0596,0.4076,0,-0.0196,0.00935,0.00015,0.3,0,733500,67,0,0.053
C-08302,0.1367,0.0,0.0,-0.1108,0.8026,0,-0.0111,0.01075,0.00155,7.3,0,278000,31,0,0.043
C-08303,0.1937,0.0,0.0,-0.1937,0.2326,1,0.0149,0.011,0.0018,8.0,1,111000,39,0,0.071
C-08304,0.0879,0.0,0.0,0.2022,1.0,0,-0.0183,0.011,0.0018,2.6,0,45500,61,0,0.064
C-08305,0.2357,0.2703,0.0637,-0.1745,0.3243,0,-0.0071,0.011,0.0018,28,0,78500,50,0,0.063
C-08306,0.098,0.0,0.0,-0.0196,0.0,0,0.0003,0.00996,0.00076,0.3,0,428500,57,1,0.05
C-08307,0.1037,0.0,0.0,-0.0677,0.7368,0,0.0097,0.01021,0.00101,5.4,1,366500,35,1,0.05
C-08308,0.0853,0.0,0.0,-0.0853,0.7821,1,-0.001,0.00987,0.00067,17.9,0,457000,40,0,0.032
C-08309,0.1142,0.0,0.0,-0.1142,0.6981,1,0.0187,0.011,0.0018,19.1,0,232000,55,0,0.024
C-08310,0.0611,0.0,0.0,-0.0611,0.35,1,0.0074,0.00926,6e-05,23.3,1,818000,74,0,0.057
C-08311,0.149,0.0,0.0,-0.1365,0.0435,0,0.021,0.01012,0.00092,4.1,0,386000,44,0,0.025
C-08312,0.0797,0.0,0.0,-0.056,0.5513,0,0.0079,0.00829,-0.00091,11.6,0,1467500,60,0,0.054
C-08313,0.0787,0.0,0.0,-0.0787,0.7429,1,-0.0047,0.011,0.0018,14,0,222500,36,0,0.053
C-08314,0.128,0.1622,0.0208,-0.128,0.7297,1,-0.0075,0.011,0.0018,0.4,1,144500,26,1,0.204
C-08315,0.0957,0.0,0.0,0.0052,0.5909,0,0.0053,0.01031,0.00111,8,0,345000,30,0,0.012
C-08316,0.1536,0.0,0.0,-0.1217,0.8846,0,0.0041,0.01035,0.00115,0.9,1,338500,74,0,0.084
C-08317,0.214,0.1739,0.0372,-0.135,0.3846,0,-0.0042,0.00939,0.00019,0.5,0,698500,43,0,0.005
C-08318,0.1178,0.0,0.0,0.0267,0.7556,0,0.0005,0.011,0.0018,1.3,0,191000,34,0,0.034
C-08319,0.1878,0.0,0.0,-0.1144,0.5814,0,0.0058,0.011,0.0018,4.5,1,114500,60,0,0.016
C-08320,0.177,0.0,0.0,0.3752,0.35,0,0.0077,0.011,0.0018,11.8,0,56500,58,0,0.045
C-08321,0.1411,0.0,0.0,-0.1267,0.5745,0,-0.0131,0.01038,0.00118,4.0,0,333000,47,0,0.056
C-08322,0.1933,0.0,0.0,0.0947,0.5172,0,0.0038,0.011,0.0018,5.7,0,75000,43,0,0.015
C-08323,0.1344,0.5405,0.0727,-0.1126,0.6892,0,-0.0093,0.00964,0.00044,0.3,1,550500,41,0,0.054
C-08324,0.1394,0.0,0.0,-0.119,0.3756,0,0.0462,0.00938,0.00018,5.0,0,706500,55,0,0.054
C-08325,0.1982,0.0,0.0,-0.1446,0.3377,0,-0.0033,0.01014,0.00094,1.8,0,381000,37,0,0.06
C-08326,0.1125,0.0,0.0,-0.1125,0.2826,1,-0.0005,0.011,0.0018,6.9,1,204500,50,0,0.005
C-08327,0.0881,0.0,0.0,-0.0881,0.3947,1,0.0266,0.00995,0.00075,5.8,0,431500,39,0,0.075
C-08328,0.192,0.513,0.0985,-0.0758,0.6783,0,0.0091,0.01059,0.00139,0.7,0,299500,38,0,0.014
C-08329,0.1826,0.5357,0.0978,-0.12,0.3929,0,0.0052,0.011,0.0018,2.2,1,230000,25,0,0.068
C-08330,0.1182,0.5385,0.0636,0.0782,0.7692,0,0.005,0.011,0.0018,5,0,55000,27,0,0.052
C-08331,0.1453,0.0,0.0,-0.1453,0.4615,1,0.0339,0.011,0.0018,1.3,0,89500,65,0,0.0
C-08332,0.067,0.0,0.0,-0.0588,1.0,0,-0.0082,0.00711,-0.00209,4.8,0,3375000,46,0,0.063
C-08333,0.3258,0.5446,0.1774,-0.3258,0.8515,1,0.0274,0.011,0.0018,10.4,1,155000,73,1,0.474
C-08334,0.0881,0.0,0.0,-0.0881,0.849,1,0.0524,0.00891,-0.00029,6.0,0,1089500,38,0,0.044
C-08335,0.0741,0.0,0.0,0.0741,0.75,0,-0.0132,0.011,0.0018,8,0,81000,30,0,0.085
C-08336,0.0838,0.0,0.0,-0.0292,0.1141,0,0.0051,0.00889,-0.00031,2.3,1,1097500,50,0,0.087
C-08337,0.0402,0.0,0.0,0.0266,0.0,0,-0.0092,0.011,0.0018,4.0,0,161500,36,0,0.019
C-08338,0.105,0.0,0.0,-0.0228,0.3478,0,-0.02,0.011,0.0018,12.8,0,219000,46,0,0.013
C-08339,0.1063,0.0,0.0,-0.0894,0.2574,0,0.0166,0.00948,0.00028,2.0,0,639500,47,0,0.045
C-08340,0.142,0.0,0.0,-0.142,0.7483,1,-0.0079,0.00753,-0.00167,1.1,1,2545500,36,0,0.078
C-08341,0.1368,0.0,0.0,-0.1368,0.2889,1,0.0048,0.011,0.0018,1.0,0,164500,28,0,0.034
C-08342,0.0546,0.0,0.0,-0.0042,0.6923,0,-0.0056,0.011,0.0018,8.4,0,119000,52,0,0.061
C-08343,0.1184,0.0,0.0,-0.0616,0.6444,0,-0.0058,0.011,0.0018,6.3,0,190000,59,0,0.053
C-08344,0.1475,0.0,0.0,-0.1072,0.628,0,0.0045,0.00817,-0.00103,1.5,0,1576000,60,0,0.008
C-08345,0.0504,0.0,0.0,-0.0504,0.7143,1,0.0032,0.011,0.0018,2.0,1,69500,52,0,0.02
C-08346,0.1244,0.0,0.0,-0.0802,0.5556,0,0.0153,0.011,0.0018,0.3,0,108500,48,0,0.09
C-08347,0.2326,0.3134,0.0729,-0.1826,0.2836,0,-0.0178,0.011,0.0018,7.3,1,144000,65,1,0.116
C-08348,0.146,0.0,0.0,-0.1181,0.0823,0,-0.0005,0.00841,-0.00079,3.9,1,1373000,50,0,0.044
C-08349,0.1237,0.0,0.0,-0.1237,0.5263,1,0.0467,0.00894,-0.00026,0.3,0,1075500,37,1,0.299
C-08350,0.0552,0.0,0.0,0.0331,0.4444,0,-0.0034,0.011,0.0018,3.6,0,81500,32,0,0.053
C-08351,0.211,0.1889,0.0399,-0.1688,0.3167,0,-0.0028,0.00997,0.00077,13.8,0,426500,61,0,0.024
C-08352,0.0869,0.0,0.0,-0.0325,0.0,0,0.0016,0.01007,0.00087,13.9,1,397000,37,0,0.031
C-08353,0.0538,0.0,0.0,0.2559,0.8,0,-0.0018,0.011,0.0018,4.6,0,139500,30,0,0.089
C-08354,0.0768,0.0,0.0,-0.0768,0.3421,1,0.0129,0.00913,-7e-05,0.3,1,989000,40,0,0.036
C-08355,0.1417,0.0,0.0,-0.0827,0.0,0,-0.0071,0.00996,0.00076,6.5,0,427000,35,0,0.053
C-08356,0.1822,0.0,0.0,-0.1693,0.2111,0,0.0193,0.00827,-0.00093,1.1,0,1481500,46,0,0.007
C-08357,0.1364,0.2222,0.0303,-0.1364,0.8148,1,0.01,0.011,0.0018,1.8,0,198000,66,0,0.084
C-08358,0.2246,0.7633,0.1714,-0.2212,0.3591,0,0.0503,0.00641,-0.00279,4.2,1,5040000,38,0,0.055
C-08359,0.2573,0.2268,0.0584,-0.13,0.4948,0,-0.0064,0.011,0.0018,0.5,1,188500,45,0,0.022
C-08360,0.0889,0.6849,0.0609,-0.0772,0.7945,0,0.0037,0.01002,0.00082,4.4,0,410500,55,0,0.0
C-08361,0.0268,0.0,0.0,-0.0268,0.625,1,0.0102,0.011,0.0018,5.0,1,149000,30,0,0.016
C-08362,0.1899,0.0,0.0,-0.1729,0.2022,0,0.0287,0.00788,-0.00132,10.8,1,1901000,43,0,0.0
C-08363,0.1959,0.0,0.0,-0.1959,0.4211,1,0.0423,0.011,0.0018,1.8,1,145500,31,0,0.041
C-08364,0.0601,0.0,0.0,-0.0454,0.6496,0,-0.0034,0.0088,-0.0004,15.3,0,1140000,57,0,0.057
C-08365,0.1053,0.5,0.0526,-0.1053,0.0,1,0.0123,0.011,0.0018,3,0,47500,25,0,0.006
C-08366,0.1031,0.0,0.0,-0.0916,0.093,0,-0.0152,0.01,0.0008,4.3,0,417000,70,0,0.068
C-08367,0.1819,0.1756,0.0319,-0.1819,0.1527,1,-0.0192,0.00937,0.00017,4.2,1,720000,69,0,0.041
C-08368,0.1283,0.0,0.0,-0.0941,0.4829,0,0.0137,0.00919,-1e-05,5.2,0,912000,62,0,0.017
C-08369,0.1784,0.4938,0.0881,-0.1626,0.9136,0,0.001,0.011,0.0018,0.7,0,227000,72,1,0.673
C-08370,0.1138,0.0,0.0,-0.0275,0.6842,0,0.0354,0.011,0.0018,5,0,83500,27,0,0.0
C-08371,0.1383,0.0,0.0,0.1426,0.0,0,0.0092,0.011,0.0018,2.1,0,47000,28,0,0.035
C-08372,0.1098,0.0,0.0,-0.0971,0.0968,0,-0.0105,0.00961,0.00041,7.7,0,564500,36,0,0.067
C-08373,0.1263,0.0,0.0,-0.1263,0.5,1,0.0,0.011,0.0018,0.4,0,47500,33,0,0.032
C-08374,0.1712,0.375,0.0642,-0.1541,0.4722,0,0.0088,0.00999,0.00079,3.1,0,420500,46,0,0.033
C-08375,0.3875,0.504,0.1953,-0.3875,0.6559,1,0.0541,0.00948,0.00028,0.3,1,637500,60,0,0.013
C-08376,0.2064,0.0,0.0,-0.2064,0.4197,1,-0.0113,0.00868,-0.00052,2.5,0,1206500,65,0,0.025
C-08377,0.0346,0.0,0.0,-0.0053,0.3235,0,-0.0128,0.00977,0.00057,4.8,0,491500,56,0,0.051
C-08378,0.1235,0.5333,0.0658,-0.0938,0.2833,0,0.0526,0.011,0.0018,22.6,0,243000,51,0,0.049
C-08379,0.0734,0.0,0.0,-0.0399,0.0,0,0.0129,0.011,0.0018,8.0,0,143000,55,0,0.01
C-08380,0.1031,0.0,0.0,0.4907,0.7,0,0.0055,0.011,0.0018,8,0,48500,30,0,0.075
C-08381,0.0324,0.0,0.0,-0.0108,1.0,0,-0.0045,0.01075,0.00155,8.3,1,278000,45,0,0.077
C-08382,0.2764,0.4412,0.122,-0.1008,0.5588,0,0.034,0.011,0.0018,5.5,0,61500,68,1,0.418
C-08383,0.1381,0.0,0.0,0.0679,0.4595,0,0.0406,0.011,0.0018,0.6,0,134000,39,1,0.134
C-08384,0.1778,0.0,0.0,-0.1633,0.3507,0,0.003,0.00837,-0.00083,2.9,0,1403000,66,1,0.166
C-08385,0.0753,0.0,0.0,-0.056,0.8525,0,-0.0079,0.00927,7e-05,3.5,1,810500,55,0,0.0
C-08386,0.1622,0.0,0.0,-0.059,0.5909,0,0.0098,0.01004,0.00084,2.5,1,407000,35,0,0.016
C-08387,0.0615,0.0,0.0,0.1354,0.9167,0,-0.0151,0.011,0.0018,10.8,0,97500,51,0,0.05
C-08388,0.0855,0.5758,0.0492,0.1881,0.0909,0,-0.0072,0.011,0.0018,2.0,0,193000,43,0,0.043
C-08389,0.0947,0.0,0.0,-0.0947,0.3333,1,0.0022,0.011,0.0018,4.6,1,47500,29,0,0.019
C-08390,0.1821,0.0,0.0,-0.1799,0.2508,0,0.0347,0.00592,-0.00328,3.9,1,7730500,43,0,0.084
C-08391,0.0559,0.0,0.0,-0.0031,0.7273,0,0.0001,0.01062,0.00142,3.0,0,295000,54,0,0.031
C-08392,0.1316,0.6355,0.0836,-0.105,0.757,0,0.0076,0.01004,0.00084,11.1,0,406500,39,0,0.046
C-08393,0.0878,0.0,0.0,-0.0392,0.6923,0,-0.0022,0.011,0.0018,6,1,74000,28,0,0.117
C-08394,0.1735,0.5125,0.0889,-0.1475,0.275,0,0.0063,0.011,0.0018,13.4,0,230500,64,0,0.037
C-08395,0.2385,0.2316,0.0552,-0.2357,0.6198,0,0.0004,0.006,-0.0032,14.8,0,7123000,54,0,0.019
C-08396,0.1626,0.0,0.0,-0.0467,0.7624,0,0.0142,0.01051,0.00131,0.6,0,310500,63,0,0.0
C-08397,0.1551,0.0,0.0,-0.142,0.6353,0,0.0035,0.00964,0.00044,11.3,1,548000,69,0,0.009
C-08398,0.1004,0.0,0.0,-0.075,0.614,0,-0.0125,0.0107,0.0015,9.0,0,284000,35,0,0.037
C-08399,0.2199,0.5867,0.129,-0.2199,0.68,1,0.05,0.011,0.0018,11.3,1,170500,75,0,0.0
C-08400,0.266,0.64,0.1702,-0.266,0.36,1,0.035,0.011,0.0018,10.7,1,47000,57,1,0.464
C-08401,0.1198,0.0,0.0,-0.1198,0.3462,1,0.0012,0.011,0.0018,6.0,0,108500,30,0,0.016
C-08402,0.1024,0.0,0.0,-0.0914,0.7022,0,0.0003,0.00889,-0.00031,10.6,1,1099000,37,0,0.02
C-08403,0.0279,0.0,0.0,-0.0279,0.5,1,-0.0031,0.01099,0.00179,2.7,0,251000,27,0,0.032
C-08404,0.0758,0.0,0.0,-0.0738,0.4665,0,-0.0088,0.00761,-0.00159,4.0,0,2361500,67,0,0.009
C-08405,0.1314,0.0,0.0,-0.088,0.3048,0,-0.0146,0.00906,-0.00014,4.6,0,1023500,58,0,0.089
C-08406,0.1426,0.1787,0.0255,-0.1426,0.8383,1,0.0394,0.00926,6e-05,1.3,0,824000,69,0,0.096
C-08407,0.1636,0.0,0.0,-0.1597,0.2597,0,0.0379,0.00732,-0.00188,4.3,0,3071500,41,0,0.079
C-08408,0.1079,0.0,0.0,-0.1079,0.0,1,0.0032,0.011,0.0018,2.4,1,190000,66,0,0.063
C-08409,0.0625,0.0,0.0,0.2161,0.4286,0,-0.0104,0.011,0.0018,23,0,56000,45,0,0.001
C-08410,0.0579,0.0,0.0,0.5166,0.0,0,0.0083,0.011,0.0018,5.1,0,129500,35,0,0.068
C-08411,0.1836,0.0,0.0,-0.1567,0.2634,0,-0.0128,0.00938,0.00018,1.9,1,713500,65,0,0.025
C-08412,0.0946,0.0,0.0,-0.0853,0.1567,0,0.0257,0.00835,-0.00085,2.3,1,1416000,52,0,0.065
C-08413,0.1963,0.5625,0.1104,-0.0344,0.75,0,0.0016,0.011,0.0018,5.0,1,81500,33,1,0.411
C-08414,0.0696,0.0,0.0,0.0354,0.8857,0,0.0204,0.01099,0.00179,2.0,0,251500,33,0,0.05
C-08415,0.3221,0.4664,0.1502,-0.2506,0.1723,0,0.0365,0.01019,0.00099,3.2,0,369500,38,0,0.031
C-08416,0.1165,0.0,0.0,-0.0624,0.0,0,-0.0034,0.011,0.0018,2.6,0,133000,25,0,0.026
C-08417,0.1002,0.0,0.0,-0.0867,0.1517,0,-0.0018,0.0092,0.0,4.4,0,888000,67,0,0.089
C-08418,0.0706,0.5,0.0353,0.0612,0.7778,0,-0.0162,0.011,0.0018,0.9,0,127500,66,0,0.034
C-08419,0.1126,0.0,0.0,-0.0982,0.36,0,0.0299,0.00944,0.00024,1.1,0,666000,68,0,0.021
C-08420,0.2045,0.0,0.0,-0.2045,0.4027,1,0.0023,0.00936,0.00016,4.0,0,728500,33,0,0.096
C-08421,0.1487,0.0,0.0,-0.1487,0.2931,1,0.0132,0.011,0.0018,1.0,0,195000,26,0,0.021
C-08422,0.1692,0.0,0.0,-0.1393,0.3824,0,-0.0121,0.011,0.0018,6.6,0,201000,74,0,0.068
C-08423,0.0995,0.0,0.0,-0.0332,0.9048,0,0.0493,0.011,0.0018,9.9,0,105500,66,1,0.357
C-08424,0.0842,0.0,0.0,0.1179,0.875,0,0.0019,0.011,0.0018,22.7,1,47500,69,0,0.005
C-08425,0.1515,0.0,0.0,-0.1351,0.529,0,0.0097,0.00972,0.00052,1.1,0,511500,53,0,0.025
C-08426,0.1151,0.0,0.0,-0.001,0.5569,0,-0.0003,0.00936,0.00016,3.4,0,725500,36,0,0.0
C-08427,0.0669,0.0,0.0,-0.0669,0.0,1,0.03,0.011,0.0018,11.2,0,134500,58,0,0.063
C-08428,0.1094,0.0,0.0,-0.1094,0.3074,1,0.0378,0.00885,-0.00035,5.9,1,1115500,45,0,0.058
C-08429,0.1001,0.0,0.0,-0.1001,0.7422,1,-0.0002,0.00833,-0.00087,27.6,1,1433500,50,0,0.076
C-08430,0.1419,0.2623,0.0372,-0.1028,0.5246,0,-0.0212,0.011,0.0018,0.3,0,215000,74,0,0.0
C-08431,0.1724,0.0,0.0,-0.1495,0.8149,0,-0.0013,0.00823,-0.00097,5.0,0,1519500,51,0,0.098
C-08432,0.0904,0.0,0.0,-0.0845,0.455,0,-0.0149,0.00864,-0.00056,14.1,0,1228500,67,0,0.031
C-08433,0.2083,0.0,0.0,-0.1952,0.493,0,-0.007,0.00869,-0.00051,0.6,1,1198000,67,0,0.007
C-08434,0.129,0.0,0.0,0.0774,0.5,0,0.0421,0.011,0.0018,6,0,46500,28,1,0.196
C-08435,0.1918,0.1085,0.0208,-0.181,0.2815,0,0.0197,0.0092,0.0,6.8,0,889000,37,0,0.009
C-08436,0.1007,0.0,0.0,-0.1007,0.3571,1,0.0311,0.011,0.0018,8.4,1,69500,47,0,0.067
C-08437,0.1678,0.1579,0.0265,-0.1095,0.3947,0,-0.0025,0.011,0.0018,13.5,0,226500,47,0,0.037
C-08438,0.1743,0.15,0.0261,-0.1481,0.3375,0,0.0006,0.011,0.0018,3.1,0,229500,74,0,0.098
C-08439,0.1113,0.5517,0.0614,-0.1113,0.8563,1,0.04,0.0093,0.0001,1.0,0,781500,52,1,0.536
C-08440,0.0995,0.0,0.0,-0.0871,0.3793,0,0.0078,0.01064,0.00144,4.0,0,291500,65,0,0.067
C-08441,0.087,0.0,0.0,-0.0548,0.2308,0,-0.0061,0.011,0.0018,4.7,1,149500,59,0,0.078
C-08442,0.1698,0.0,0.0,-0.1257,0.7256,0,-0.0105,0.00927,7e-05,8.7,1,815500,40,0,0.0
C-08443,0.2697,0.4634,0.125,-0.2697,0.3415,1,0.0462,0.01056,0.00136,6.6,0,304000,50,0,0.083
C-08444,0.1363,0.0,0.0,-0.1265,0.6048,0,-0.0074,0.00952,0.00032,10.2,0,612500,72,0,0.068
C-08445,0.0854,0.0,0.0,-0.0854,1.0,1,0.0493,0.011,0.0018,5.5,1,164000,37,0,0.032
C-08446,0.0299,0.0,0.0,-0.0199,0.0,0,0.0059,0.00937,0.00017,16.0,0,718000,67,0,0.059
C-08447,0.0543,0.0,0.0,-0.0543,0.6,1,-0.0136,0.011,0.0018,5.0,1,46000,30,0,0.004
C-08448,0.2105,0.0,0.0,-0.2105,0.45,1,0.0049,0.011,0.0018,9.4,1,47500,63,0,0.072
C-08449,0.1088,0.0,0.0,0.3632,0.4615,0,0.0106,0.011,0.0018,10.6,0,119500,48,0,0.017
C-08450,0.1828,0.0,0.0,-0.0744,0.5294,0,-0.0106,0.011,0.0018,6.0,0,232500,42,0,0.037
C-08451,0.1691,0.1875,0.0317,-0.1438,0.6125,0,-0.0062,0.011,0.0018,6,1,236500,28,0,0.034
C-08452,0.1368,0.0,0.0,1.0505,0.5385,0,-0.002,0.011,0.0018,6.7,1,47500,48,0,0.0
C-08453,0.086,0.0,0.0,-0.062,0.6047,0,-0.0079,0.00975,0.00055,15.1,1,500000,47,1,0.05
C-08454,0.1103,0.0,0.0,-0.086,0.5413,0,-0.0041,0.00977,0.00057,3.3,0,494000,59,0,0.031
C-08455,0.1333,0.0,0.0,-0.1333,0.72,1,0.0047,0.011,0.0018,14.1,1,187500,66,0,0.009
C-08456,0.1771,0.0,0.0,-0.0782,0.3017,0,0.0052,0.01041,0.00121,1.7,0,327500,33,1,0.402
C-08457,0.0938,0.0,0.0,0.0375,0.9167,0,0.0089,0.011,0.0018,5,0,64000,27,0,0.0
C-08458,0.0423,0.0,0.0,0.093,0.0,0,0.0108,0.011,0.0018,2.4,1,71000,73,0,0.061
C-08459,0.1432,0.3793,0.0543,-0.1195,0.569,0,-0.0052,0.011,0.0018,8.1,1,202500,72,0,0.032
C-08460,0.0625,0.0,0.0,-0.0125,0.0,0,0.0381,0.011,0.0018,2.7,1,144000,47,0,0.049
C-08461,0.0568,0.0,0.0,-0.0252,0.2211,0,0.0091,0.00925,5e-05,5.9,1,837000,47,0,0.058
C-08462,0.1077,0.0,0.0,-0.1077,0.619,1,-0.0044,0.011,0.0018,9.1,0,97500,36,0,0.05
C-08463,0.3071,0.5473,0.168,-0.3071,0.6824,1,0.0358,0.011,0.0018,0.5,0,241000,27,1,0.773
C-08464,0.1689,0.1718,0.029,-0.159,0.8773,0,-0.0033,0.0098,0.0006,0.4,0,482500,74,0,0.043
C-08465,0.1638,0.0,0.0,-0.1594,0.0,0,0.0063,0.00614,-0.00306,2.8,0,6227000,62,0,0.078
C-08466,0.0616,0.0,0.0,0.0976,0.3077,0,0.0045,0.011,0.0018,1.7,0,105500,74,0,0.048
C-08467,0.0427,0.0,0.0,-0.0427,0.8,1,0.0539,0.011,0.0018,15.1,0,234000,65,0,0.073
C-08468,0.2065,0.0,0.0,-0.1654,0.1616,0,-0.0007,0.00963,0.00043,14.8,0,554500,51,0,0.098
C-08469,0.0432,0.0,0.0,0.1124,1.0,0,0.0079,0.011,0.0018,9.3,1,92500,52,0,0.016
C-08470,0.3085,0.6552,0.2021,-0.3085,0.3448,1,0.0348,0.011,0.0018,11.7,1,47000,48,1,0.704
C-08471,0.0796,0.0,0.0,0.0237,0.4595,0,0.0116,0.011,0.0018,0.3,0,232500,36,0,0.053
C-08472,0.08,0.0,0.0,0.016,0.3,0,0.0093,0.011,0.0018,16.0,0,62500,45,0,0.016
C-08473,0.1467,0.0,0.0,0.0613,0.4091,0,-0.0001,0.011,0.0018,10.9,0,75000,47,0,0.02
C-08474,0.0616,0.0,0.0,0.0099,0.7742,0,-0.0052,0.01099,0.00179,2.4,0,251500,30,0,0.001
C-08475,0.1184,0.5222,0.0618,-0.0679,0.1722,0,-0.0147,0.00932,0.00012,1.5,1,760000,55,0,0.055
C-08476,0.3404,0.5938,0.2021,-0.3404,0.8438,1,0.0271,0.011,0.0018,0.3,1,47000,69,1,0.974
C-08477,0.1125,0.0,0.0,-0.1125,0.2202,1,0.0072,0.00934,0.00014,13.2,0,746500,65,1,0.635
C-08478,0.0938,0.0,0.0,0.0563,0.7778,0,-0.0089,0.011,0.0018,4,0,48000,26,0,0.0
C-08479,0.2315,0.0,0.0,-0.0309,0.5347,0,-0.0009,0.01051,0.00131,0.3,0,311000,45,0,0.054
C-08480,0.2135,0.0,0.0,-0.0828,0.3862,0,-0.0201,0.01034,0.00114,12.5,0,339500,61,0,0.058
C-08481,0.0892,0.0,0.0,-0.0183,0.2393,0,0.0235,0.00918,-2e-05,8.0,0,914000,39,0,0.051
C-08482,0.1796,0.0,0.0,-0.1718,0.5106,0,0.0044,0.00804,-0.00116,6.5,0,1701000,40,0,0.044
C-08483,0.0644,0.0,0.0,0.0566,0.6522,0,-0.0128,0.011,0.0018,9.1,1,178500,34,0,0.03
C-08484,0.1337,0.0,0.0,-0.09,0.5227,0,0.011,0.011,0.0018,3.5,1,164500,50,0,0.05
C-08485,0.1599,0.0,0.0,-0.1319,0.5864,0,0.0037,0.00854,-0.00066,0.3,0,1285000,49,1,0.287
C-08486,0.0339,0.0,0.0,-0.0339,0.0,1,0.0054,0.011,0.0018,5.4,1,59000,44,0,0.039
C-08487,0.1596,0.2667,0.0426,-0.0064,0.7333,0,0.0028,0.011,0.0018,5.0,0,94000,47,0,0.099
C-08488,0.0819,0.0,0.0,-0.0819,0.0,1,0.0119,0.00884,-0.00036,4.2,0,1123500,65,0,0.041
C-08489,0.249,0.2798,0.0697,-0.2212,0.4404,0,0.0356,0.01011,0.00091,10.7,0,387500,64,1,0.653
C-08490,0.1389,0.0,0.0,-0.1389,0.7,1,-0.0142,0.01067,0.00147,0.8,0,288000,58,0,0.072
C-08491,0.1667,0.0,0.0,-0.1273,0.2951,0,0.0075,0.011,0.0018,13.5,0,183000,47,0,0.029
C-08492,0.1976,0.7273,0.1437,-0.1976,0.8788,1,0.034,0.011,0.0018,1.6,0,83500,26,1,0.668
C-08493,0.1635,0.0,0.0,-0.1635,0.8977,1,-0.0084,0.00945,0.00025,0.4,0,657500,48,0,0.076
C-08494,0.1047,0.0,0.0,-0.0787,0.7586,0,0.0528,0.00914,-6e-05,5.0,1,969500,55,0,0.0
C-08495,0.0437,0.0,0.0,-0.0321,0.0,0,0.0473,0.00832,-0.00088,3.8,1,1440500,75,0,0.069
C-08496,0.1742,0.0,0.0,-0.1615,0.7088,0,-0.0013,0.00722,-0.00198,5.1,0,3203000,47,0,0.025
C-08497,0.0461,0.0,0.0,-0.0383,0.0,0,0.0021,0.00894,-0.00026,2.7,0,1074500,33,0,0.019
C-08498,0.125,0.0,0.0,-0.065,0.6,0,-0.0001,0.011,0.0018,5,0,100000,27,0,0.0
C-08499,0.0876,0.0,0.0,-0.0876,0.4574,1,0.0468,0.00966,0.00046,5.5,0,536500,42,0,0.029
C-08500,0.3129,0.6449,0.2018,-0.3129,0.8261,1,0.0484,0.011,0.0018,2.7,0,220500,67,0,0.067
C-08501,0.127,0.0,0.0,-0.0421,0.2532,0,0.0264,0.01051,0.00131,1.8,0,311000,50,0,0.055
C-08502,0.0596,0.0,0.0,-0.0534,0.0,0,-0.0054,0.00846,-0.00074,0.3,0,1342000,71,0,0.071
C-08503,0.1734,0.7246,0.1256,-0.1734,0.1884,1,-0.0014,0.011,0.0018,11.1,1,199000,45,1,0.605
C-08504,0.0437,0.0,0.0,-0.0017,0.0,0,-0.0013,0.011,0.0018,8.8,0,114500,46,0,0.097
C-08505,0.2733,0.4255,0.1163,-0.064,0.3191,0,0.0015,0.011,0.0018,0.3,1,86000,28,1,0.387
C-08506,0.0692,0.0,0.0,-0.0692,0.9341,1,0.0143,0.00945,0.00025,21.5,1,657500,46,0,0.017
C-08507,0.1652,0.7368,0.1217,0.0643,0.0,0,0.0067,0.011,0.0018,4,1,57500,26,0,0.054
C-08508,0.0978,0.0,0.0,-0.0698,0.2579,0,0.0042,0.00927,7e-05,9.0,0,812500,36,0,0.055
C-08509,0.046,0.0,0.0,-0.0348,0.0,0,-0.0006,0.00948,0.00028,16.2,1,641000,74,0,0.043
C-08510,0.1277,0.0,0.0,0.0255,0.8333,0,-0.0164,0.011,0.0018,1.1,0,47000,28,0,0.025
C-08511,0.0938,0.0,0.0,0.1812,1.0,0,-0.0048,0.011,0.0018,10.6,0,48000,38,0,0.013
C-08512,0.1042,0.0,0.0,0.0408,0.5725,0,-0.0019,0.00944,0.00024,7.0,0,662000,42,0,0.094
C-08513,0.0874,0.0,0.0,-0.0557,0.375,0,0.0222,0.00922,2e-05,2.1,1,869500,66,0,0.001
C-08514,0.1097,0.0,0.0,-0.0717,0.0,0,0.0005,0.00909,-0.00011,3.0,0,1012000,59,0,0.076
C-08515,0.1718,0.0,0.0,-0.1154,0.6239,0,0.0114,0.01034,0.00114,1.5,0,340500,39,0,0.0
C-08516,0.1426,0.5,0.0713,0.0432,0.6,0,-0.019,0.011,0.0018,6,1,245500,28,0,0.022
C-08517,0.1228,0.25,0.0307,-0.1228,0.7292,1,0.0304,0.011,0.0018,4.3,0,195500,34,0,0.072
C-08518,0.0319,0.0,0.0,0.6574,0.0,0,-0.0011,0.011,0.0018,10.8,0,47000,43,0,0.073
C-08519,0.1273,0.6667,0.0848,-0.1273,0.6667,1,0.0124,0.011,0.0018,3.7,0,82500,47,0,0.007
C-08520,0.2023,0.2775,0.0561,-0.1406,0.3931,0,0.0028,0.00996,0.00076,4.5,0,427500,55,0,0.044
C-08521,0.1155,0.0,0.0,-0.0804,0.1954,0,-0.0081,0.00933,0.00013,4.8,0,753500,62,0,0.061
C-08522,0.1989,0.5882,0.117,-0.1919,0.7542,0,0.0461,0.00869,-0.00051,8.7,0,1196500,65,0,0.079
C-08523,0.0834,0.0,0.0,-0.0608,0.0645,0,0.0111,0.01018,0.00098,1.1,0,371500,51,0,0.0
C-08524,0.1007,0.0,0.0,-0.0789,0.3722,0,0.001,0.00849,-0.00071,0.4,0,1321000,47,0,0.038
C-08525,0.1398,0.0,0.0,-0.1398,0.1959,1,-0.001,0.0103,0.0011,1.4,1,347000,32,1,0.452
C-08526,0.1499,0.0,0.0,-0.1499,0.9599,1,0.0094,0.00763,-0.00157,2.9,0,2327500,38,0,0.051
C-08527,0.0248,0.0,0.0,0.0199,0.25,0,0.0087,0.011,0.0018,3.7,0,80500,65,0,0.039
C-08528,0.0512,0.0,0.0,-0.043,0.395,0,-0.0093,0.00876,-0.00044,4.0,0,1161500,60,0,0.0
C-08529,0.0778,0.0,0.0,-0.0625,0.4658,0,-0.0089,0.00983,0.00063,1.6,0,469000,50,0,0.05
C-08530,0.0918,0.0,0.0,-0.0526,0.226,0,-0.0174,0.00929,9e-05,8.5,1,795000,50,0,0.128
C-08531,0.0555,0.0,0.0,-0.0352,0.0,0,-0.0195,0.01001,0.00081,21.7,0,414500,71,0,0.031
C-08532,0.101,0.0,0.0,-0.0925,0.4236,0,0.0045,0.00766,-0.00154,0.3,0,2268000,41,0,0.095
C-08533,0.086,0.0,0.0,-0.0713,0.3169,0,0.0292,0.00773,-0.00147,3.2,1,2129000,48,0,0.0
C-08534,0.0194,0.0,0.0,-0.0052,1.0,0,-0.0034,0.00872,-0.00048,1.9,0,1183500,27,0,0.03
C-08535,0.1196,0.0,0.0,0.0821,0.3243,0,-0.0128,0.00951,0.00031,3.4,1,618500,36,0,0.099
C-08536,0.3349,0.3973,0.133,-0.3349,0.7397,1,-0.0008,0.011,0.0018,5.8,1,109000,66,1,0.517
C-08537,0.2294,0.192,0.044,-0.2266,0.4601,0,0.0429,0.00573,-0.00347,14.3,0,9695000,60,0,0.0
C-08538,0.1454,0.0,0.0,-0.0671,0.6327,0,-0.0065,0.011,0.0018,1.7,0,168500,51,1,0.201
C-08539,0.1166,0.0,0.0,-0.1166,0.5049,1,0.0112,0.00992,0.00072,4.0,1,441500,38,0,0.07
C-08540,0.1442,0.0,0.0,-0.1286,0.1879,0,-0.0229,0.00675,-0.00245,25.3,0,4077500,63,0,0.024
C-08541,0.0625,0.0,0.0,0.0187,0.625,0,0.002,0.011,0.0018,0.5,0,192000,56,0,0.0
C-08542,0.0705,0.0,0.0,-0.0423,0.5714,0,-0.0038,0.0092,0.0,4.1,0,893500,72,0,0.0
C-08543,0.0872,0.0,0.0,-0.059,0.5056,0,0.0023,0.00972,0.00052,0.3,0,510500,74,0,0.024
C-08544,0.0531,0.0,0.0,0.0467,0.0,0,-0.0268,0.011,0.0018,7.2,0,216500,49,0,0.068
C-08545,0.1205,0.0,0.0,0.0723,0.1,0,0.0219,0.011,0.0018,21.3,0,124500,61,0,0.043
C-08546,0.098,0.0,0.0,-0.0263,0.6402,0,0.0402,0.00925,5e-05,18.7,0,836500,64,0,0.023
C-08547,0.2091,0.2046,0.0428,-0.1991,0.2508,0,0.0248,0.00771,-0.00149,18.5,0,2174000,67,0,0.05
C-08548,0.1809,0.0,0.0,-0.0021,0.5882,0,0.0035,0.011,0.0018,11.3,1,47000,75,0,0.013
C-08549,0.152,0.0,0.0,-0.1372,0.2642,0,0.0042,0.00927,7e-05,2.7,1,809000,37,0,0.0
C-08550,0.0855,0.0,0.0,-0.0855,0.2609,1,-0.0032,0.01082,0.00162,0.8,1,269000,47,0,0.004
C-08551,0.1576,0.2587,0.0408,-0.1354,0.0,0,-0.0076,0.00871,-0.00049,0.3,0,1189500,50,0,0.004
C-08552,0.0256,0.0,0.0,-0.0256,0.0,1,-0.003,0.01063,0.00143,2.0,0,293500,75,0,0.054
C-08553,0.0865,0.0,0.0,0.1673,0.8889,0,0.0182,0.011,0.0018,0.4,0,52000,32,0,0.049
C-08554,0.1565,0.0,0.0,-0.1098,0.8507,0,0.0182,0.00947,0.00027,5.0,0,642000,57,0,0.045
C-08555,0.0751,0.0,0.0,-0.0751,1.0,1,-0.0074,0.00977,0.00057,14.9,0,493000,43,0,0.037
C-08556,0.0727,0.0,0.0,-0.0396,0.3966,0,-0.0081,0.01007,0.00087,0.8,1,399000,46,1,0.284
C-08557,0.0635,0.0,0.0,0.0058,0.1515,0,-0.0106,0.0109,0.0017,1.8,0,260000,49,0,0.053
C-08558,0.1233,0.0,0.0,-0.0685,0.5926,0,-0.007,0.011,0.0018,9.1,0,109500,71,0,0.007
C-08559,0.0581,0.0,0.0,0.0216,0.6429,0,0.0077,0.011,0.0018,0.3,0,120500,72,0,0.011
C-08560,0.1176,0.0,0.0,-0.0889,0.2791,0,-0.0013,0.0083,-0.0009,1.2,1,1462000,48,0,0.043
C-08561,0.0456,0.0,0.0,-0.0114,0.0,0,0.0118,0.011,0.0018,0.4,0,175500,68,0,0.086
C-08562,0.1262,0.1983,0.025,-0.0712,0.3017,0,0.008,0.00915,-5e-05,16.7,0,958500,49,0,0.003
C-08563,0.074,0.0,0.0,-0.0577,0.551,0,-0.0096,0.00944,0.00024,1.9,1,662000,68,0,0.068
C-08564,0.0387,0.0,0.0,-0.0077,0.0,0,0.0093,0.0108,0.0016,2.9,1,271500,49,1,0.241
C-08565,0.1012,0.0,0.0,-0.0785,0.4676,0,-0.0038,0.00941,0.00021,2.9,0,687000,50,0,0.072
C-08566,0.0369,0.0,0.0,-0.0369,0.8333,1,0.031,0.011,0.0018,0.3,0,162500,60,0,0.081
C-08567,0.2006,0.1667,0.0334,-0.1866,0.4565,0,-0.002,0.01032,0.00112,10.9,1,344000,42,0,0.076
C-08568,0.1854,0.0,0.0,-0.1642,0.2976,0,-0.0118,0.011,0.0018,3.8,0,226500,53,0,0.01
C-08569,0.1866,0.56,0.1045,-0.1866,0.6,1,0.0105,0.011,0.0018,0.7,1,67000,73,1,0.415
C-08570,0.0906,0.0,0.0,-0.0825,0.0,0,0.006,0.00602,-0.00318,0.4,0,6973000,60,0,0.039
C-08571,0.1155,0.0,0.0,-0.1155,0.3958,1,0.0162,0.01,0.0008,1.4,0,415500,72,0,0.028
C-08572,0.1202,0.0,0.0,-0.0954,0.2487,0,0.0538,0.00814,-0.00106,0.3,0,1605000,42,0,0.0
C-08573,0.1225,0.0,0.0,-0.1225,0.0,1,0.0012,0.01041,0.00121,8.0,0,326500,68,1,0.446
C-08574,0.1033,0.0,0.0,-0.0987,0.3326,0,0.0018,0.00777,-0.00143,1.7,0,2066500,39,0,0.058
C-08575,0.1749,0.0,0.0,-0.1749,0.5813,1,0.0019,0.00987,0.00067,10.9,0,457500,55,0,0.08
C-08576,0.0711,0.0,0.0,-0.0654,0.4224,0,-0.0028,0.00574,-0.00346,4.0,0,9693500,51,0,0.076
C-08577,0.1896,0.4942,0.0937,-0.1896,0.2326,1,0.0042,0.00843,-0.00077,8.6,1,1360500,37,0,0.0
C-08578,0.1445,0.0,0.0,-0.1445,0.0,1,-0.0021,0.00995,0.00075,1.9,1,432500,71,0,0.016
C-08579,0.1553,0.24,0.0373,-0.1553,0.6,1,-0.0095,0.011,0.0018,2.6,1,80500,41,0,0.024
C-08580,0.1288,0.4897,0.0631,-0.1202,0.4897,0,0.0016,0.00961,0.00041,1.4,0,563000,65,1,0.322
C-08581,0.1388,0.0,0.0,-0.1254,0.596,0,0.0039,0.00938,0.00018,2.3,0,713000,48,0,0.033
C-08582,0.1769,0.0,0.0,-0.1769,0.2804,1,-0.0054,0.01057,0.00137,8.4,1,302500,31,0,0.022
C-08583,0.1717,0.3962,0.068,-0.1523,1.0,0,0.0398,0.00985,0.00065,25,0,463000,47,0,0.044
C-08584,0.0782,0.0,0.0,-0.0782,0.5714,1,0.0066,0.011,0.0018,0.6,0,89500,30,0,0.051
C-08585,0.0747,0.0,0.0,-0.0747,0.6271,1,-0.029,0.01008,0.00088,4.5,0,395000,37,0,0.0
C-08586,0.0781,0.0,0.0,-0.0406,0.6667,0,0.0073,0.01067,0.00147,6.1,0,288000,73,1,0.138
C-08587,0.1042,0.0,0.0,-0.1042,0.4,1,-0.0119,0.011,0.0018,0.4,1,48000,25,0,0.096
C-08588,0.1804,0.4143,0.0747,-0.1309,0.4143,0,0.0028,0.011,0.0018,2.4,0,194000,70,0,0.025
C-08589,0.068,0.0,0.0,-0.068,0.3535,1,0.0045,0.0083,-0.0009,4.8,0,1455000,41,0,0.018
C-08590,0.1732,0.0,0.0,-0.1732,0.7727,1,0.0523,0.011,0.0018,6.8,0,63500,67,0,0.015
C-08591,0.1625,0.0,0.0,-0.08,0.2981,0,-0.0067,0.01045,0.00125,10.3,1,320000,51,0,0.012
C-08592,0.1386,0.0,0.0,-0.0998,0.2857,0,-0.0082,0.00915,-5e-05,10.5,1,959500,63,0,0.084
C-08593,0.2104,0.1153,0.0243,-0.1839,0.2381,0,-0.0012,0.00916,-4e-05,7.8,0,948000,65,0,0.024
C-08594,0.1962,0.4301,0.0844,-0.1962,0.3126,1,0.0382,0.00771,-0.00149,7.2,0,2168500,62,0,0.06
C-08595,0.1081,0.0,0.0,0.0031,0.2857,0,-0.004,0.011,0.0018,8.2,0,129500,50,0,0.001
C-08596,0.2478,0.2353,0.0583,-0.2303,0.3987,0,-0.0079,0.00951,0.00031,3.3,0,617500,30,0,0.036
C-08597,0.0739,0.0,0.0,-0.0739,0.4062,1,0.0295,0.011,0.0018,0.5,1,216500,53,1,0.361
C-08598,0.0543,0.0,0.0,0.0178,0.0893,0,-0.0011,0.00971,0.00051,6.8,0,515500,52,0,0.068
C-08599,0.162,0.0,0.0,-0.0775,0.2609,0,0.0418,0.011,0.0018,3.3,0,71000,75,0,0.099
C-08600,0.076,0.0,0.0,-0.076,0.7227,1,0.0029,0.00667,-0.00253,9.4,0,4271500,47,1,0.455
C-08601,0.0734,0.0,0.0,-0.0734,0.375,1,0.054,0.011,0.0018,4.2,0,109000,47,0,0.004
C-08602,0.1298,0.0,0.0,-0.1298,0.4726,1,0.0039,0.00819,-0.00101,12.9,1,1549000,55,0,0.036
C-08603,0.1028,0.0,0.0,-0.0645,0.6724,0,0.0055,0.01072,0.00152,10.8,0,282000,51,0,0.049
C-08604,0.1738,0.7536,0.131,-0.1073,0.087,0,0.0285,0.011,0.0018,2.9,0,198500,65,0,0.001
C-08605,0.1204,0.2933,0.0353,-0.1204,0.3067,1,-0.0065,0.01051,0.00131,2.6,0,311500,75,1,0.608
C-08606,0.0688,0.0,0.0,-0.0528,0.6111,0,0.0121,0.0097,0.0005,3.0,0,523000,73,0,0.031
C-08607,0.1443,0.0,0.0,-0.1443,0.5714,1,0.0286,0.011,0.0018,15,0,194000,37,0,0.1
C-08608,0.148,0.1622,0.024,-0.148,0.1892,1,0.011,0.011,0.0018,2.5,0,250000,67,0,0.0
C-08609,0.2711,0.344,0.0933,-0.2139,0.224,0,0.0021,0.011,0.0018,0.3,0,230500,41,1,0.388
C-08610,0.4455,0.6222,0.2772,-0.3267,0.7556,0,0.0511,0.011,0.0018,0.3,1,50500,25,1,0.469
C-08611,0.1164,0.0,0.0,-0.0836,0.4941,0,0.042,0.01021,0.00101,0.8,0,365000,57,0,0.049
C-08612,0.1984,0.0,0.0,-0.1311,0.404,0,-0.0037,0.011,0.0018,2.9,1,249500,52,0,0.017
C-08613,0.0421,0.0,0.0,0.0842,0.75,0,-0.0123,0.011,0.0018,1.1,0,47500,49,0,0.02
C-08614,0.1172,0.0,0.0,-0.1172,0.2941,1,0.0272,0.011,0.0018,0.3,1,72500,47,0,0.07
C-08615,0.0638,0.0,0.0,-0.0638,0.84,1,0.0442,0.01009,0.00089,0.4,0,392000,40,0,0.0
C-08616,0.1053,0.0,0.0,-0.0105,0.5,0,0.014,0.011,0.0018,4.4,0,114000,46,0,0.032
C-08617,0.0804,0.0,0.0,-0.0097,0.4333,0,0.0025,0.011,0.0018,2.5,0,186500,60,0,0.029
C-08618,0.1151,0.0,0.0,-0.052,0.1714,0,-0.0071,0.011,0.0018,9.4,1,152000,49,1,0.05
C-08619,0.1805,0.0,0.0,-0.139,0.3014,0,-0.0055,0.00958,0.00038,3.1,1,579000,66,0,0.074
C-08620,0.0596,0.0,0.0,0.0054,0.2727,0,-0.0131,0.011,0.0018,7,1,184500,29,0,0.052
C-08621,0.1137,0.0,0.0,-0.0601,0.2137,0,0.0084,0.00971,0.00051,2.7,0,514500,72,0,0.04
C-08622,0.0876,0.0,0.0,0.0237,0.0,0,0.0124,0.01065,0.00145,7.3,0,291000,39,0,0.067
C-08623,0.1288,0.0,0.0,-0.1151,0.5286,0,-0.0065,0.00826,-0.00094,3.6,0,1490500,62,0,0.052
C-08624,0.0564,0.0,0.0,-0.0564,0.4,1,-0.0051,0.011,0.0018,1.9,1,133000,43,0,0.029
C-08625,0.1565,0.0,0.0,-0.0802,0.1562,0,-0.006,0.011,0.0018,0.3,1,204500,53,1,0.534
C-08626,0.1599,0.1915,0.0306,-0.1218,0.8511,0,-0.0041,0.00992,0.00072,3,0,441000,25,0,0.037
C-08627,0.0327,0.0,0.0,0.0281,0.0,0,0.0204,0.00825,-0.00095,1.4,0,1499500,62,0,0.037
C-08628,0.0794,0.0,0.0,-0.0794,0.587,1,0.0054,0.01066,0.00146,10.9,0,289500,73,0,0.03
C-08629,0.0931,0.3659,0.0341,-0.0931,0.622,1,0.0042,0.00992,0.00072,0.4,0,440500,30,0,0.05
C-08630,0.0919,0.0,0.0,-0.0694,0.9252,0,-0.002,0.00928,8e-05,10.4,0,800000,66,0,0.012
C-08631,0.0866,0.0,0.0,-0.0866,0.0,1,0.0376,0.011,0.0018,0.3,0,115500,26,0,0.073
C-08632,0.125,0.0,0.0,0.0095,0.4828,0,-0.001,0.011,0.0018,7.6,0,116000,46,0,0.0
C-08633,0.0354,0.0,0.0,-0.0156,0.45,0,0.0388,0.01071,0.00151,9.4,0,282500,74,0,0.056
C-08634,0.1075,0.0,0.0,0.228,0.2,0,0.0217,0.011,0.0018,5.6,0,46500,49,0,0.031
C-08635,0.1105,0.0,0.0,-0.1105,0.4152,1,0.0004,0.00931,0.00011,0.3,0,774000,47,0,0.0
C-08636,0.1098,0.0,0.0,-0.107,0.8803,0,-0.0063,0.00597,-0.00323,0.3,1,7343000,68,0,0.038
C-08637,0.1461,0.0,0.0,-0.1323,0.4958,0,-0.0002,0.00865,-0.00055,2.5,0,1222000,73,0,0.077
C-08638,0.0746,0.0,0.0,-0.0512,0.1196,0,0.0178,0.00951,0.00031,6.4,0,617000,46,0,0.043
C-08639,0.1989,0.0,0.0,-0.1989,0.3103,1,0.0452,0.00945,0.00025,1.9,0,656000,67,0,0.007
C-08640,0.0629,0.0,0.0,-0.0629,0.0,1,0.0445,0.00947,0.00027,3.2,0,644000,52,0,0.047
C-08641,0.1678,0.0,0.0,-0.1373,0.4885,0,-0.0004,0.00852,-0.00068,6.8,0,1299000,57,0,0.095
C-08642,0.0693,0.0,0.0,-0.0493,0.12,0,-0.0059,0.01023,0.00103,3.6,1,361000,43,0,0.111
C-08643,0.1355,0.0,0.0,-0.1057,0.6122,0,-0.0168,0.00936,0.00016,6.2,1,723000,45,0,0.034
C-08644,0.0449,0.0,0.0,-0.032,1.0,0,0.0429,0.01074,0.00154,1.8,0,278500,72,1,0.189
C-08645,0.1206,0.0,0.0,-0.0899,0.5442,0,0.0066,0.00874,-0.00046,3.5,0,1173000,56,0,0.079
C-08646,0.0527,0.0,0.0,-0.0259,0.0,0,0.0002,0.00977,0.00057,6.8,0,493500,61,0,0.043
C-08647,0.2587,0.5672,0.1467,-0.166,0.7761,0,0.0252,0.011,0.0018,7.6,0,129500,75,0,0.067
C-08648,0.3184,0.4085,0.13,-0.27,0.0915,0,0.0166,0.011,0.0018,3.0,0,223000,36,0,0.073
C-08649,0.0367,0.0,0.0,-0.0201,0.0,0,0.0543,0.00921,1e-05,1.2,1,885000,41,0,0.052
C-08650,0.1321,0.0,0.0,-0.095,0.3506,0,-0.0073,0.01064,0.00144,7,0,291500,29,0,0.014
C-08651,0.1197,0.0,0.0,-0.1091,1.0,0,0.0051,0.00861,-0.00059,8.4,0,1244500,65,0,0.066
C-08652,0.4011,0.7429,0.298,-0.3977,0.581,0,0.0403,0.00921,1e-05,0.8,1,877500,38,1,0.376
C-08653,0.1592,0.0,0.0,-0.1377,0.2535,0,0.0054,0.011,0.0018,0.4,0,223000,63,0,0.071
C-08654,0.1315,0.3676,0.0484,-0.0863,0.0625,0,0.0524,0.00904,-0.00016,1.0,0,1034000,50,0,0.018
C-08655,0.1445,0.0,0.0,-0.0571,0.4472,0,0.0046,0.00997,0.00077,6.7,0,425500,47,0,0.012
C-08656,0.0664,0.0,0.0,-0.0664,0.3548,1,0.0022,0.011,0.0018,0.6,0,233500,52,0,0.0
C-08657,0.3482,0.5615,0.1955,-0.3482,0.8385,1,0.0542,0.00962,0.00042,6.5,0,560000,37,1,0.636
C-08658,0.0472,0.0,0.0,-0.0094,0.1667,0,-0.0083,0.011,0.0018,2.3,1,127000,25,0,0.045
C-08659,0.1193,0.0,0.0,-0.0713,0.3168,0,0.0104,0.00943,0.00023,14.3,0,675000,49,0,0.0
C-08660,0.0917,0.0,0.0,-0.0856,0.4583,0,0.0044,0.0093,0.0001,3.1,0,785000,66,0,0.0
C-08661,0.1238,0.0,0.0,-0.0837,0.7191,0,-0.0109,0.01024,0.00104,1.1,1,359500,63,0,0.0
C-08662,0.1742,0.4444,0.0774,-0.1742,0.7407,1,0.0049,0.011,0.0018,0.3,1,77500,42,0,0.092
C-08663,0.1754,0.0,0.0,-0.1754,0.2398,1,-0.0109,0.00949,0.00029,10.9,1,630000,37,1,0.268
C-08664,0.1632,0.0,0.0,-0.1632,0.4149,1,0.0426,0.01067,0.00147,3.4,1,288000,48,1,0.606
C-08665,0.1316,0.4775,0.0629,-0.1316,0.2013,1,0.0538,0.00656,-0.00264,12.3,1,4565500,51,1,0.365
C-08666,0.1166,0.0,0.0,0.0151,0.3059,0,0.0021,0.01021,0.00101,7.7,1,364500,50,0,0.02
C-08667,0.2306,0.6939,0.16,-0.2136,0.7449,0,0.0543,0.011,0.0018,1.2,0,212500,73,1,0.19
C-08668,0.1666,0.0,0.0,-0.1504,0.4173,0,-0.0133,0.00689,-0.00231,1.3,1,3776000,41,0,0.032
C-08669,0.0987,0.0,0.0,-0.0804,0.4781,0,0.0016,0.00706,-0.00214,3.7,0,3463500,48,0,0.037
C-08670,0.1907,0.0,0.0,-0.1907,0.4963,1,0.0021,0.01027,0.00107,1.7,1,354000,60,0,0.057
C-08671,0.1459,0.2819,0.0411,-0.1459,0.3557,1,0.0071,0.00972,0.00052,0.9,0,510500,27,0,0.02
C-08672,0.3333,0.8125,0.2708,-0.225,0.5,0,0.043,0.011,0.0018,7,0,48000,29,1,0.412
C-08673,0.1704,0.0,0.0,-0.1587,0.3156,0,-0.0039,0.00937,0.00017,6.5,1,716000,49,0,0.002
C-08674,0.1777,0.0,0.0,-0.1493,0.6933,0,0.05,0.011,0.0018,0.7,0,211000,68,0,0.081
C-08675,0.0832,0.7526,0.0626,-0.0544,0.7526,0,0.0158,0.00957,0.00037,3.4,0,583000,50,0,0.056
C-08676,0.0507,0.0,0.0,-0.0357,0.4932,0,0.0023,0.00937,0.00017,9.9,1,719500,36,0,0.057
C-08677,0.1239,0.3415,0.0423,-0.1239,0.0,1,0.0034,0.011,0.0018,0.3,1,165500,33,0,0.012
C-08678,0.3083,0.4865,0.15,-0.3083,0.1441,1,0.0469,0.011,0.0018,12.0,0,180000,41,1,0.742
C-08679,0.0929,0.0,0.0,-0.0929,0.4545,1,0.0029,0.00938,0.00018,12.6,0,710500,61,0,0.076
C-08680,0.1846,0.0,0.0,-0.1651,0.6555,0,0.0155,0.0082,-0.001,7.2,0,1541500,31,0,0.047
C-08681,0.0949,0.0,0.0,-0.0949,0.6286,1,0.0034,0.011,0.0018,17,0,184500,39,0,0.031
C-08682,0.1739,0.3889,0.0676,-0.1739,0.3796,1,0.0433,0.01051,0.00131,0.5,0,310500,57,0,0.042
C-08683,0.0915,0.0,0.0,-0.0239,0.0769,0,-0.0069,0.011,0.0018,7.4,0,71000,70,0,0.074
C-08684,0.053,0.0,0.0,-0.053,0.0,1,0.0413,0.011,0.0018,0.3,1,245500,67,1,0.182
C-08685,0.0667,0.0,0.0,-0.0667,0.3333,1,-0.0033,0.011,0.0018,6,0,112500,28,0,0.058
C-08686,0.2781,0.4851,0.1349,-0.2723,0.8375,0,0.0275,0.00831,-0.00089,10.1,1,1449000,71,1,0.683
C-08687,0.2172,0.223,0.0484,-0.1572,0.6978,0,-0.0069,0.01045,0.00125,3.1,0,320000,72,0,0.032
C-08688,0.3735,0.5376,0.2008,-0.3735,0.4247,1,0.0441,0.011,0.0018,4.4,1,249000,62,1,0.402
C-08689,0.0383,0.0,0.0,-0.0383,0.0,1,0.0351,0.011,0.0018,7.1,1,104500,43,0,0.07
C-08690,0.1632,0.0,0.0,-0.0507,0.3564,0,-0.0121,0.01052,0.00132,7.3,0,309500,51,0,0.015
C-08691,0.0854,0.0,0.0,-0.0854,0.7887,1,0.0028,0.01,0.0008,2.0,0,415500,62,0,0.059
C-08692,0.1107,0.0,0.0,0.0277,0.3445,0,-0.0033,0.00966,0.00046,4.7,0,537500,55,0,0.047
C-08693,0.1047,0.0,0.0,-0.0977,0.7569,0,0.044,0.00819,-0.00101,19.3,0,1552000,54,0,0.01
C-08694,0.1804,0.0,0.0,-0.1804,0.755,1,-0.0183,0.00999,0.00079,1.5,0,418500,68,0,0.041
C-08695,0.1372,0.0,0.0,-0.1255,0.3434,0,0.0274,0.00718,-0.00202,3.3,0,3269000,46,0,0.063
C-08696,0.1103,0.7734,0.0853,-0.0693,0.7734,0,0.0022,0.00858,-0.00062,2.2,1,1260500,55,0,0.0
C-08697,0.0372,0.0,0.0,0.0521,0.0,0,0.0415,0.01095,0.00175,4.1,0,255500,36,0,0.027
C-08698,0.1138,0.0,0.0,-0.1049,0.7377,0,0.0172,0.01083,0.00163,6.9,0,268000,65,0,0.024
C-08699,0.1851,0.2887,0.0535,-0.1851,0.5634,1,0.007,0.01013,0.00093,9.0,1,383500,56,0,0.039
C-08700,0.1457,0.0,0.0,-0.1219,0.4636,0,-0.008,0.00777,-0.00143,4.0,0,2073000,53,0,0.098
C-08701,0.192,0.5161,0.0991,-0.0359,0.3065,0,0.0261,0.011,0.0018,3.7,0,161500,54,0,0.054
C-08702,0.1739,0.0,0.0,0.0174,0.7917,0,-0.0119,0.011,0.0018,8.0,0,69000,45,0,0.042
C-08703,0.12,0.0,0.0,-0.1173,0.5538,0,-0.0155,0.00844,-0.00076,0.9,0,1354500,72,0,0.069
C-08704,0.1725,0.1409,0.0243,-0.1725,0.1879,1,0.013,0.00995,0.00075,16.4,0,432000,73,0,0.079
C-08705,0.1836,0.5385,0.0989,-0.1582,0.5385,0,0.0085,0.0096,0.0004,4.0,1,566500,73,1,0.371
C-08706,0.0313,0.0,0.0,-0.0313,0.0,1,0.0095,0.00739,-0.00181,5.6,1,2954000,74,1,0.212
C-08707,0.0985,0.0,0.0,-0.0816,0.6868,0,-0.0019,0.00918,-2e-05,4.4,0,924000,59,0,0.044
C-08708,0.1521,0.0,0.0,-0.1521,0.6596,1,-0.0202,0.01052,0.00132,4.5,1,309000,59,0,0.018
C-08709,0.2673,0.4833,0.1292,-0.2673,0.55,1,0.0098,0.011,0.0018,1.8,1,224500,60,0,0.0
C-08710,0.1098,0.0,0.0,-0.1098,0.4815,1,0.0379,0.011,0.0018,3.8,0,123000,55,1,0.297
C-08711,0.2,0.2069,0.0414,0.0152,0.5172,0,0.0109,0.011,0.0018,2.9,0,72500,40,0,0.003
C-08712,0.1043,0.2143,0.0223,0.1281,0.3929,0,0.0139,0.01083,0.00163,0.3,0,268500,54,0,0.032
C-08713,0.1374,0.6117,0.0841,-0.1262,0.767,0,0.0267,0.00933,0.00013,0.3,0,749500,56,0,0.027
C-08714,0.1354,0.5385,0.0729,0.0896,0.7692,0,0.0283,0.011,0.0018,4.5,0,48000,65,0,0.031
C-08715,0.3181,0.3846,0.1223,-0.3181,0.7021,1,0.0413,0.00854,-0.00066,16.0,0,1287500,51,0,0.041
C-08716,0.2177,0.0,0.0,-0.2177,0.0,1,0.0096,0.011,0.0018,11.1,0,73500,35,0,0.0
C-08717,0.1639,0.0,0.0,-0.1639,0.7286,1,-0.0041,0.00996,0.00076,0.6,0,427000,53,0,0.04
C-08718,0.124,0.0,0.0,-0.0257,0.3208,0,0.0107,0.00996,0.00076,0.3,0,427500,62,0,0.04
C-08719,0.0594,0.0,0.0,-0.0337,0.4583,0,0.0359,0.011,0.0018,6.1,1,202000,38,0,0.064
C-08720,0.0545,0.0,0.0,-0.0203,0.9162,0,0.0009,0.00697,-0.00223,1.7,1,3612500,55,0,0.042
C-08721,0.1444,0.0,0.0,-0.1089,0.1282,0,0.0035,0.011,0.0018,1.4,0,135000,43,0,0.058
C-08722,0.0397,0.0,0.0,-0.0119,0.6667,0,0.0452,0.011,0.0018,13.6,1,75500,56,0,0.039
C-08723,0.1406,0.0,0.0,-0.0281,0.2778,0,0.0028,0.011,0.0018,14.1,1,128000,71,1,0.05
C-08724,0.214,0.1688,0.0361,-0.1873,0.6219,0,0.0503,0.00934,0.00014,0.3,0,747500,55,1,0.058
C-08725,0.0806,0.0,0.0,-0.0806,0.0,1,0.0125,0.011,0.0018,11.1,1,155000,57,0,0.083
C-08726,0.1263,0.4167,0.0526,-0.1263,0.5,1,0.0047,0.011,0.0018,6,0,47500,28,0,0.019
C-08727,0.0571,0.0,0.0,-0.0367,1.0,0,0.0131,0.00898,-0.00022,5.9,0,1060000,50,0,0.0
C-08728,0.1608,0.0,0.0,-0.1079,0.4721,0,0.0028,0.00952,0.00032,15,0,612500,37,0,0.063
C-08729,0.0985,0.0,0.0,-0.0574,0.2609,0,-0.0042,0.011,0.0018,1.1,0,233500,27,0,0.0
C-08730,0.1773,0.0,0.0,-0.1627,0.4615,0,0.0348,0.011,0.0018,14.1,0,110000,71,0,0.016
C-08731,0.1384,0.2,0.0277,-0.1293,0.2,0,0.0059,0.00918,-2e-05,9.3,1,921000,33,0,0.026
C-08732,0.1044,0.3158,0.033,-0.0648,1.0,0,-0.0012,0.011,0.0018,0.3,0,91000,67,0,0.006
C-08733,0.1944,0.5,0.0972,-0.1944,0.8214,1,0.0101,0.011,0.0018,0.4,1,72000,64,0,0.0
C-08734,0.1168,0.0,0.0,-0.1168,0.2572,1,0.0045,0.00872,-0.00048,2.8,0,1181500,57,0,0.063
C-08735,0.1838,0.0,0.0,-0.1489,0.7797,0,0.041,0.011,0.0018,3,0,160500,25,0,0.04
C-08736,0.1221,0.0,0.0,-0.068,0.3165,0,0.0474,0.01043,0.00123,0.6,0,323500,38,0,0.028
C-08737,0.1484,0.0,0.0,-0.1239,0.2706,0,-0.0038,0.00935,0.00015,15.2,0,734500,44,0,0.04
C-08738,0.2594,0.5535,0.1436,-0.0519,0.2264,0,0.0256,0.01054,0.00134,1.9,1,306500,47,0,0.093
C-08739,0.1288,0.0,0.0,-0.1253,0.7058,0,0.004,0.00737,-0.00183,8.5,1,3007500,66,0,0.0
C-08740,0.1053,0.0,0.0,-0.0081,0.2,0,0.0055,0.01053,0.00133,5.8,0,308500,42,0,0.002
C-08741,0.102,0.0,0.0,-0.102,0.4194,1,0.0246,0.011,0.0018,3,0,152000,25,0,0.066
C-08742,0.086,0.0,0.0,-0.0074,0.0,0,0.0022,0.00978,0.00058,0.6,0,488500,50,0,0.0
C-08743,0.1923,0.4588,0.0882,0.1172,0.2235,0,0.0292,0.011,0.0018,1.1,0,221000,40,1,0.608
C-08744,0.2593,0.0,0.0,-0.2066,0.3305,0,0.0015,0.011,0.0018,30,0,227500,68,0,0.0
C-08745,0.0851,0.0,0.0,-0.0851,0.5,1,0.0069,0.011,0.0018,6,1,47000,28,0,0.053
C-08746,0.2796,0.6538,0.1828,-0.2796,0.3462,1,0.0362,0.011,0.0018,0.3,0,46500,28,1,0.634
C-08747,0.1774,0.0,0.0,-0.1605,0.0,0,0.0127,0.00976,0.00056,9.8,0,496000,32,0,0.047
C-08748,0.1316,0.0,0.0,-0.1127,0.8974,0,0.008,0.00991,0.00071,3,0,444500,25,0,0.06
C-08749,0.0895,0.0,0.0,-0.0496,0.708,0,-0.006,0.00949,0.00029,4.7,0,631500,58,0,0.053
C-08750,0.2195,0.3333,0.0732,-0.0439,0.1111,0,-0.0001,0.011,0.0018,0.3,1,61500,32,0,0.089
C-08751,0.0488,0.0,0.0,-0.0183,1.0,0,-0.0108,0.00934,0.00014,3.9,0,747500,46,0,0.076
C-08752,0.0892,0.0,0.0,-0.0671,0.3793,0,0.0121,0.011,0.0018,0.9,1,162500,28,0,0.013
C-08753,0.0477,0.0,0.0,-0.0477,1.0,1,-0.0154,0.00972,0.00052,8.4,0,514000,65,0,0.048
C-08754,0.1186,0.0,0.0,-0.0989,0.5644,0,0.0076,0.00923,3e-05,1.0,0,851500,44,0,0.072
C-08755,0.0839,0.0,0.0,0.2103,0.6154,0,-0.0149,0.011,0.0018,3.8,0,77500,60,0,0.058
C-08756,0.0504,0.0,0.0,-0.0329,0.0,0,0.0157,0.00773,-0.00147,16,0,2135000,38,0,0.091
C-08757,0.1516,0.0,0.0,-0.1516,0.2848,1,0.0164,0.0097,0.0005,6.6,0,521000,43,0,0.031
C-08758,0.1435,0.0,0.0,-0.1435,0.75,1,-0.0089,0.011,0.0018,3.6,1,111500,27,0,0.008
C-08759,0.0873,0.0,0.0,-0.0873,0.5608,1,-0.0075,0.00786,-0.00134,2.8,0,1930000,67,0,0.011
C-08760,0.1037,0.0,0.0,-0.0622,0.5,0,-0.0166,0.011,0.0018,0.9,0,231500,34,0,0.042
C-08761,0.1176,0.4474,0.0526,-0.0805,0.5526,0,0.0067,0.011,0.0018,2.3,0,161500,69,0,0.015
C-08762,0.0788,0.0,0.0,-0.0579,0.487,0,0.0061,0.00914,-6e-05,1.2,0,977500,38,0,0.008
C-08763,0.049,0.0,0.0,0.0637,0.8333,0,0.0101,0.011,0.0018,6.0,0,245000,58,0,0.063
C-08764,0.1371,0.324,0.0444,-0.12,0.32,0,-0.0052,0.00919,-1e-05,0.3,0,911500,56,0,0.02
C-08765,0.1565,0.0,0.0,-0.1432,0.408,0,0.0097,0.00844,-0.00076,1.1,0,1354500,46,0,0.062
C-08766,0.3745,0.6214,0.2327,-0.3222,0.5146,0,0.0343,0.011,0.0018,9.6,1,137500,46,1,0.709
C-08767,0.167,0.0,0.0,-0.0979,0.4368,0,0.0255,0.0109,0.0017,8,0,260500,30,0,0.059
C-08768,0.1247,0.0,0.0,-0.1247,0.368,1,0.0517,0.00912,-8e-05,5.0,0,1002500,52,0,0.044
C-08769,0.1204,0.0,0.0,-0.1089,0.3888,0,-0.0027,0.00764,-0.00156,1.7,1,2297000,53,0,0.071
C-08770,0.1643,0.0,0.0,-0.1228,0.5263,0,0.0024,0.011,0.0018,1.2,0,173500,69,0,0.049
C-08771,0.0535,0.0,0.0,-0.0027,0.0,0,0.0461,0.00989,0.00069,2.6,0,449000,45,0,0.056
C-08772,0.2855,0.615,0.1756,-0.2759,0.0986,0,0.0347,0.01018,0.00098,0.3,0,373000,67,0,0.106
C-08773,0.2473,0.3913,0.0968,-0.2473,0.5217,1,-0.0025,0.011,0.0018,7.2,1,46500,46,0,0.08
C-08774,0.1635,0.0,0.0,-0.1046,0.3667,0,0.0292,0.011,0.0018,2.8,0,183500,37,0,0.044
C-08775,0.1773,0.1771,0.0314,-0.1396,0.3118,0,-0.0065,0.00822,-0.00098,0.9,1,1528500,45,0,0.046
C-08776,0.2027,0.0,0.0,-0.1689,0.6578,0,0.0097,0.0084,-0.0008,5.5,0,1384000,41,0,0.016
C-08777,0.0658,0.0,0.0,0.0428,0.0,0,0.003,0.011,0.0018,4.1,0,121500,47,0,0.019
C-08778,0.1447,0.0,0.0,-0.1403,0.2863,0,0.0056,0.00573,-0.00347,4.0,1,9713500,59,0,0.035
C-08779,0.0901,0.0,0.0,-0.0311,0.0,0,0.0258,0.00935,0.00015,1.5,0,732500,56,0,0.057
C-08780,0.147,0.3307,0.0486,-0.1245,0.6534,0,-0.0102,0.00923,3e-05,2.6,0,853500,67,0,0.044
C-08781,0.1746,0.0,0.0,-0.1533,0.4213,0,-0.0044,0.00951,0.00031,16.2,1,618500,65,0,0.007
C-08782,0.1184,0.0,0.0,-0.0623,0.0395,0,0.0029,0.01045,0.00125,8.6,1,321000,41,0,0.048
C-08783,0.1016,0.0,0.0,0.1234,0.5385,0,-0.0004,0.011,0.0018,1.6,0,64000,41,0,0.064
C-08784,0.0652,0.0,0.0,-0.0586,0.0,0,0.0171,0.00829,-0.00091,8.1,0,1465000,71,0,0.061
C-08785,0.1397,0.0,0.0,-0.1397,0.6364,1,0.0201,0.011,0.0018,2.4,0,157500,28,1,0.317
C-08786,0.1042,0.3782,0.0394,-0.0783,0.0,0,-0.001,0.00917,-3e-05,2.5,0,926000,57,0,0.063
C-08787,0.1553,0.1406,0.0218,-0.1058,0.1797,0,-0.0023,0.01002,0.00082,1.7,0,412000,59,0,0.063
C-08788,0.0816,0.0,0.0,-0.046,0.3409,0,0.0026,0.01082,0.00162,0.9,0,269500,40,0,0.056
C-08789,0.0783,0.0,0.0,0.0116,0.2174,0,-0.0013,0.00992,0.00072,0.7,1,440500,36,0,0.017
C-08790,0.1484,0.5217,0.0774,0.2697,0.8261,0,0.0136,0.011,0.0018,4.0,0,77500,38,0,0.071
C-08791,0.0625,0.0,0.0,-0.0625,0.2222,1,0.0075,0.011,0.0018,14.3,0,72000,66,0,0.016
C-08792,0.2895,0.7121,0.2061,-0.2579,0.0606,0,0.0496,0.011,0.0018,11.9,0,114000,71,0,0.044
C-08793,0.2569,0.6486,0.1667,-0.0569,0.1892,0,0.0312,0.011,0.0018,0.8,1,72000,66,0,0.049
C-08794,0.0745,0.0,0.0,0.0021,0.2857,0,0.0079,0.011,0.0018,6.4,0,47000,73,1,0.381
C-08795,0.2826,0.3462,0.0978,-0.2826,0.8077,1,0.0081,0.011,0.0018,5.9,0,46000,59,0,0.033
C-08796,0.2,0.5128,0.1026,-0.04,0.6667,0,0.0143,0.011,0.0018,4,0,97500,26,0,0.015
C-08797,0.0579,0.0,0.0,0.0215,0.4286,0,-0.0057,0.011,0.0018,3,0,121000,25,0,0.006
C-08798,0.065,0.0,0.0,-0.0599,0.9348,0,0.0136,0.00938,0.00018,0.3,0,707500,72,0,0.054
C-08799,0.0576,0.0,0.0,-0.0275,0.0,0,-0.0082,0.00856,-0.00064,11.9,1,1277000,53,0,0.006
C-08800,0.1386,0.2174,0.0301,-0.0518,0.0435,0,-0.0041,0.011,0.0018,6.7,0,83000,36,0,0.047
C-08801,0.0753,0.0,0.0,-0.0753,0.2222,1,0.0008,0.011,0.0018,0.3,1,119500,68,0,0.011
C-08802,0.041,0.0,0.0,-0.041,0.0,1,-0.0074,0.01073,0.00153,1.0,1,280500,66,0,0.033
C-08803,0.1075,0.0,0.0,-0.1075,0.7184,1,-0.0119,0.0098,0.0006,30,0,479000,66,0,0.077
C-08804,0.0281,0.0,0.0,-0.0257,1.0,0,0.0472,0.00778,-0.00142,1.1,0,2049500,74,0,0.028
C-08805,0.1579,0.5864,0.0926,-0.1528,0.0,0,0.0291,0.00917,-3e-05,13.2,0,934000,71,0,0.014
C-08806,0.1924,0.3317,0.0638,-0.1547,0.4183,0,0.0,0.00966,0.00046,3,0,540500,25,0,0.045
C-08807,0.2342,0.3596,0.0842,0.0121,0.2697,0,-0.002,0.011,0.0018,26,0,190000,48,0,0.009
C-08808,0.0459,0.0,0.0,-0.0459,0.6667,1,0.0018,0.011,0.0018,0.5,0,98000,71,0,0.091
C-08809,0.0911,0.0,0.0,-0.0824,0.9048,0,0.0063,0.0077,-0.0015,0.3,1,2189000,64,0,0.032
C-08810,0.0369,0.0,0.0,-0.0369,0.7419,1,0.0276,0.00999,0.00079,3.6,0,420000,31,0,0.044
C-08811,0.25,0.4062,0.1016,-0.1,0.4688,0,0.0117,0.011,0.0018,8,0,64000,30,1,0.609
C-08812,0.0567,0.0,0.0,-0.0567,0.3047,1,0.0024,0.00883,-0.00037,1.2,0,1128000,63,0,0.001
C-08813,0.0329,0.0,0.0,0.0911,0.8571,0,-0.0014,0.011,0.0018,0.3,0,106500,32,0,0.024
C-08814,0.1803,0.0,0.0,-0.161,0.3185,0,0.0163,0.00994,0.00074,0.3,1,435500,26,0,0.067
C-08815,0.2014,0.2759,0.0556,-0.1514,0.7931,0,-0.0081,0.011,0.0018,1.8,0,144000,38,0,0.037
C-08816,0.0364,0.0,0.0,-0.0108,0.8133,0,-0.0146,0.00905,-0.00015,20.0,0,1029000,54,0,0.016
C-08817,0.2725,0.3398,0.0926,-0.1836,0.3107,0,0.0082,0.011,0.0018,2.4,0,189000,59,0,0.0
C-08818,0.0978,0.0,0.0,-0.0978,0.4031,1,0.0478,0.00945,0.00025,4.9,0,659500,40,1,0.124
C-08819,0.206,0.0,0.0,-0.1272,0.4928,0,-0.0117,0.011,0.0018,1.1,0,167500,59,0,0.038
C-08820,0.2061,0.1765,0.0364,-0.1333,0.2059,0,0.018,0.011,0.0018,2.1,0,82500,61,0,0.04
C-08821,0.2469,0.0,0.0,-0.2469,0.0772,1,-0.0068,0.00749,-0.00171,6.6,1,2651000,52,0,0.045
C-08822,0.2491,0.4225,0.1053,-0.2491,0.7887,1,0.0021,0.011,0.0018,0.7,1,142500,48,1,0.595
C-08823,0.1258,0.0,0.0,-0.1099,0.4327,0,-0.0083,0.00824,-0.00096,6.8,0,1506500,46,0,0.048
C-08824,0.088,0.0,0.0,-0.0604,0.4058,0,-0.0033,0.00762,-0.00158,2.1,0,2352500,40,0,0.027
C-08825,0.0807,0.0,0.0,-0.0792,0.0,0,-0.0134,0.00613,-0.00307,3.9,0,6305500,58,0,0.04
C-08826,0.1546,0.0,0.0,-0.1546,0.3333,1,0.0045,0.011,0.0018,11.4,0,48500,37,0,0.034
C-08827,0.105,0.0,0.0,-0.0921,0.337,0,0.005,0.00852,-0.00068,4.0,0,1299500,45,0,0.0
C-08828,0.1718,0.4541,0.078,-0.1718,0.4541,1,0.009,0.0096,0.0004,4.4,0,570500,31,0,0.026
C-08829,0.1558,0.6729,0.1048,-0.1389,0.0823,0,0.0358,0.0074,-0.0018,0.3,0,2924500,63,0,0.041
C-08830,0.1812,0.0,0.0,-0.1679,0.4079,0,-0.0031,0.00949,0.00029,9.1,1,629000,57,0,0.101
C-08831,0.1275,0.5243,0.0668,-0.1188,1.0,0,0.0267,0.01005,0.00085,12.3,1,404000,74,0,0.082
C-08832,0.112,0.0,0.0,-0.0139,0.4865,0,-0.0044,0.01039,0.00119,6.9,0,330500,41,0,0.025
C-08833,0.1228,0.0,0.0,-0.1107,0.3059,0,-0.0078,0.0094,0.0002,7.2,1,692000,74,0,0.063
C-08834,0.1982,0.6364,0.1261,-0.1982,0.3636,1,0.037,0.011,0.0018,7,0,55500,29,0,0.033
C-08835,0.3715,0.4654,0.1729,-0.3715,0.7736,1,0.0065,0.011,0.0018,0.8,1,214000,37,0,0.046
C-08836,0.088,0.0,0.0,-0.0598,1.0,0,0.0126,0.011,0.0018,6,0,170500,28,0,0.06
C-08837,0.1506,0.0,0.0,-0.1449,0.1645,0,0.0024,0.00676,-0.00244,4.3,0,4038500,64,0,0.019
C-08838,0.1307,0.4271,0.0558,-0.1279,0.7832,0,-0.0153,0.00585,-0.00335,0.9,0,8403500,67,0,0.05
C-08839,0.2005,0.2547,0.0511,-0.1168,0.354,0,-0.0101,0.01006,0.00086,14.7,1,401500,62,0,0.07
C-08840,0.1337,0.5185,0.0693,-0.1337,1.0,1,0.0065,0.011,0.0018,1.8,1,101000,27,0,0.001
C-08841,0.1147,0.0,0.0,-0.0759,0.4744,0,0.0292,0.01034,0.00114,1.1,0,340000,30,0,0.027
C-08842,0.1799,0.0,0.0,-0.1277,0.8684,0,0.0027,0.00968,0.00048,7.7,0,528000,63,0,0.093
C-08843,0.1278,0.0,0.0,-0.0395,0.328,0,-0.0056,0.00978,0.00058,5.0,0,489000,55,0,0.052
C-08844,0.1278,0.0,0.0,-0.0677,0.0,0,0.0044,0.011,0.0018,1.4,1,199500,32,0,0.0
C-08845,0.2115,0.0,0.0,-0.0269,0.3182,0,-0.0068,0.011,0.0018,4.0,0,104000,70,0,0.118
C-08846,0.0632,0.0,0.0,-0.0632,0.284,1,0.0155,0.00855,-0.00065,2.0,0,1281500,53,0,0.036
C-08847,0.1267,0.0,0.0,-0.0904,0.4022,0,-0.0011,0.01022,0.00102,6.9,1,363000,49,0,0.04
C-08848,0.1888,0.1463,0.0276,-0.1888,0.0935,1,0.0124,0.00946,0.00026,0.4,0,651500,52,1,0.513
C-08849,0.0618,0.0,0.0,-0.0546,0.0787,0,-0.0057,0.00723,-0.00197,11.0,0,3188000,54,0,0.037
C-08850,0.1474,0.2143,0.0316,0.0547,0.4286,0,0.0123,0.011,0.0018,0.3,0,47500,28,0,0.017
C-08851,0.0563,0.0,0.0,-0.0563,1.0,1,-0.0173,0.011,0.0018,11,0,71000,33,0,0.03
C-08852,0.0939,0.0,0.0,-0.0144,0.0,0,-0.0005,0.011,0.0018,3.5,0,181000,30,0,0.024
C-08853,0.101,0.0,0.0,-0.101,0.1993,1,0.0476,0.00738,-0.00182,3.0,0,2979000,52,0,0.029
C-08854,0.0444,0.0,0.0,-0.0444,0.0,1,-0.0023,0.00976,0.00056,3.8,1,495500,54,0,0.076
C-08855,0.3106,0.5944,0.1846,-0.3106,0.2832,1,0.0396,0.00949,0.00029,0.8,1,631000,50,1,0.675
C-08856,0.0817,0.0,0.0,-0.0578,0.561,0,0.0178,0.01099,0.00179,1.8,0,251000,55,0,0.039
C-08857,0.092,0.0,0.0,-0.0688,0.7368,0,-0.0034,0.011,0.0018,2.1,0,206500,73,0,0.0
C-08858,0.1988,0.1875,0.0373,-0.1988,0.4375,1,0.03,0.011,0.0018,3,0,80500,25,0,0.01
C-08859,0.0616,0.0,0.0,-0.0616,0.8235,1,0.0404,0.00941,0.00021,8.4,0,690000,71,0,0.024
C-08860,0.0982,0.0,0.0,-0.0982,0.1818,1,0.0331,0.011,0.0018,10.7,0,56000,40,0,0.038
C-08861,0.1381,0.0,0.0,0.0343,0.08,0,-0.0122,0.011,0.0018,3.6,1,90500,61,0,0.033
C-08862,0.1055,0.0,0.0,-0.0769,0.2348,0,0.0269,0.00965,0.00045,2.6,0,545000,37,0,0.016
C-08863,0.0569,0.0,0.0,0.0114,0.0,0,0.0069,0.011,0.0018,2.2,0,140500,42,0,0.048
C-08864,0.132,0.0,0.0,-0.132,0.1912,1,-0.0024,0.01093,0.00173,6,1,257500,28,0,0.07
C-08865,0.199,0.3021,0.0601,-0.1624,0.2936,0,0.004,0.00956,0.00036,4.9,0,590500,36,0,0.099
C-08866,0.0534,0.0,0.0,-0.0534,0.0,1,0.0029,0.00983,0.00063,2.6,0,468500,67,0,0.024
C-08867,0.1327,0.3077,0.0408,-0.1327,0.2308,1,0.0024,0.011,0.0018,2.9,0,49000,27,0,0.0
C-08868,0.1148,0.0,0.0,0.023,0.6786,0,0.0051,0.011,0.0018,1.9,0,122000,31,0,0.01
C-08869,0.2379,0.0,0.0,-0.1796,0.6327,0,0.0331,0.011,0.0018,1.7,0,103000,71,0,0.036
C-08870,0.1366,0.0,0.0,-0.0984,0.56,0,0.0547,0.011,0.0018,3.4,0,91500,26,0,0.054
C-08871,0.1349,0.0,0.0,-0.1349,0.3529,1,0.0311,0.00736,-0.00184,11.1,1,3025000,49,0,0.077
C-08872,0.3382,0.6304,0.2132,-0.1618,0.2174,0,0.0233,0.011,0.0018,1.9,1,68000,41,1,0.589
C-08873,0.242,0.0,0.0,-0.2115,0.1316,0,0.0017,0.011,0.0018,0.3,0,157000,71,1,0.298
C-08874,0.2,0.3415,0.0683,-0.2,0.1382,1,0.0076,0.01053,0.00133,5,1,307500,27,0,0.04
C-08875,0.1245,0.2131,0.0265,-0.0951,0.5738,0,0.0369,0.011,0.0018,1.5,0,245000,41,0,0.071
C-08876,0.1229,0.0,0.0,-0.1169,0.0,0,-0.0022,0.00596,-0.00324,0.6,1,7450000,64,0,0.06
C-08877,0.1513,0.0,0.0,-0.1513,0.5996,1,0.0483,0.00721,-0.00199,0.9,0,3219000,59,1,0.05
C-08878,0.1752,0.0,0.0,-0.1752,0.7455,1,-0.0068,0.011,0.0018,0.9,0,157000,58,0,0.026
C-08879,0.1328,0.0,0.0,-0.1213,0.3012,0,-0.0035,0.0105,0.0013,2.8,0,312500,72,0,0.025
C-08880,0.1717,0.292,0.0501,-0.1491,0.3796,0,-0.0033,0.00928,8e-05,20.5,0,798000,61,0,0.059
C-08881,0.1896,0.1548,0.0293,-0.1571,0.7262,0,-0.0012,0.011,0.0018,25.5,0,221500,50,0,0.015
C-08882,0.0778,0.0,0.0,-0.0778,0.4267,1,0.0031,0.00915,-5e-05,3.1,0,964000,58,0,0.016
C-08883,0.1277,0.0,0.0,-0.1247,0.0897,0,-0.0088,0.00629,-0.00291,0.9,0,5543500,61,0,0.044
C-08884,0.0873,0.0,0.0,-0.0035,0.5,0,-0.006,0.011,0.0018,5.5,0,114500,29,0,0.055
C-08885,0.1047,0.0,0.0,-0.0607,0.625,0,0.0013,0.011,0.0018,0.8,0,191000,56,0,0.0
C-08886,0.0491,0.0,0.0,-0.0351,0.0,0,-0.002,0.00855,-0.00065,9.3,1,1282000,69,0,0.011
C-08887,0.1436,0.0,0.0,-0.1202,0.332,0,-0.0012,0.00922,2e-05,1.6,0,870500,57,0,0.115
C-08888,0.0888,0.0,0.0,-0.0782,0.4667,0,0.0184,0.00943,0.00023,2.1,0,675500,69,0,0.094
C-08889,0.1105,0.4562,0.0504,-0.1105,0.2417,1,0.05,0.00825,-0.00095,2.8,1,1498000,63,0,0.024
C-08890,0.0823,0.0,0.0,-0.0668,0.557,0,-0.0172,0.00791,-0.00129,2.1,0,1866000,45,0,0.059
C-08891,0.2702,0.3247,0.0877,-0.2281,0.8442,0,0.0036,0.011,0.0018,1.8,0,142500,33,1,0.332
C-08892,0.2,0.3684,0.0737,0.2295,0.7368,0,0.0158,0.011,0.0018,0.9,0,47500,30,0,0.058
C-08893,0.121,0.0,0.0,-0.0866,0.2237,0,-0.0067,0.01049,0.00129,0.6,0,314000,72,0,0.046
C-08894,0.176,0.0,0.0,-0.1475,0.1923,0,-0.0081,0.01062,0.00142,0.9,1,295500,66,0,0.0
C-08895,0.0988,0.0,0.0,-0.0416,0.5431,0,0.001,0.00956,0.00036,3.2,0,587000,52,0,0.008
C-08896,0.1072,0.0,0.0,-0.054,0.5911,0,0.0134,0.00916,-4e-05,25.8,0,946500,58,0,0.028
C-08897,0.1132,0.0,0.0,-0.1132,0.5455,1,-0.0114,0.0093,0.0001,16.3,0,777500,59,0,0.049
C-08898,0.177,0.283,0.0501,-0.171,0.283,0,0.0006,0.00954,0.00034,4.3,0,599000,75,0,0.038
C-08899,0.3147,0.3005,0.0946,-0.2403,0.5369,0,0.0084,0.01044,0.00124,1.6,1,322500,45,1,0.732
C-08900,0.1183,0.0,0.0,-0.0151,0.0,0,-0.0085,0.011,0.0018,5.5,0,46500,66,0,0.064
C-08901,0.0684,0.0,0.0,-0.037,0.1064,0,-0.0059,0.01032,0.00112,5.4,0,343500,75,0,0.003
C-08902,0.2576,0.4079,0.1051,-0.2576,0.25,1,0.0046,0.011,0.0018,5,1,147500,27,0,0.0
C-08903,0.0852,0.0,0.0,-0.0645,0.6835,0,-0.0182,0.00985,0.00065,2.8,0,463500,28,0,0.049
C-08904,0.14,0.0,0.0,-0.1167,0.0725,0,0.0326,0.00872,-0.00048,22.2,0,1182000,50,0,0.03
C-08905,0.1424,0.7159,0.1019,-0.0841,0.7955,0,0.0103,0.01052,0.00132,7.1,0,309000,54,1,0.56
C-08906,0.0823,0.0,0.0,-0.0764,0.5968,0,0.0251,0.006,-0.0032,10.0,0,7129000,42,0,0.033
C-08907,0.1235,0.327,0.0404,-0.1235,0.4528,1,-0.0117,0.00947,0.00027,2.4,1,643500,41,0,0.0
C-08908,0.1584,0.0,0.0,-0.1458,0.7245,0,0.0123,0.00862,-0.00058,0.6,1,1237500,61,0,0.069
C-08909,0.1848,0.0,0.0,-0.1848,0.3918,1,0.0474,0.00969,0.00049,4.5,1,525000,65,1,0.05
C-08910,0.0628,0.0,0.0,-0.0146,0.0,0,0.0072,0.011,0.0018,0.3,0,199000,63,0,0.037
C-08911,0.0897,0.0,0.0,-0.009,0.3571,0,0.0291,0.011,0.0018,2.2,1,78000,26,0,0.048
C-08912,0.1069,0.0,0.0,-0.039,1.0,0,0.012,0.011,0.0018,3,1,159000,25,0,0.082
C-08913,0.2302,0.0,0.0,-0.2302,0.3103,1,0.0076,0.011,0.0018,5.2,1,63000,40,1,0.369
C-08914,0.0862,0.0,0.0,-0.0799,0.4991,0,0.0061,0.00733,-0.00187,4.6,0,3058500,49,0,0.0
C-08915,0.1293,0.0,0.0,0.119,0.4667,0,0.0247,0.011,0.0018,1.9,0,58000,32,0,0.052
C-08916,0.0178,0.0,0.0,-0.0038,0.0,0,0.0103,0.00829,-0.00091,12.7,0,1464000,67,0,0.01
C-08917,0.1653,0.0,0.0,-0.1653,0.2333,1,0.0374,0.00919,-1e-05,0.4,0,907500,49,0,0.0
C-08918,0.0822,0.0,0.0,-0.0164,0.5,0,-0.0076,0.011,0.0018,0.3,0,109500,28,0,0.0
C-08919,0.2105,0.0,0.0,-0.2105,0.7812,1,-0.0106,0.011,0.0018,4.2,1,76000,59,0,0.076
C-08920,0.2497,0.3016,0.0753,-0.2497,0.5556,1,0.0095,0.01015,0.00095,9.9,1,378500,39,1,0.681
C-08921,0.137,0.0,0.0,-0.0776,0.2872,0,0.0061,0.01032,0.00112,0.3,1,343000,45,0,0.027
C-08922,0.0718,0.0,0.0,-0.0718,0.0769,1,0.0075,0.0108,0.0016,9.6,0,271500,48,0,0.07
C-08923,0.1739,0.0,0.0,0.0609,0.3125,0,0.0024,0.011,0.0018,5,0,46000,27,0,0.0
C-08924,0.1771,0.7037,0.1246,-0.1678,0.0947,0,0.0343,0.00941,0.00021,6.0,1,686000,67,1,0.431
C-08925,0.2969,0.6667,0.198,-0.2969,0.5057,1,0.0411,0.011,0.0018,2.7,0,146500,64,0,0.066
C-08926,0.0995,0.0,0.0,-0.0995,0.3158,1,0.0437,0.011,0.0018,5,0,95500,27,0,0.047
C-08927,0.0981,0.0,0.0,-0.0981,0.5714,1,0.0475,0.01069,0.00149,1.8,0,285500,62,1,0.309
C-08928,0.0427,0.0,0.0,-0.0288,0.4865,0,-0.0077,0.00994,0.00074,5.9,0,433500,58,0,0.012
C-08929,0.0609,0.0,0.0,-0.0575,0.1992,0,0.0025,0.00772,-0.00148,3.5,1,2144000,70,0,0.014
C-08930,0.1194,0.0,0.0,-0.0549,0.6333,0,0.0251,0.00974,0.00054,5.8,1,502500,61,0,0.04
C-08931,0.3809,0.5067,0.193,-0.3538,0.3208,0,0.0393,0.00978,0.00058,3.2,1,487000,30,1,0.146
C-08932,0.1281,0.0,0.0,-0.101,0.6863,0,0.0087,0.01007,0.00087,2.1,0,398000,50,1,0.263
C-08933,0.1654,0.0,0.0,-0.1447,0.2987,0,-0.0101,0.00939,0.00019,7.0,0,698500,67,0,0.02
C-08934,0.2268,0.3826,0.0868,-0.2085,0.2685,0,-0.0093,0.0104,0.0012,8.0,1,328500,73,0,0.037
C-08935,0.1757,0.0,0.0,-0.0272,0.0986,0,-0.0095,0.011,0.0018,0.7,1,202000,42,0,0.095
C-08936,0.3044,0.4683,0.1426,-0.2401,0.2993,0,0.0447,0.00984,0.00064,2.0,0,466500,66,1,0.556
C-08937,0.1237,0.25,0.0309,0.0247,0.4444,0,-0.0266,0.011,0.0018,0.5,0,145500,35,0,0.054
C-08938,0.0495,0.0,0.0,-0.0495,0.0,1,0.0213,0.011,0.0018,4.3,0,91000,32,0,0.027
C-08939,0.4661,0.8194,0.3819,-0.4661,0.6577,1,0.0548,0.01007,0.00087,7.7,1,398000,54,1,0.557
C-08940,0.0615,0.0,0.0,-0.0515,0.0,0,-0.0086,0.00806,-0.00114,0.3,1,1684000,41,0,0.0
C-08941,0.0635,0.0,0.0,-0.0635,0.0,1,-0.0065,0.011,0.0018,15.1,0,94500,60,0,0.021
C-08942,0.2581,0.1667,0.043,-0.1892,0.625,0,0.0541,0.011,0.0018,0.5,0,46500,28,0,0.0
C-08943,0.1039,0.0,0.0,-0.1039,0.9318,1,0.054,0.00998,0.00078,21.9,0,423500,46,0,0.044
C-08944,0.1176,0.0,0.0,-0.037,0.0,0,0.006,0.011,0.0018,4,0,59500,26,0,0.066
C-08945,0.1825,0.1404,0.0256,-0.1825,0.2268,1,0.0205,0.00857,-0.00063,7.2,1,1268500,55,0,0.004
C-08946,0.1527,0.648,0.099,-0.141,1.0,0,0.0165,0.00926,6e-05,0.3,0,818500,62,0,0.027
C-08947,0.1552,0.0,0.0,-0.1249,0.5465,0,0.0027,0.00963,0.00043,2.6,0,554000,41,0,0.047
C-08948,0.149,0.4333,0.0646,-0.1172,0.0,0,-0.0071,0.01057,0.00137,3.6,0,302000,71,0,0.037
C-08949,0.1179,0.0,0.0,-0.0812,0.4444,0,-0.0119,0.011,0.0018,3.9,0,229000,42,0,0.0
C-08950,0.1343,0.0,0.0,-0.1178,0.0,0,0.046,0.00997,0.00077,7.5,0,424500,48,0,0.035
C-08951,0.0329,0.0,0.0,0.0263,0.75,0,0.0349,0.011,0.0018,4,0,121500,26,0,0.055
C-08952,0.0615,0.0,0.0,-0.0338,0.625,0,0.0012,0.011,0.0018,3.7,0,130000,66,0,0.032
C-08953,0.2,0.0,0.0,-0.2,0.0,1,-0.0041,0.011,0.0018,2.3,0,47500,69,1,0.118
C-08954,0.2581,0.6667,0.172,-0.2581,0.7917,1,0.0463,0.011,0.0018,1.6,0,46500,32,1,0.533
C-08955,0.0469,0.0,0.0,-0.0469,0.0,1,-0.006,0.00993,0.00073,0.3,0,437500,56,0,0.029
C-08956,0.0446,0.0,0.0,0.0518,0.8,0,-0.0018,0.011,0.0018,0.3,1,112000,27,0,0.07
C-08957,0.1297,0.0,0.0,-0.1297,0.15,1,-0.0075,0.01012,0.00092,6.0,0,385500,41,0,0.018
C-08958,0.0965,0.0,0.0,-0.0965,0.7273,1,-0.0034,0.011,0.0018,3.2,0,57000,47,0,0.022
C-08959,0.1398,0.3504,0.049,-0.1265,0.3476,0,-0.0122,0.00859,-0.00061,9.5,0,1255000,64,0,0.039
C-08960,0.172,0.0,0.0,0.3957,0.0,0,0.0063,0.011,0.0018,3.1,0,46500,34,0,0.027
C-08961,0.0794,0.0,0.0,0.0206,0.0,0,-0.0231,0.01013,0.00093,4.2,0,384000,41,0,0.062
C-08962,0.1111,0.0,0.0,0.4222,0.0,0,0.0053,0.011,0.0018,3,1,58500,25,0,0.066
C-08963,0.0905,0.0,0.0,-0.0652,0.6333,0,0.0082,0.01039,0.00119,0.6,1,331500,52,0,0.06
C-08964,0.0427,0.0,0.0,0.0803,0.0,0,0.0545,0.011,0.0018,0.3,0,58500,40,0,0.056
C-08965,0.0758,0.0,0.0,-0.0294,0.451,0,0.0014,0.01036,0.00116,2.1,0,336500,40,0,0.031
C-08966,0.2645,0.3993,0.1056,-0.2489,0.1524,0,0.0351,0.00893,-0.00027,5.1,0,1079500,54,0,0.082
C-08967,0.1485,0.4667,0.0693,-0.1485,0.5333,1,0.0252,0.011,0.0018,1.0,0,50500,37,1,0.569
C-08968,0.0968,0.0,0.0,0.0645,0.8889,0,-0.0014,0.011,0.0018,4,0,186000,26,0,0.024
C-08969,0.1281,0.2836,0.0363,-0.1281,0.4478,1,0.051,0.01089,0.00169,4.6,0,261500,62,0,0.0
C-08970,0.3019,0.7083,0.2138,-0.3019,0.0938,1,0.0524,0.011,0.0018,7.1,0,159000,43,1,0.303
C-08971,0.1835,0.0,0.0,-0.1835,0.0,1,-0.0013,0.011,0.0018,0.4,0,218000,32,1,0.13
C-08972,0.1429,0.0,0.0,-0.1429,0.6389,1,0.0134,0.011,0.0018,0.3,0,126000,34,0,0.008
C-08973,0.0708,0.0,0.0,-0.0507,0.086,0,0.0105,0.00945,0.00025,6.5,1,657000,48,0,0.022
C-08974,0.0656,0.0,0.0,0.0537,0.5758,0,-0.0099,0.01099,0.00179,0.4,0,251500,29,0,0.024
C-08975,0.1006,0.0,0.0,-0.0926,0.1648,0,-0.0047,0.00988,0.00068,2.7,0,452500,66,0,0.04
C-08976,0.0188,0.0,0.0,-0.0056,0.6667,0,-0.0046,0.00948,0.00028,1.1,0,638000,42,0,0.061
C-08977,0.1042,0.0,0.0,0.3458,0.2,0,0.0377,0.011,0.0018,6,0,48000,28,0,0.025
C-08978,0.0843,0.2857,0.0241,-0.0843,0.6429,1,-0.0001,0.011,0.0018,1.5,0,83000,26,0,0.025
C-08979,0.0672,0.0,0.0,-0.0485,1.0,0,0.0094,0.00925,5e-05,0.6,0,833500,60,0,0.069
C-08980,0.1506,0.0,0.0,-0.1506,0.3243,1,-0.0124,0.00977,0.00057,11.7,1,491500,66,0,0.042
C-08981,0.0549,0.0,0.0,0.2088,0.8,0,0.0,0.011,0.0018,6.7,0,45500,63,0,0.0
C-08982,0.0658,0.0,0.0,-0.0177,0.1951,0,-0.0046,0.00861,-0.00059,1.4,0,1246000,44,0,0.011
C-08983,0.125,0.0,0.0,-0.05,0.25,0,0.0126,0.011,0.0018,1.7,0,48000,35,0,0.083
C-08984,0.082,0.0,0.0,0.0013,0.6923,0,-0.0147,0.011,0.0018,0.3,0,158500,36,0,0.058
C-08985,0.0614,0.0,0.0,-0.0265,0.0,0,0.0074,0.01052,0.00132,0.6,1,309500,64,0,0.026
C-08986,0.1046,0.0,0.0,-0.0452,0.6182,0,-0.0064,0.01088,0.00168,1.5,0,263000,35,0,0.002
C-08987,0.051,0.0,0.0,-0.0308,0.1237,0,-0.0019,0.00916,-4e-05,6.9,0,951500,57,0,0.049
C-08988,0.0518,0.0,0.0,-0.0389,0.8621,0,0.0091,0.01073,0.00153,2.3,0,280000,26,0,0.015
C-08989,0.092,0.0,0.0,-0.075,0.6703,0,-0.0082,0.00976,0.00056,13.5,1,494500,39,0,0.029
C-08990,0.1646,0.0,0.0,-0.1626,0.5934,0,-0.0119,0.00761,-0.00159,2.3,0,2375000,71,0,0.075
C-08991,0.0614,0.0,0.0,-0.0489,0.5319,0,0.0065,0.01013,0.00093,2.1,1,382500,33,0,0.037
C-08992,0.3143,0.7273,0.2286,-0.3143,0.4182,1,0.0541,0.011,0.0018,4.6,0,87500,32,0,0.074
C-08993,0.0733,0.0,0.0,-0.0733,0.6,1,0.0133,0.01079,0.00159,3.8,1,273000,51,0,0.039
C-08994,0.1466,0.0,0.0,-0.1466,0.5588,1,0.0005,0.011,0.0018,3.9,0,116000,51,0,0.007
C-08995,0.1558,0.0,0.0,-0.0156,0.3333,0,0.0274,0.011,0.0018,9.3,0,77000,39,0,0.069
C-08996,0.1047,0.0,0.0,-0.0318,0.129,0,0.003,0.011,0.0018,7,0,148000,29,0,0.035
C-08997,0.1803,0.0,0.0,-0.1672,0.4141,0,-0.0055,0.00964,0.00044,14.5,1,549000,43,0,0.027
C-08998,0.0991,0.0,0.0,-0.0991,0.1809,1,0.0387,0.00982,0.00062,1.7,0,474500,70,1,0.242
C-08999,0.0718,0.0,0.0,0.0454,0.56,0,-0.0099,0.011,0.0018,9.1,1,174000,60,0,0.068
C-09000,0.0642,0.0,0.0,-0.0642,0.5714,1,-0.0033,0.011,0.0018,13.7,0,109000,44,0,0.077
C-09001,0.2467,0.6622,0.1633,-0.2467,0.0541,1,0.0275,0.011,0.0018,2.3,1,150000,61,1,0.539
C-09002,0.0995,0.0,0.0,-0.0952,0.2232,0,0.0407,0.00745,-0.00175,3.3,0,2768000,65,0,0.085
C-09003,0.164,0.0,0.0,-0.164,0.3152,1,-0.0082,0.01073,0.00153,10.3,0,280500,61,0,0.018
C-09004,0.3196,0.6774,0.2165,-0.3196,0.1613,1,0.0541,0.011,0.0018,2.1,0,48500,30,0,0.049
C-09005,0.0226,0.0,0.0,0.0208,1.0,0,0.013,0.011,0.0018,5,1,221500,27,0,0.047
C-09006,0.1227,0.4706,0.0578,-0.0722,0.7647,0,0.045,0.011,0.0018,8.1,1,138500,32,0,0.092
C-09007,0.1004,0.0,0.0,-0.0585,0.1957,0,-0.001,0.011,0.0018,1.8,0,229000,73,0,0.04
C-09008,0.302,0.5676,0.1714,-0.2727,0.3919,0,0.0354,0.011,0.0018,8,0,122500,30,1,0.484
C-09009,0.0891,0.0,0.0,0.0059,0.0,0,0.0141,0.011,0.0018,1.4,0,151500,71,0,0.027
C-09010,0.1064,0.0,0.0,0.0979,0.0,0,0.0066,0.011,0.0018,0.3,1,47000,33,0,0.0
C-09011,0.0421,0.0,0.0,0.0842,0.25,0,-0.0053,0.011,0.0018,5.7,0,47500,35,0,0.068
C-09012,0.2206,0.6844,0.151,-0.2206,0.4889,1,0.0535,0.00973,0.00053,3.2,0,510000,60,1,0.322
C-09013,0.1308,0.3571,0.0467,-0.0187,0.7857,0,0.0101,0.011,0.0018,2.6,0,53500,28,0,0.053
C-09014,0.1592,0.24,0.0382,-0.1592,0.48,1,0.0027,0.011,0.0018,0.6,1,78500,52,1,0.488
C-09015,0.0822,0.0,0.0,-0.0067,0.1358,0,-0.0045,0.00977,0.00057,0.3,0,493000,43,1,0.496
C-09016,0.0493,0.0,0.0,-0.0478,0.1005,0,0.0487,0.00614,-0.00306,9.3,0,6253000,72,0,0.014
C-09017,0.1243,0.0,0.0,-0.0703,0.3448,0,0.0053,0.00984,0.00064,6.2,1,466500,44,0,0.086
C-09018,0.1985,0.2051,0.0407,-0.1496,0.359,0,-0.0007,0.011,0.0018,13.6,0,196500,46,0,0.05
C-09019,0.0842,0.0,0.0,-0.0544,0.5913,0,-0.0006,0.00942,0.00022,11.0,1,682500,33,0,0.124
C-09020,0.059,0.0,0.0,-0.0382,0.4706,0,0.0047,0.01067,0.00147,3.9,0,288000,74,0,0.049
C-09021,0.1427,0.2222,0.0317,-0.1288,0.2222,0,0.0018,0.0103,0.0011,1.8,0,347000,74,1,0.078
C-09022,0.1686,0.0,0.0,-0.1617,0.3559,0,0.0324,0.011,0.0018,5.1,1,175000,56,0,0.057
C-09023,0.2143,0.3939,0.0844,-0.2143,0.1919,1,0.0092,0.011,0.0018,3.2,0,231000,51,1,0.638
C-09024,0.0978,0.0,0.0,-0.0741,0.3596,0,0.0059,0.00987,0.00067,2.4,0,455000,46,0,0.013
C-09025,0.1828,0.3529,0.0645,-0.1828,0.2941,1,-0.0062,0.011,0.0018,2.7,1,46500,27,0,0.055
C-09026,0.2279,0.6369,0.1451,-0.193,0.0,0,0.0323,0.01031,0.00111,8.4,0,344500,50,1,0.514
C-09027,0.0754,0.0,0.0,-0.0754,0.0541,1,-0.0113,0.011,0.0018,13.1,1,245500,40,0,0.043
C-09028,0.0695,0.0,0.0,0.0063,0.4242,0,0.0101,0.011,0.0018,0.8,1,237500,34,0,0.024
C-09029,0.1465,0.413,0.0605,-0.1465,0.8043,1,0.0012,0.011,0.0018,14.9,1,157000,72,0,0.025
C-09030,0.1171,0.2297,0.0269,-0.0867,0.7432,0,-0.0015,0.01048,0.00128,6.7,0,316000,65,0,0.037
C-09031,0.0448,0.0,0.0,0.009,0.0,0,-0.0033,0.011,0.0018,4.8,0,67000,32,0,0.036
C-09032,0.1333,0.0,0.0,-0.0648,0.5536,0,-0.004,0.011,0.0018,8.8,0,210000,70,0,0.003
C-09033,0.0404,0.575,0.0233,-0.0016,1.0,0,0.0143,0.00976,0.00056,0.9,1,494500,46,0,0.036
C-09034,0.0506,0.0,0.0,-0.0411,0.1111,0,0.0505,0.0099,0.0007,9.0,0,445000,43,0,0.072
C-09035,0.1375,0.0,0.0,-0.1375,0.5,1,-0.0289,0.00966,0.00046,8.8,1,538000,67,0,0.074
C-09036,0.3511,0.7879,0.2766,-0.3511,0.1818,1,0.0381,0.011,0.0018,4.6,1,47000,34,1,0.893
C-09037,0.1501,0.4962,0.0745,-0.1088,0.0,0,0.0079,0.00993,0.00073,3.9,0,436500,35,0,0.13
C-09038,0.1391,0.5946,0.0827,-0.1391,0.0,1,0.0383,0.01085,0.00165,13.3,0,266000,43,1,0.507
C-09039,0.0633,0.0,0.0,-0.0169,0.0,0,0.0019,0.0107,0.0015,0.3,0,284500,73,0,0.047
C-09040,0.1404,0.0,0.0,0.0753,0.0,0,-0.0005,0.011,0.0018,12.0,0,89000,54,0,0.039
C-09041,0.1308,0.0,0.0,0.0908,0.2647,0,0.0113,0.011,0.0018,6.1,0,130000,45,0,0.0
C-09042,0.173,0.5977,0.1034,-0.173,0.5977,1,0.0495,0.00974,0.00054,9.6,1,503000,35,0,0.034
C-09043,0.2148,0.0,0.0,-0.1731,0.3493,0,0.0072,0.00949,0.00029,6.0,0,633000,40,0,0.036
C-09044,0.1783,0.0,0.0,-0.0743,0.2243,0,0.0053,0.01058,0.00138,10.2,0,300000,49,0,0.03
C-09045,0.1162,0.0,0.0,-0.1162,0.4892,1,0.0255,0.00955,0.00035,1.4,0,598000,59,0,0.022
C-09046,0.1161,0.0,0.0,-0.0337,0.2903,0,0.0317,0.011,0.0018,4.7,0,133500,27,0,0.056
C-09047,0.1265,0.0,0.0,-0.1265,0.6118,1,0.0528,0.01036,0.00116,0.7,0,336000,39,0,0.049
C-09048,0.2353,0.3081,0.0725,-0.2238,0.2062,0,0.0268,0.00751,-0.00169,0.6,0,2607500,41,0,0.019
C-09049,0.1374,0.0,0.0,-0.0744,0.5216,0,-0.0048,0.0077,-0.0015,0.3,1,2190000,53,0,0.07
C-09050,0.1607,0.3333,0.0536,0.075,0.7222,0,0.0113,0.011,0.0018,5.2,0,56000,29,1,0.592
C-09051,0.0897,0.0,0.0,0.0428,0.9231,0,-0.0177,0.011,0.0018,19.0,0,145000,70,0,0.074
C-09052,0.0511,0.0,0.0,-0.0233,0.3402,0,-0.0024,0.00916,-4e-05,2.1,0,948500,72,0,0.016
C-09053,0.1204,0.0,0.0,0.1907,0.0769,0,-0.006,0.011,0.0018,10.4,0,54000,50,1,0.13
C-09054,0.1422,0.0,0.0,-0.1034,0.4553,0,0.0515,0.00995,0.00075,1.8,1,432500,36,0,0.081
C-09055,0.1076,0.0,0.0,-0.0835,0.2991,0,0.0282,0.00976,0.00056,11.2,1,497000,52,0,0.002
C-09056,0.1792,0.4737,0.0849,-0.1792,0.4737,1,-0.0028,0.011,0.0018,1.6,1,53000,25,0,0.004
C-09057,0.2886,0.405,0.1169,-0.2221,0.7597,0,0.0306,0.00933,0.00013,4.3,0,757000,48,1,0.371
C-09058,0.229,0.0,0.0,-0.229,0.3582,1,0.038,0.00874,-0.00046,9.2,0,1170500,44,1,0.108
C-09059,0.0696,0.0,0.0,0.143,0.0,0,0.0371,0.011,0.0018,7.2,0,237000,49,0,0.038
C-09060,0.0572,0.0,0.0,-0.0519,0.2291,0,-0.0257,0.00586,-0.00334,0.7,0,8246000,58,0,0.032
C-09061,0.1596,0.0,0.0,-0.083,0.9333,0,0.0383,0.011,0.0018,2.3,0,47000,28,0,0.054
C-09062,0.1713,0.0,0.0,-0.1251,0.325,0,0.0104,0.011,0.0018,4.6,0,233500,50,0,0.061
C-09063,0.1521,0.0,0.0,-0.1454,0.0,0,-0.0089,0.00921,1e-05,3.0,0,884000,67,0,0.051
C-09064,0.2446,0.3856,0.0943,-0.2446,0.7147,1,0.0464,0.00946,0.00026,10.7,1,652000,67,0,0.007
C-09065,0.218,0.1556,0.0339,-0.2082,0.6354,0,0.0033,0.00815,-0.00105,2.6,0,1592000,72,0,0.062
C-09066,0.118,0.0,0.0,-0.118,0.7416,1,0.0468,0.01016,0.00096,1.2,1,377000,52,0,0.078
C-09067,0.0661,0.0,0.0,-0.0524,0.8579,0,-0.0006,0.00747,-0.00173,5.9,0,2715500,70,0,0.041
C-09068,0.1207,0.0,0.0,-0.1089,0.3469,0,-0.0066,0.011,0.0018,9.2,0,203000,44,0,0.042
C-09069,0.0536,0.0,0.0,-0.0487,1.0,0,0.0436,0.00748,-0.00172,3.0,0,2666500,49,1,0.203
C-09070,0.1679,0.7805,0.1311,-0.1679,1.0,1,0.0376,0.00914,-6e-05,0.9,0,976500,45,0,0.037
C-09071,0.1183,0.0,0.0,-0.1183,0.4545,1,-0.0055,0.011,0.0018,1.6,0,46500,28,0,0.0
C-09072,0.1044,0.0,0.0,-0.1014,0.1196,0,0.0001,0.00781,-0.00139,1.0,0,2002000,69,0,0.054
C-09073,0.1633,0.0,0.0,-0.1376,0.6066,0,-0.0097,0.01017,0.00097,5.1,0,373500,52,0,0.023
C-09074,0.0838,0.0,0.0,0.0168,0.3571,0,-0.0201,0.011,0.0018,3.3,0,167000,38,0,0.003
C-09075,0.0632,0.5,0.0316,0.0632,0.5,0,0.0012,0.011,0.0018,0.3,0,47500,31,0,0.111
C-09076,0.0436,0.0,0.0,-0.0436,0.0,1,0.0082,0.011,0.0018,30,1,195000,66,0,0.077
C-09077,0.1887,0.0,0.0,-0.173,0.381,0,-0.0065,0.00952,0.00032,3.5,0,612000,70,0,0.07
C-09078,0.0784,0.0,0.0,-0.0125,0.0,0,0.0195,0.01095,0.00175,4.9,0,255000,65,0,0.05
C-09079,0.1976,0.3313,0.0655,-0.1625,0.5802,0,0.0105,0.00864,-0.00056,4.3,1,1229500,57,0,0.061
C-09080,0.1708,0.0,0.0,-0.1588,0.1297,0,0.0014,0.00939,0.00019,3.1,0,699500,72,0,0.017
C-09081,0.0528,0.0,0.0,0.0057,0.6923,0,0.0316,0.011,0.0018,4.2,0,123000,71,1,0.258
C-09082,0.318,0.4778,0.1519,-0.318,0.3556,1,0.0124,0.011,0.0018,1.2,1,141500,38,1,0.608
C-09083,0.1491,0.3495,0.0521,-0.1178,0.0,0,-0.0005,0.01031,0.00111,1.0,0,345500,63,0,0.0
C-09084,0.0676,0.0,0.0,-0.0252,0.5,0,0.0076,0.00946,0.00026,1.6,0,650500,45,0,0.009
C-09085,0.1019,0.0,0.0,-0.1019,0.1572,1,0.001,0.00702,-0.00218,1.4,0,3528000,52,0,0.03
C-09086,0.0852,0.0,0.0,-0.0852,0.3871,1,0.0001,0.011,0.0018,3,1,182000,25,0,0.047
C-09087,0.1555,0.0,0.0,-0.14,0.5353,0,-0.0002,0.00931,0.00011,9.7,1,775000,35,0,0.031
C-09088,0.1776,0.3333,0.0592,-0.1776,0.2593,1,0.0042,0.011,0.0018,1.6,0,152000,50,0,0.031
C-09089,0.0343,0.0,0.0,-0.0074,0.2143,0,0.0326,0.011,0.0018,3.7,0,204000,35,0,0.0
C-09090,0.1313,0.0,0.0,-0.0924,0.7808,0,-0.0157,0.01075,0.00155,1.9,0,278000,69,0,0.061
C-09091,0.1279,0.0,0.0,-0.067,0.3362,0,0.0034,0.00988,0.00068,4.2,1,453500,39,0,0.005
C-09092,0.1254,0.0,0.0,-0.0753,0.2222,0,-0.0033,0.011,0.0018,0.9,1,143500,30,0,0.021
C-09093,0.125,0.0,0.0,0.025,0.5833,0,0.0031,0.011,0.0018,0.4,1,48000,27,0,0.037
C-09094,0.1508,0.5614,0.0847,-0.1508,0.2281,1,0.0119,0.011,0.0018,12.8,0,189000,45,0,0.056
C-09095,0.1138,0.0,0.0,-0.1138,0.0591,1,0.0541,0.00915,-5e-05,4.6,0,966500,55,0,0.1
C-09096,0.1399,0.0,0.0,-0.1259,0.4271,0,0.01,0.01032,0.00112,11.9,0,343000,73,0,0.015
C-09097,0.182,0.3402,0.0619,-0.1685,0.9588,0,-0.0127,0.01085,0.00165,1.2,1,266500,67,0,0.078
C-09098,0.1656,0.0,0.0,-0.1498,0.5373,0,-0.0016,0.00953,0.00033,0.5,0,607000,70,0,0.065
C-09099,0.0833,0.0,0.0,-0.0833,0.5,1,-0.0108,0.011,0.0018,0.9,0,48000,30,0,0.027
C-09100,0.1603,0.0,0.0,-0.0929,0.225,0,0.0057,0.0095,0.0003,0.5,0,624000,61,0,0.114
C-09101,0.0845,0.0,0.0,-0.0571,0.3243,0,0.0048,0.011,0.0018,8,0,219000,30,0,0.0
C-09102,0.119,0.0,0.0,0.1286,0.2667,0,0.0027,0.011,0.0018,12.8,0,63000,50,1,0.251
C-09103,0.1277,0.0,0.0,0.1277,0.75,0,0.0045,0.011,0.0018,4.0,0,47000,73,0,0.067
C-09104,0.0286,0.0,0.0,-0.0286,0.6667,1,-0.003,0.011,0.0018,4.7,0,52500,74,0,0.061
C-09105,0.0921,0.0,0.0,-0.0761,0.1884,0,-0.0091,0.01017,0.00097,5.1,0,374500,53,0,0.064
C-09106,0.05,0.0,0.0,-0.0484,0.6075,0,0.008,0.00773,-0.00147,7.8,0,2138000,72,0,0.006
C-09107,0.0338,0.0,0.0,-0.0201,1.0,0,0.0217,0.0093,0.0001,3.1,0,783000,65,0,0.051
C-09108,0.2412,0.2231,0.0538,-0.2005,0.4483,0,0.0074,0.00912,-8e-05,6.7,0,1003500,48,0,0.047
C-09109,0.259,0.3924,0.1016,-0.078,0.5316,0,0.0049,0.011,0.0018,1.7,0,152500,48,1,0.368
C-09110,0.0121,0.0,0.0,0.0036,1.0,0,-0.0052,0.00913,-7e-05,2.0,0,995500,53,0,0.09
C-09111,0.1494,0.0,0.0,-0.1249,0.7234,0,0.0458,0.00807,-0.00113,3.3,0,1670500,62,1,0.319
C-09112,0.0674,0.0,0.0,-0.0587,0.0723,0,0.0159,0.00863,-0.00057,2.1,0,1231000,54,0,0.033
C-09113,0.1244,0.0,0.0,-0.1129,0.3077,0,-0.0069,0.0097,0.0005,2.5,1,522500,68,0,0.058
C-09114,0.0339,0.0,0.0,-0.0339,0.7529,1,0.0123,0.0086,-0.0006,7.1,1,1252500,40,0,0.068
C-09115,0.1869,0.3243,0.0606,-0.1869,0.5676,1,-0.0034,0.011,0.0018,4,0,99000,26,0,0.023
C-09116,0.0441,0.0,0.0,-0.0197,0.0,0,-0.0137,0.00991,0.00071,1.4,0,442000,65,0,0.01
C-09117,0.2,0.4583,0.0917,0.3,0.5833,0,-0.0097,0.011,0.0018,0.4,1,60000,38,1,0.37
C-09118,0.0878,0.0,0.0,-0.0878,0.0,1,0.002,0.00978,0.00058,5.8,0,489500,49,0,0.077
C-09119,0.0764,0.0,0.0,-0.0764,0.5432,1,0.0517,0.00968,0.00048,12.5,0,530000,71,0,0.097
C-09120,0.1145,0.0,0.0,-0.1145,0.3684,1,-0.0089,0.011,0.0018,5.9,0,249000,35,0,0.046
C-09121,0.1429,0.0,0.0,-0.1172,0.2972,0,-0.0138,0.00844,-0.00076,12.5,1,1354500,50,0,0.022
C-09122,0.1967,0.3133,0.0616,-0.1967,0.7108,1,0.0045,0.011,0.0018,4.5,0,211000,68,0,0.043
C-09123,0.1816,0.2619,0.0476,-0.1579,0.5442,0,0.0367,0.00927,7e-05,19.3,0,809500,59,1,0.14
C-09124,0.1535,0.0,0.0,0.001,0.7903,0,-0.0069,0.011,0.0018,10.5,1,202000,37,0,0.0
C-09125,0.1357,0.0,0.0,-0.1193,0.2579,0,0.0043,0.00957,0.00037,4.1,0,586000,36,0,0.081
C-09126,0.161,0.5096,0.082,-0.161,0.1264,1,0.0444,0.00927,7e-05,5.0,0,810500,43,0,0.068
C-09127,0.0645,0.0,0.0,-0.0598,0.4545,0,0.0089,0.00931,0.00011,3.5,0,768000,51,0,0.036
C-09128,0.1475,0.0,0.0,0.1279,0.3333,0,0.0015,0.011,0.0018,1.1,0,61000,29,0,0.047
C-09129,0.2094,0.7755,0.1624,-0.2094,0.8163,1,0.0524,0.011,0.0018,1.0,0,117000,64,0,0.068
C-09130,0.1259,0.0,0.0,-0.0874,0.6,0,-0.0246,0.011,0.0018,3.2,0,218500,70,0,0.065
C-09131,0.2285,0.0,0.0,-0.2285,0.3892,1,-0.0099,0.01021,0.00101,1.7,0,365500,65,0,0.061
C-09132,0.1538,0.0,0.0,-0.1538,0.5556,1,0.0338,0.011,0.0018,13,0,58500,35,0,0.076
C-09133,0.0824,0.0,0.0,-0.0781,0.861,0,0.0018,0.00766,-0.00154,0.5,0,2270000,40,0,0.059
C-09134,0.1325,0.4545,0.0602,-0.1325,0.4545,1,0.0168,0.011,0.0018,15.4,0,207500,69,0,0.053
C-09135,0.095,0.0,0.0,-0.095,0.075,1,-0.0003,0.011,0.0018,7.0,0,210500,69,0,0.095
C-09136,0.1058,0.0,0.0,-0.1058,1.0,1,0.0436,0.0107,0.0015,4.2,0,283500,49,0,0.037
C-09137,0.0898,0.0,0.0,-0.0573,0.6038,0,0.0499,0.01062,0.00142,2.7,0,295000,59,0,0.003
C-09138,0.098,0.0,0.0,-0.0071,0.0,0,-0.0263,0.01013,0.00093,0.5,0,382500,56,0,0.054
C-09139,0.0671,0.0,0.0,-0.0671,0.8435,1,0.0265,0.00923,3e-05,7.1,0,857500,71,0,0.056
C-09140,0.0839,0.0,0.0,-0.0687,0.8113,0,-0.0101,0.01048,0.00128,12.1,0,316000,74,0,0.047
C-09141,0.0654,0.0,0.0,0.0511,1.0,0,-0.0138,0.00934,0.00014,5.6,0,742000,44,0,0.008
C-09142,0.1329,0.0,0.0,-0.1101,0.4524,0,0.0118,0.011,0.0018,2.8,0,158000,33,0,0.006
C-09143,0.1598,0.4194,0.067,-0.1598,0.7097,1,0.0025,0.011,0.0018,11.3,0,97000,55,1,0.288
C-09144,0.123,0.0,0.0,-0.123,0.3614,1,-0.009,0.00926,6e-05,11.4,0,821000,58,0,0.032
C-09145,0.0464,0.0,0.0,-0.0322,0.2727,0,0.002,0.00955,0.00035,5.2,0,593000,70,0,0.056
C-09146,0.1654,0.3788,0.0627,-0.0992,0.1818,0,-0.0076,0.011,0.0018,1.3,0,199500,28,0,0.01
C-09147,0.1777,0.554,0.0985,-0.1593,0.6978,0,0.0134,0.0101,0.0009,21.4,0,391000,59,0,0.084
C-09148,0.0811,0.0,0.0,-0.0611,0.0,0,0.0096,0.00683,-0.00237,1.7,0,3897000,53,1,0.518
C-09149,0.0976,0.0,0.0,-0.0976,0.4553,1,0.0107,0.00754,-0.00166,1.6,1,2520500,27,0,0.0
C-09150,0.1446,0.3932,0.0569,-0.1354,1.0,0,0.0182,0.00762,-0.00158,0.9,0,2347500,59,0,0.07
C-09151,0.2997,0.461,0.1381,-0.2916,0.145,0,0.0452,0.00845,-0.00075,2.2,1,1346500,74,1,0.535
C-09152,0.1535,0.129,0.0198,-0.0584,0.0968,0,-0.0111,0.011,0.0018,7.3,0,101000,64,0,0.047
C-09153,0.0742,0.0,0.0,-0.0018,0.8681,0,0.0028,0.00952,0.00032,9.2,0,613000,50,0,0.105
C-09154,0.081,0.0,0.0,-0.0636,0.4478,0,0.006,0.01001,0.00081,0.3,0,413500,72,0,0.0
C-09155,0.0433,0.0,0.0,-0.0433,0.0,1,0.0475,0.00992,0.00072,3.4,0,439000,47,1,0.531
C-09156,0.1782,0.1294,0.0231,-0.1782,0.3765,1,0.01,0.011,0.0018,7,0,238500,29,0,0.075
C-09157,0.0502,0.0,0.0,0.0943,0.8667,0,-0.0016,0.011,0.0018,6,0,149500,28,0,0.063
C-09158,0.1628,0.0,0.0,-0.1598,0.2602,0,0.0082,0.00868,-0.00052,0.3,0,1204000,66,0,0.041
C-09159,0.139,0.0,0.0,-0.139,0.5888,1,0.0273,0.00801,-0.00119,5.6,0,1740500,54,0,0.034
C-09160,0.1692,0.0,0.0,-0.1531,0.6733,0,-0.005,0.00955,0.00035,1.2,0,597000,37,0,0.042
C-09161,0.1263,0.0,0.0,-0.1263,0.9167,1,0.0051,0.011,0.0018,2.4,0,47500,40,0,0.0
C-09162,0.1038,0.0,0.0,-0.0579,0.0,0,-0.0079,0.011,0.0018,13.0,0,183000,41,0,0.048
C-09163,0.1339,0.0,0.0,-0.129,0.0,0,-0.0051,0.00785,-0.00135,6.3,0,1949000,60,0,0.038
C-09164,0.0937,0.0,0.0,-0.0734,0.2742,0,0.0399,0.00815,-0.00105,10.8,0,1595000,49,0,0.055
C-09165,0.0962,0.0,0.0,-0.0962,0.2885,1,0.0353,0.00573,-0.00347,5.3,0,9818000,50,0,0.059
C-09166,0.1931,0.5455,0.1054,-0.1711,0.9784,0,0.0278,0.00955,0.00035,10.8,0,598000,51,0,0.018
C-09167,0.2,0.1739,0.0348,0.113,0.3043,0,0.0098,0.011,0.0018,6.8,1,57500,30,1,0.348
C-09168,0.1745,0.0,0.0,-0.1745,0.2584,1,0.0386,0.01095,0.00175,16.5,1,255000,44,0,0.008
C-09169,0.0354,0.0,0.0,-0.0319,0.0,0,-0.0073,0.0094,0.0002,1.1,0,693000,73,0,0.016
C-09170,0.2112,0.6371,0.1346,-0.2112,0.0802,1,0.032,0.00961,0.00041,30,1,561000,56,0,0.049
C-09171,0.1539,0.0,0.0,-0.133,0.5157,0,-0.01,0.00971,0.00051,10.5,1,516500,60,0,0.0
C-09172,0.2108,0.67,0.1413,-0.2108,0.35,1,0.0471,0.00938,0.00018,2.3,1,711500,49,1,0.636
C-09173,0.0775,0.0,0.0,-0.0775,0.7857,1,-0.0066,0.00949,0.00029,3.0,0,632500,62,0,0.058
C-09174,0.1359,0.0,0.0,-0.1359,0.6056,1,0.038,0.00848,-0.00072,5.1,1,1324500,66,1,0.222
C-09175,0.1213,0.0,0.0,-0.1213,0.4,1,-0.0022,0.01028,0.00108,3.1,0,350500,61,0,0.042
C-09176,0.1731,0.4868,0.0843,-0.1731,0.2237,1,-0.0059,0.011,0.0018,1.1,1,219500,47,1,0.784
C-09177,0.211,0.0,0.0,0.1633,0.7391,0,0.0111,0.011,0.0018,3,0,54500,25,0,0.036
C-09178,0.0766,0.0,0.0,-0.0331,0.6,0,0.0005,0.01024,0.00104,3.0,0,359000,50,0,0.053
C-09179,0.3463,0.768,0.2659,-0.3463,0.816,1,0.0539,0.011,0.0018,3.0,0,180500,71,1,0.779
C-09180,0.1328,0.0,0.0,-0.1328,0.6176,1,-0.007,0.011,0.0018,6.0,0,128000,56,1,0.05
C-09181,0.1818,0.4583,0.0833,-0.0909,0.6806,0,0.0071,0.011,0.0018,2.3,0,198000,59,0,0.0
C-09182,0.0311,0.0,0.0,-0.0311,0.5462,1,0.0255,0.00787,-0.00133,6.8,1,1913000,62,0,0.057
C-09183,0.0845,0.0,0.0,-0.066,0.1616,0,-0.0088,0.00957,0.00037,7.3,0,586000,33,0,0.0
C-09184,0.1344,0.0,0.0,-0.0551,0.0,0,0.0012,0.00992,0.00072,4.0,0,439000,69,1,0.262
C-09185,0.1146,0.0,0.0,-0.1146,0.3793,1,0.0124,0.011,0.0018,1.1,0,126500,25,0,0.089
C-09186,0.1647,0.0,0.0,-0.1335,0.5154,0,-0.0064,0.00816,-0.00104,0.3,1,1579000,40,0,0.074
C-09187,0.1414,0.6977,0.0987,-0.1414,0.8605,1,0.0053,0.011,0.0018,1.1,1,152000,72,0,0.058
C-09188,0.1619,0.0,0.0,-0.1026,0.2102,0,0.027,0.00919,-1e-05,1.3,0,911000,51,0,0.028
C-09189,0.1559,0.0,0.0,-0.1379,0.4423,0,-0.004,0.00791,-0.00129,0.4,0,1863500,35,0,0.095
C-09190,0.12,0.0,0.0,-0.0952,1.0,0,0.0148,0.00967,0.00047,16.6,1,533500,68,0,0.013
C-09191,0.3906,0.9341,0.3648,-0.3648,0.4945,0,0.0477,0.011,0.0018,0.5,1,116500,35,1,0.488
C-09192,0.0426,0.0,0.0,0.1617,0.0,0,-0.0076,0.011,0.0018,11.0,0,47000,37,0,0.014
C-09193,0.0902,0.0,0.0,-0.0711,0.1047,0,-0.0135,0.0078,-0.0014,1.1,0,2013000,56,0,0.024
C-09194,0.0323,0.0,0.0,-0.0323,0.0,1,-0.01,0.0078,-0.0014,2.9,0,2013500,61,0,0.04
C-09195,0.062,0.0,0.0,-0.0557,0.5175,0,0.0296,0.00878,-0.00042,4.1,0,1153500,65,0,0.08
C-09196,0.1074,0.2973,0.0319,-0.097,0.7027,0,-0.0123,0.01031,0.00111,0.9,1,344500,66,0,0.03
C-09197,0.104,0.3,0.0312,-0.0993,0.3,0,-0.0007,0.0078,-0.0014,7.4,1,2018500,60,0,0.01
C-09198,0.1267,0.0,0.0,-0.1079,0.5349,0,0.0019,0.00973,0.00053,0.7,1,509000,67,0,0.044
C-09199,0.1387,0.0,0.0,-0.1195,0.4503,0,-0.0136,0.00941,0.00021,3.3,0,688500,43,0,0.049
C-09200,0.3156,0.4019,0.1268,-0.1528,0.1028,0,0.005,0.011,0.0018,3,1,169500,25,1,0.603
C-09201,0.1038,0.0,0.0,0.0396,0.303,0,0.051,0.011,0.0018,6.5,0,159000,55,0,0.091
C-09202,0.3319,0.5894,0.1956,-0.3037,0.1192,0,0.031,0.011,0.0018,0.3,0,227500,35,1,0.583
C-09203,0.098,0.0,0.0,-0.0746,0.4929,0,-0.0055,0.00894,-0.00026,1.4,1,1077000,42,0,0.041
C-09204,0.1149,0.0,0.0,-0.1149,0.0769,1,-0.0062,0.01034,0.00114,10.1,1,339500,40,0,0.025
C-09205,0.0386,0.0,0.0,-0.0347,0.1549,0,-0.0014,0.00918,-2e-05,3.6,1,920000,71,0,0.047
C-09206,0.1478,0.2078,0.0307,-0.0603,0.4026,0,-0.002,0.0109,0.0017,9.2,0,260500,45,0,0.036
C-09207,0.0397,0.0,0.0,0.0715,0.6667,0,-0.0135,0.011,0.0018,10.4,0,75500,47,0,0.048
C-09208,0.1267,0.0,0.0,-0.0844,0.1872,0,0.0483,0.00935,0.00015,0.9,0,738000,38,0,0.027
C-09209,0.3293,0.6173,0.2033,-0.2805,0.7037,0,0.0315,0.011,0.0018,1.0,1,123000,36,1,0.637
C-09210,0.2109,0.5806,0.1224,-0.0966,0.0968,0,0.0513,0.011,0.0018,0.3,0,73500,39,1,0.51
C-09211,0.052,0.0,0.0,-0.052,0.4615,1,0.0012,0.011,0.0018,0.5,0,125000,59,0,0.047
C-09212,0.1266,0.6233,0.0789,-0.0941,0.9488,0,0.0155,0.00924,4e-05,5.2,0,849000,61,1,0.674
C-09213,0.0551,0.0,0.0,0.011,1.0,0,0.0511,0.0108,0.0016,4.1,0,272000,37,1,0.396
C-09214,0.0827,0.0,0.0,-0.0064,0.7115,0,0.0074,0.01049,0.00129,8.1,0,314500,44,0,0.001
C-09215,0.0312,0.0,0.0,-0.0312,0.6667,1,0.0329,0.011,0.0018,1.0,1,48000,29,0,0.055
C-09216,0.0764,0.0,0.0,-0.0707,0.7239,0,-0.0185,0.0064,-0.0028,5.3,0,5073500,56,0,0.061
C-09217,0.1635,0.3654,0.0597,-0.1258,0.5876,0,0.0353,0.00833,-0.00087,2.8,0,1431000,61,0,0.041
C-09218,0.1759,0.0,0.0,-0.1759,0.2347,1,-0.0156,0.01074,0.00154,2.6,0,278500,60,0,0.034
C-09219,0.1695,0.3,0.0508,0.2169,0.55,0,0.0032,0.011,0.0018,2.8,0,59000,32,0,0.0
C-09220,0.2188,0.3333,0.0729,0.1562,0.7143,0,-0.0004,0.011,0.0018,1.3,0,48000,29,1,0.523
C-09221,0.1133,0.375,0.0425,-0.0385,0.5,0,-0.0052,0.011,0.0018,9.9,0,176500,44,1,0.116
C-09222,0.0948,0.0,0.0,-0.0896,1.0,0,-0.0165,0.00811,-0.00109,4.1,1,1635500,69,0,0.001
C-09223,0.0728,0.0,0.0,-0.0459,0.1795,0,0.0272,0.01083,0.00163,8,1,268000,30,0,0.054
C-09224,0.1125,0.0,0.0,-0.09,0.0556,0,-0.0018,0.011,0.0018,0.9,1,160000,66,0,0.056
C-09225,0.1156,0.0,0.0,-0.1156,0.8324,1,-0.011,0.00934,0.00014,1.9,1,748500,61,0,0.073
C-09226,0.0821,0.0,0.0,-0.0763,0.5882,0,-0.0198,0.00861,-0.00059,2.9,0,1242500,67,0,0.06
C-09227,0.1064,0.0,0.0,0.0213,0.3,0,0.0417,0.011,0.0018,5.2,0,47000,44,0,0.039
C-09228,0.0477,0.0,0.0,-0.0477,1.0,1,0.0498,0.00917,-3e-05,12.7,0,932000,51,0,0.044
C-09229,0.1498,0.0,0.0,-0.1498,0.129,1,0.0024,0.011,0.0018,1.8,1,103500,36,0,0.015
C-09230,0.2234,0.4762,0.1064,-0.1468,0.7143,0,0.0053,0.011,0.0018,1.5,0,47000,59,0,0.041
C-09231,0.0727,0.0,0.0,-0.0727,0.2818,1,0.0222,0.00933,0.00013,5.6,0,756500,31,0,0.05
C-09232,0.0556,0.0,0.0,0.1092,0.0,0,-0.0019,0.011,0.0018,9.1,1,153000,46,0,0.06
C-09233,0.1794,0.0,0.0,-0.1234,0.1124,0,0.0039,0.00983,0.00063,5.7,0,471000,55,0,0.029
C-09234,0.1115,0.0,0.0,-0.1115,0.0645,1,0.0125,0.011,0.0018,3.7,0,139000,58,0,0.027
C-09235,0.0978,0.0,0.0,-0.058,0.8305,0,-0.0017,0.01057,0.00137,4.7,1,301500,52,0,0.034
C-09236,0.059,0.0,0.0,0.0489,0.4048,0,0.0303,0.01026,0.00106,2.2,0,356000,57,0,0.059
C-09237,0.078,0.0,0.0,-0.027,0.0,0,-0.0147,0.011,0.0018,2.5,0,141000,41,0,0.016
C-09238,0.1619,0.3904,0.0632,-0.1619,0.3425,1,0.0126,0.00989,0.00069,2.8,1,451000,60,0,0.045
C-09239,0.0963,0.0,0.0,-0.0963,0.6765,1,0.0109,0.00968,0.00048,3.9,0,529500,64,0,0.0
C-09240,0.1236,0.3409,0.0421,-0.1236,0.0,1,-0.0023,0.01026,0.00106,6.2,1,356000,38,0,0.054
C-09241,0.0149,0.0,0.0,0.009,0.4444,0,0.0031,0.01057,0.00137,4.0,1,301500,48,0,0.084
C-09242,0.3054,0.3244,0.0991,-0.2634,0.5916,0,0.0191,0.00996,0.00076,2.5,0,429000,72,0,0.014
C-09243,0.0754,0.0,0.0,-0.0717,0.0,0,0.0286,0.00741,-0.00179,0.3,0,2898500,63,0,0.05
C-09244,0.1309,0.0,0.0,-0.0623,0.0,0,-0.0105,0.00924,4e-05,5.5,0,840500,47,0,0.039
C-09245,0.1612,0.0,0.0,-0.1529,0.0,0,0.0099,0.00937,0.00017,1.6,0,722500,65,0,0.0
C-09246,0.0876,0.0,0.0,-0.0715,0.0769,0,0.0038,0.011,0.0018,14,0,222500,36,0,0.086
C-09247,0.0829,0.0,0.0,0.0439,0.4875,0,-0.0053,0.0098,0.0006,1.9,0,482500,48,0,0.0
C-09248,0.2213,0.7143,0.1581,-0.1455,0.7857,0,0.0102,0.011,0.0018,17.3,1,126500,66,0,0.103
C-09249,0.0969,0.0,0.0,-0.0422,0.0,0,0.0074,0.011,0.0018,4,0,175500,26,0,0.025
C-09250,0.0835,0.0,0.0,0.0226,0.2941,0,0.0093,0.011,0.0018,3.9,0,203500,61,0,0.066
C-09251,0.1789,0.0,0.0,0.0413,0.2051,0,0.0046,0.011,0.0018,6.1,1,109000,61,1,0.05
C-09252,0.2275,0.592,0.1346,-0.1961,0.7299,0,0.0538,0.01013,0.00093,0.5,0,382500,41,0,0.014
C-09253,0.0335,0.0,0.0,-0.0335,0.5714,1,0.0101,0.011,0.0018,2.9,0,104500,70,0,0.046
C-09254,0.1019,0.0,0.0,-0.0971,0.2908,0,-0.0109,0.00825,-0.00095,5.8,0,1501000,74,0,0.037
C-09255,0.0602,0.0,0.0,0.409,1.0,0,-0.0087,0.011,0.0018,1.5,0,66500,45,0,0.024
C-09256,0.1371,0.3529,0.0484,0.3081,1.0,0,-0.0015,0.011,0.0018,1.0,1,62000,43,0,0.008
C-09257,0.4429,0.8608,0.3812,-0.4429,0.5177,1,0.0519,0.00856,-0.00064,5.1,1,1273500,62,1,0.518
C-09258,0.0423,0.0,0.0,0.0254,0.3333,0,0.0017,0.011,0.0018,0.7,0,71000,27,0,0.054
C-09259,0.0694,0.0,0.0,-0.0106,0.5588,0,0.0298,0.011,0.0018,5.8,0,245000,64,0,0.051
C-09260,0.1548,0.0,0.0,-0.1548,0.34,1,-0.0042,0.011,0.0018,0.4,1,161500,51,1,0.248
C-09261,0.079,0.0,0.0,-0.079,0.52,1,0.0288,0.00929,9e-05,1.3,1,791500,42,0,0.065
C-09262,0.063,0.0,0.0,-0.0505,0.314,0,0.0007,0.00915,-5e-05,6.9,0,961000,65,0,0.076
C-09263,0.1988,0.0,0.0,-0.1916,0.3785,0,-0.0023,0.00634,-0.00286,1.4,1,5309000,58,0,0.094
C-09264,0.1393,0.0,0.0,-0.1073,0.4521,0,-0.0041,0.01089,0.00169,2.9,1,262000,52,0,0.025
C-09265,0.1064,0.0,0.0,-0.1064,0.0,1,0.0364,0.011,0.0018,2.9,0,47000,68,0,0.103
C-09266,0.2057,0.1957,0.0402,-0.1377,0.3188,0,0.003,0.01036,0.00116,1.4,0,335500,50,1,0.526
C-09267,0.0455,0.0,0.0,-0.0164,1.0,0,0.0181,0.00913,-7e-05,6.9,1,990000,49,0,0.045
C-09268,0.0532,0.0,0.0,0.0617,0.3,0,-0.0062,0.011,0.0018,4.9,0,188000,42,0,0.055
C-09269,0.2051,0.0,0.0,0.1846,0.5,0,-0.0074,0.011,0.0018,17.0,1,58500,49,0,0.026
C-09270,0.208,0.617,0.1283,-0.1761,0.6809,0,0.0335,0.01034,0.00114,3.1,1,339000,66,1,0.64
C-09271,0.1181,0.5696,0.0673,-0.0571,0.5696,0,0.0042,0.01037,0.00117,7.8,0,334500,53,0,0.025
C-09272,0.1812,0.2456,0.0445,-0.1431,0.9123,0,0.0099,0.01049,0.00129,9.5,1,314500,37,0,0.031
C-09273,0.1433,0.0,0.0,-0.1356,0.2584,0,0.0407,0.00951,0.00031,2.0,0,621000,75,0,0.105
C-09274,0.0923,0.0,0.0,-0.0849,0.2267,0,-0.009,0.00927,7e-05,3.2,0,812500,72,0,0.035
C-09275,0.1063,0.375,0.0399,0.0532,0.0,0,-0.0057,0.011,0.0018,0.9,0,150500,48,0,0.051
C-09276,0.0629,0.0,0.0,0.0428,0.4,0,0.0091,0.011,0.0018,2.0,0,79500,69,0,0.042
C-09277,0.0702,0.5873,0.0412,-0.0488,0.7063,0,0.019,0.0092,0.0,20,0,897000,42,0,0.027
C-09278,0.0968,0.0,0.0,-0.0968,0.1111,1,0.008,0.011,0.0018,9.8,0,46500,32,0,0.057
C-09279,0.0788,0.0,0.0,0.2167,0.0625,0,0.0084,0.011,0.0018,1.0,0,101500,48,0,0.062
C-09280,0.1049,0.0,0.0,-0.1049,0.8333,1,0.0484,0.00912,-8e-05,19.2,0,1001000,53,0,0.001
C-09281,0.0984,0.0,0.0,-0.0487,0.2632,0,-0.0124,0.011,0.0018,2.2,0,96500,25,0,0.063
C-09282,0.0647,0.0,0.0,-0.0011,0.1928,0,0.0191,0.00947,0.00027,4.7,0,641500,34,0,0.042
C-09283,0.1481,0.6316,0.0936,-0.1481,1.0,1,0.0122,0.01094,0.00174,5.0,0,256500,37,1,0.827
C-09284,0.1358,0.0,0.0,-0.1048,0.6762,0,0.0011,0.01012,0.00092,3.9,0,386500,31,0,0.024
C-09285,0.0814,0.0,0.0,0.0372,0.4286,0,0.0042,0.011,0.0018,1.4,1,172000,46,0,0.045
C-09286,0.1044,0.0,0.0,-0.1044,0.7937,1,0.0468,0.00954,0.00034,0.3,0,603500,29,1,0.331
C-09287,0.1403,0.0,0.0,-0.1086,0.4353,0,-0.0084,0.01056,0.00136,1.2,1,303000,72,0,0.07
C-09288,0.0849,0.0,0.0,-0.0776,0.0,0,0.0084,0.00828,-0.00092,0.8,0,1478000,58,0,0.0
C-09289,0.0642,0.0,0.0,-0.0357,0.0,0,-0.0106,0.00949,0.00029,0.5,0,630500,50,0,0.041
C-09290,0.1234,0.0,0.0,-0.0969,0.2985,0,-0.0043,0.0108,0.0016,3.3,0,271500,75,0,0.005
C-09291,0.1957,0.3889,0.0761,-0.1957,0.3333,1,0.0028,0.011,0.0018,1.9,0,46000,67,0,0.0
C-09292,0.0745,0.0,0.0,-0.0257,0.3636,0,0.0121,0.011,0.0018,1.9,0,221500,69,0,0.024
C-09293,0.1037,0.0,0.0,-0.1037,0.3226,1,0.0102,0.011,0.0018,0.7,1,149500,33,1,0.05
C-09294,0.0909,0.0,0.0,-0.013,0.7857,0,-0.0044,0.011,0.0018,0.5,0,77000,25,0,0.017
C-09295,0.1194,0.0,0.0,-0.1194,0.3741,1,0.0015,0.00952,0.00032,0.4,0,615500,66,0,0.059
C-09296,0.1195,0.0,0.0,-0.0785,0.2101,0,0.0437,0.00826,-0.00094,5.2,0,1493500,62,0,0.051
C-09297,0.1783,0.6776,0.1208,-0.1783,0.0612,1,0.0432,0.00941,0.00021,1.0,0,687000,57,1,0.846
C-09298,0.1865,0.2375,0.0443,-0.155,0.3196,0,0.0262,0.00918,-2e-05,13,0,914000,35,0,0.0
C-09299,0.123,0.0,0.0,0.0004,0.2364,0,-0.0154,0.011,0.0018,13.8,0,223500,37,0,0.078
C-09300,0.0448,0.0,0.0,-0.0169,0.1667,0,0.0049,0.00954,0.00034,6.4,0,603000,40,0,0.092
C-09301,0.1731,0.0,0.0,-0.1731,0.931,1,-0.0193,0.011,0.0018,17.4,1,167500,46,0,0.051
C-09302,0.181,0.2381,0.0431,0.0879,0.3333,0,-0.0032,0.011,0.0018,19,0,58000,41,0,0.049
C-09303,0.0582,0.0,0.0,0.0092,1.0,0,-0.0069,0.011,0.0018,6.9,0,249000,35,0,0.0
C-09304,0.0541,0.0,0.0,-0.0441,0.4615,0,-0.0107,0.01023,0.00103,0.5,0,360500,74,0,0.025
C-09305,0.1765,0.0,0.0,-0.0353,0.8333,0,-0.0032,0.011,0.0018,5,0,51000,27,0,0.057
C-09306,0.3292,0.3625,0.1193,-0.3292,0.2,1,0.0364,0.011,0.0018,0.5,0,121500,48,1,0.212
C-09307,0.1135,0.0,0.0,-0.0973,0.7216,0,0.0056,0.00819,-0.00101,2.7,0,1550000,63,0,0.049
C-09308,0.0451,0.0,0.0,-0.0045,1.0,0,-0.0287,0.01026,0.00106,6.8,1,355000,32,0,0.08
C-09309,0.124,0.0,0.0,-0.124,0.0,1,-0.0146,0.00934,0.00014,0.3,1,746000,56,0,0.0
C-09310,0.0526,0.0,0.0,0.0842,0.0,0,0.0072,0.011,0.0018,15.6,0,114000,44,0,0.0
C-09311,0.086,0.0,0.0,-0.086,0.375,1,-0.0049,0.011,0.0018,1.4,0,46500,27,0,0.048
C-09312,0.1332,0.0,0.0,-0.118,0.4524,0,0.0067,0.00982,0.00062,3.3,0,473000,32,0,0.05
C-09313,0.0982,0.0,0.0,-0.0815,0.2371,0,-0.0071,0.0079,-0.0013,2.0,0,1869500,59,0,0.042
C-09314,0.0471,0.0,0.0,0.0447,1.0,0,-0.0056,0.011,0.0018,2.4,0,170000,36,0,0.0
C-09315,0.0822,0.0,0.0,-0.0493,0.3333,0,0.0088,0.011,0.0018,2.4,1,146000,39,0,0.043
C-09316,0.1026,0.0,0.0,-0.0975,0.2154,0,0.0395,0.00916,-4e-05,0.4,0,950500,43,0,0.076
C-09317,0.1457,0.0,0.0,-0.1446,0.077,0,0.0036,0.00589,-0.00331,0.4,0,8022500,44,0,0.004
C-09318,0.1448,0.0,0.0,-0.1448,0.4663,1,-0.0063,0.00855,-0.00065,16.4,1,1281500,66,0,0.006
C-09319,0.0484,0.0,0.0,-0.0391,0.84,0,0.0139,0.01092,0.00172,0.5,0,258500,68,0,0.045
C-09320,0.1181,0.0,0.0,-0.1181,0.7857,1,0.0043,0.011,0.0018,2.3,0,118500,67,0,0.042
C-09321,0.1349,0.0,0.0,-0.1349,0.2035,1,0.0002,0.00789,-0.00131,0.3,0,1893500,74,1,0.05
C-09322,0.1739,0.0,0.0,-0.0435,0.5625,0,0.0262,0.011,0.0018,2.9,0,46000,25,0,0.066
C-09323,0.1528,0.0,0.0,-0.1528,0.1675,1,0.0335,0.00947,0.00027,14.6,0,644500,61,0,0.009
C-09324,0.1671,0.6866,0.1147,-0.0983,0.3134,0,0.0252,0.01006,0.00086,0.8,0,401000,41,0,0.006
C-09325,0.1011,0.0,0.0,-0.0436,0.5,0,0.0082,0.011,0.0018,0.6,0,188000,40,0,0.071
C-09326,0.2608,0.505,0.1317,-0.2391,0.1386,0,0.0526,0.00958,0.00038,0.6,1,581000,35,1,0.459
C-09327,0.2342,0.2735,0.0641,-0.2179,0.2803,0,0.003,0.00916,-4e-05,0.5,1,952000,47,0,0.0
C-09328,0.0817,0.0,0.0,0.0683,0.6176,0,-0.0188,0.011,0.0018,4.4,1,208000,35,0,0.035
C-09329,0.2359,0.3471,0.0819,-0.2292,0.2176,0,0.0058,0.00893,-0.00027,2.8,1,1081000,64,0,0.084
C-09330,0.0744,0.0,0.0,-0.0744,0.5556,1,0.0187,0.011,0.0018,9.8,0,60500,40,0,0.023
C-09331,0.2179,0.0,0.0,-0.1739,0.5895,0,-0.0085,0.011,0.0018,21.8,0,218000,71,0,0.051
C-09332,0.1582,0.0,0.0,-0.152,0.6721,0,0.0314,0.01012,0.00092,5.2,0,385500,75,0,0.047
C-09333,0.0954,0.0,0.0,-0.0697,0.0862,0,-0.0002,0.00953,0.00033,5.8,0,608000,72,0,0.068
C-09334,0.1109,0.0,0.0,-0.1109,0.2143,1,-0.0043,0.01098,0.00178,15.0,0,252500,68,0,0.03
C-09335,0.1295,0.0,0.0,-0.1295,0.6014,1,0.0263,0.00967,0.00047,4.8,0,533000,43,1,0.323
C-09336,0.1623,0.0,0.0,-0.136,0.3243,0,0.0371,0.011,0.0018,1.3,0,114000,74,0,0.003
C-09337,0.2198,0.225,0.0495,-0.1143,0.55,0,0.0052,0.011,0.0018,4,1,91000,26,0,0.041
C-09338,0.252,0.7937,0.2,-0.2136,0.7937,0,0.0325,0.011,0.0018,2.8,1,125000,65,0,0.079
C-09339,0.0728,0.0,0.0,-0.0728,0.4031,1,0.0086,0.00798,-0.00122,7.8,1,1773000,56,0,0.0
C-09340,0.1087,0.0,0.0,0.0061,0.24,0,-0.0116,0.011,0.0018,0.4,0,115000,28,0,0.068
C-09341,0.1472,0.3229,0.0475,-0.1404,0.4525,0,0.018,0.00579,-0.00341,0.3,1,9047500,62,0,0.01
C-09342,0.0489,0.0,0.0,0.0533,1.0,0,-0.008,0.01047,0.00127,30,0,317000,60,0,0.085
C-09343,0.1731,0.0,0.0,-0.1718,0.5017,0,-0.0096,0.00623,-0.00297,12.9,0,5816000,71,0,0.031
C-09344,0.1191,0.0,0.0,-0.0412,0.2727,0,-0.0106,0.011,0.0018,0.6,0,138500,34,0,0.061
C-09345,0.2021,0.3684,0.0745,-0.2021,0.2105,1,0.0428,0.011,0.0018,0.7,0,47000,46,0,0.048
C-09346,0.0633,0.0,0.0,-0.0127,0.7949,0,0.0206,0.01053,0.00133,2.9,0,308000,47,1,0.16
C-09347,0.1326,0.0,0.0,-0.1326,0.6129,1,0.0034,0.00917,-3e-05,3.3,0,935000,59,0,0.044
C-09348,0.2104,0.6986,0.147,-0.0167,0.6986,0,0.0063,0.011,0.0018,5.1,1,173500,61,0,0.045
C-09349,0.11,0.3285,0.0361,-0.0985,1.0,0,-0.0021,0.0095,0.0003,11.3,1,622500,70,0,0.105
C-09350,0.1045,0.0,0.0,-0.0738,0.4082,0,0.017,0.011,0.0018,4.4,0,234500,57,0,0.031
C-09351,0.0825,0.0,0.0,0.0412,0.875,0,-0.0027,0.011,0.0018,11,0,48500,33,0,0.057
C-09352,0.1517,0.0,0.0,-0.1517,0.3533,1,0.0305,0.00976,0.00056,7.8,1,494500,51,0,0.035
C-09353,0.0259,0.0,0.0,0.0518,0.75,0,-0.0034,0.011,0.0018,1.9,0,231500,73,0,0.053
C-09354,0.1661,0.0,0.0,-0.1661,0.619,1,-0.0073,0.01048,0.00128,7.8,0,316000,37,0,0.07
C-09355,0.1054,0.0,0.0,-0.0499,0.0,0,-0.0086,0.011,0.0018,0.5,0,194500,57,0,0.098
C-09356,0.1833,0.4545,0.0833,-0.1033,0.0455,0,0.0312,0.011,0.0018,5,0,60000,27,0,0.045
C-09357,0.0782,0.0,0.0,-0.0782,0.6429,1,0.0035,0.011,0.0018,10.0,1,89500,39,0,0.02
C-09358,0.1566,0.0,0.0,-0.1292,0.0,0,0.0028,0.00872,-0.00048,9.6,0,1181500,60,0,0.092
C-09359,0.0559,0.0,0.0,0.0514,0.2,0,-0.0098,0.011,0.0018,3.1,1,89500,33,0,0.036
C-09360,0.1441,0.0,0.0,-0.0836,0.1,0,0.0124,0.01075,0.00155,0.9,0,277500,40,0,0.039
C-09361,0.0693,0.0,0.0,0.0653,0.7143,0,-0.0001,0.011,0.0018,3,0,151500,25,0,0.043
C-09362,0.4268,0.7594,0.3241,-0.4268,0.7594,1,0.0283,0.00962,0.00042,1.3,1,560000,56,1,0.734
C-09363,0.112,0.1983,0.0222,-0.112,0.0,1,0.0147,0.00966,0.00046,1.8,0,540000,42,0,0.043
C-09364,0.1089,0.0,0.0,-0.1089,0.5771,1,-0.0009,0.00918,-2e-05,2.9,0,923000,62,0,0.045
C-09365,0.1045,0.0,0.0,-0.0543,0.4143,0,-0.0184,0.01037,0.00117,16,1,335000,38,0,0.064
C-09366,0.042,0.0,0.0,-0.042,1.0,1,0.0115,0.011,0.0018,3.7,0,71500,43,0,0.04
C-09367,0.0443,0.0,0.0,-0.0291,0.2857,0,0.0175,0.011,0.0018,21.3,0,158000,66,0,0.077
C-09368,0.229,0.3667,0.084,-0.1557,0.4667,0,-0.0012,0.011,0.0018,2.3,0,196500,50,0,0.036
C-09369,0.1085,0.0,0.0,-0.1085,0.3243,1,0.0003,0.011,0.0018,7.9,1,170500,70,0,0.007
C-09370,0.4337,0.5625,0.244,-0.4048,0.7361,0,0.0299,0.011,0.0018,4.1,0,166000,40,1,0.586
C-09371,0.0769,0.0,0.0,0.0088,0.0714,0,0.0337,0.011,0.0018,10.5,0,91000,60,0,0.0
C-09372,0.1389,0.0,0.0,-0.1389,0.1818,1,0.0131,0.011,0.0018,6.4,0,198000,62,0,0.032
C-09373,0.0546,0.0,0.0,-0.0546,0.0,1,0.0076,0.011,0.0018,4.5,1,183000,39,0,0.038
C-09374,0.1164,0.0,0.0,-0.1164,0.3514,1,-0.0056,0.011,0.0018,4.3,1,159000,39,1,0.13
C-09375,0.4059,0.5797,0.2353,-0.4059,0.3913,1,0.0278,0.011,0.0018,13.1,1,85000,39,1,0.356
C-09376,0.0729,0.0,0.0,0.0771,0.1429,0,-0.013,0.011,0.0018,4.7,0,48000,40,0,0.018
C-09377,0.1609,0.0,0.0,-0.1609,0.1667,1,0.0051,0.011,0.0018,7.3,1,130500,30,0,0.093
C-09378,0.117,0.0,0.0,-0.117,0.8182,1,-0.0243,0.011,0.0018,1.0,0,47000,30,0,0.0
C-09379,0.2083,0.3,0.0625,0.3917,0.7,0,0.0295,0.011,0.0018,1.2,0,48000,54,0,0.053
C-09380,0.1188,0.0,0.0,-0.0598,0.5571,0,-0.0014,0.00956,0.00036,10.8,0,589000,63,0,0.044
C-09381,0.1494,0.0,0.0,-0.1444,0.3194,0,0.0379,0.00868,-0.00052,6,1,1205000,28,0,0.02
C-09382,0.0974,0.5333,0.0519,-0.0887,1.0,0,0.0339,0.011,0.0018,8.5,0,231000,70,0,0.032
C-09383,0.1433,0.3953,0.0567,-0.1433,0.0814,1,0.0065,0.01058,0.00138,2.2,1,300000,72,0,0.032
C-09384,0.1092,0.0,0.0,0.0754,0.5227,0,-0.0004,0.011,0.0018,8.9,1,201500,49,0,0.037
C-09385,0.1412,0.0,0.0,-0.0941,0.6806,0,-0.0108,0.01095,0.00175,1.2,0,255000,75,0,0.071
C-09386,0.2334,0.4303,0.1004,-0.2334,0.7394,1,0.0045,0.00938,0.00018,7.9,1,707000,49,0,0.054
C-09387,0.1205,0.1934,0.0233,-0.1132,0.5584,0,0.0034,0.00881,-0.00039,3.5,0,1136500,60,1,0.439
C-09388,0.0721,0.0,0.0,0.9009,0.0,0,0.0114,0.011,0.0018,3,0,55500,25,0,0.002
C-09389,0.109,0.0,0.0,-0.1001,0.4263,0,-0.0126,0.00729,-0.00191,6.1,0,3111500,32,0,0.061
C-09390,0.0265,0.0,0.0,0.0212,0.5,0,0.0087,0.011,0.0018,7.5,0,75500,31,0,0.049
C-09391,0.1042,0.0,0.0,-0.0723,0.6596,0,0.0017,0.011,0.0018,6.6,0,225500,38,0,0.011
C-09392,0.3655,0.6748,0.2467,-0.337,0.4919,0,0.0532,0.00943,0.00023,9.2,0,673000,61,1,0.775
C-09393,0.0875,0.0,0.0,-0.0175,0.8,0,-0.0136,0.011,0.0018,2.4,0,171500,25,0,0.039
C-09394,0.1371,0.0,0.0,-0.1249,0.2293,0,0.0001,0.00807,-0.00113,5.1,0,1670000,69,0,0.033
C-09395,0.1822,0.5417,0.0987,-0.1744,0.2857,0,0.0127,0.0084,-0.0008,1.5,1,1383000,54,1,0.308
C-09396,0.0482,0.0,0.0,0.0019,0.7333,0,-0.004,0.01051,0.00131,3.4,0,311000,62,0,0.012
C-09397,0.086,0.0,0.0,0.172,0.375,0,0.0015,0.011,0.0018,18.5,0,46500,50,0,0.098
C-09398,0.0526,0.0,0.0,-0.0526,0.3333,1,0.0154,0.011,0.0018,3.3,1,57000,34,0,0.009
C-09399,0.2752,0.4059,0.1117,-0.2752,0.1584,1,0.0378,0.011,0.0018,5.2,1,183500,43,1,0.538
C-09400,0.1348,0.0,0.0,-0.1348,0.3605,1,0.0266,0.01046,0.00126,6.9,0,319000,48,0,0.0
C-09401,0.0625,0.0,0.0,-0.0072,0.7512,0,-0.0034,0.00807,-0.00113,15.8,1,1672500,44,0,0.069
C-09402,0.1232,0.4545,0.056,-0.1021,0.2078,0,-0.0112,0.0095,0.0003,5.5,0,625000,69,0,0.041
C-09403,0.07,0.0,0.0,-0.07,0.3889,1,0.0303,0.00971,0.00051,3.4,0,514500,53,0,0.005
C-09404,0.126,0.0,0.0,-0.1052,0.6489,0,-0.0045,0.0097,0.0005,1.7,0,520000,46,0,0.0
C-09405,0.1101,0.0,0.0,0.022,0.5,0,-0.0041,0.011,0.0018,4.3,1,54500,30,0,0.099
C-09406,0.0732,0.0,0.0,0.0073,0.1667,0,0.0446,0.011,0.0018,1.2,0,164000,48,0,0.021
C-09407,0.0263,0.0,0.0,-0.0263,0.6419,1,-0.0048,0.00664,-0.00256,0.7,1,4352500,47,0,0.076
C-09408,0.2225,0.0,0.0,-0.2083,0.3617,0,-0.0099,0.00998,0.00078,8.5,0,422500,72,0,0.038
C-09409,0.0735,0.0,0.0,0.2088,0.6,0,-0.0012,0.011,0.0018,1.8,0,68000,39,0,0.047
C-09410,0.2019,0.0,0.0,-0.1854,0.6199,0,-0.0056,0.00907,-0.00013,0.6,0,1023000,35,0,0.052
C-09411,0.1071,0.0,0.0,-0.0704,0.5238,0,-0.0028,0.00978,0.00058,5.9,1,490000,54,0,0.028
C-09412,0.1272,0.0,0.0,-0.1197,0.6458,0,-0.0033,0.00587,-0.00333,0.4,1,8154000,53,0,0.055
C-09413,0.1271,0.0,0.0,-0.0276,0.6957,0,0.0501,0.011,0.0018,2.6,0,181000,37,0,0.079
C-09414,0.1595,0.0,0.0,-0.1478,0.4279,0,-0.0196,0.00937,0.00017,7.0,0,718000,75,0,0.001
C-09415,0.1732,0.0,0.0,-0.1494,0.3786,0,0.0398,0.00927,7e-05,6.2,0,808500,56,1,0.561
C-09416,0.1188,0.0,0.0,-0.1127,0.2023,0,0.051,0.00573,-0.00347,3.2,0,9697000,57,1,0.449
C-09417,0.0451,0.0,0.0,-0.0451,0.0,1,0.0002,0.011,0.0018,1.1,0,144000,54,0,0.025
C-09418,0.1936,0.0,0.0,-0.1936,0.3468,1,-0.0073,0.00802,-0.00118,25,1,1727500,47,0,0.028
C-09419,0.3517,0.5542,0.1949,-0.3517,0.4699,1,0.0309,0.011,0.0018,7.0,0,118000,53,1,0.162
C-09420,0.1218,0.0,0.0,-0.0244,0.7576,0,0.0454,0.011,0.0018,4.7,0,135500,29,0,0.0
C-09421,0.0781,0.44,0.0344,-0.0631,0.44,0,0.0328,0.011,0.0018,2.4,0,160000,66,0,0.073
C-09422,0.0803,0.0,0.0,-0.0677,0.7763,0,-0.0038,0.00982,0.00062,2.1,0,473000,68,0,0.049
C-09423,0.2461,0.3228,0.0795,-0.2275,0.6142,0,-0.012,0.01092,0.00172,7.5,1,258000,43,0,0.049
C-09424,0.0797,0.0,0.0,-0.0797,0.5417,1,0.0188,0.01058,0.00138,1.8,0,301000,50,0,0.0
C-09425,0.0412,0.0,0.0,0.1072,0.75,0,-0.0136,0.011,0.0018,4,0,48500,26,0,0.023
C-09426,0.0444,0.0,0.0,0.2489,0.0,0,-0.0083,0.011,0.0018,6.8,1,45000,69,0,0.039
C-09427,0.1562,0.0,0.0,-0.1562,0.4667,1,-0.0017,0.011,0.0018,1.6,0,48000,28,0,0.028
C-09428,0.0902,0.5806,0.0524,0.0215,0.4194,0,0.0036,0.00941,0.00021,6.6,0,687500,45,0,0.047
C-09429,0.5034,0.8108,0.4082,-0.5034,0.4595,1,0.034,0.011,0.0018,6.1,1,73500,29,1,0.967
C-09430,0.1089,0.5349,0.0582,-0.0785,0.6512,0,0.0355,0.011,0.0018,4.6,0,197500,32,1,0.533
C-09431,0.0225,0.0,0.0,0.0658,0.2,0,0.0451,0.011,0.0018,4.5,1,111000,30,1,0.082
C-09432,0.0748,0.0,0.0,-0.0449,0.6458,0,0.0089,0.01045,0.00125,11.5,0,321000,62,0,0.048
C-09433,0.1536,0.3137,0.0482,-0.1066,0.5686,0,-0.0119,0.01038,0.00118,4.5,0,332000,54,0,0.085
C-09434,0.2237,0.1176,0.0263,-0.0974,0.4118,0,-0.0161,0.011,0.0018,5.8,0,76000,32,1,0.325
C-09435,0.1546,0.0,0.0,0.6371,0.2667,0,-0.0136,0.011,0.0018,5.5,0,48500,43,0,0.004
C-09436,0.0921,0.0,0.0,-0.0515,0.3673,0,-0.008,0.01085,0.00165,0.7,0,266000,58,0,0.083
C-09437,0.095,0.0,0.0,-0.095,0.8268,1,-0.0128,0.00772,-0.00148,1.0,0,2157000,50,0,0.052
C-09438,0.1684,0.0,0.0,-0.1684,0.75,1,0.0136,0.011,0.0018,0.3,1,47500,26,0,0.015
C-09439,0.0906,0.0,0.0,-0.0731,0.0517,0,-0.0144,0.00915,-5e-05,8.2,1,960500,63,0,0.04
C-09440,0.0526,0.0,0.0,0.0989,0.2,0,0.0069,0.011,0.0018,4.4,0,47500,30,0,0.047
C-09441,0.1709,0.2167,0.037,-0.1573,0.6333,0,-0.0004,0.01028,0.00108,3.7,0,351000,70,0,0.05
C-09442,0.2372,0.2711,0.0643,-0.2325,0.467,0,-0.0017,0.00778,-0.00142,3.0,1,2045000,70,0,0.003
C-09443,0.0978,0.0,0.0,-0.0978,0.0,1,0.0523,0.011,0.0018,0.5,0,46000,32,0,0.015
C-09444,0.0965,0.0,0.0,0.0509,0.3636,0,-0.0062,0.011,0.0018,3.4,0,57000,41,0,0.051
C-09445,0.0368,0.0,0.0,0.0137,1.0,0,-0.0046,0.011,0.0018,9.1,1,190000,72,0,0.05
C-09446,0.14,0.0,0.0,-0.0845,0.7323,0,0.0315,0.00988,0.00068,9.2,0,453500,42,0,0.053
C-09447,0.056,0.0,0.0,0.1405,0.6923,0,0.0039,0.011,0.0018,14,1,116000,36,0,0.043
C-09448,0.1306,0.0,0.0,-0.0877,0.8037,0,-0.0062,0.00925,5e-05,7.6,0,838500,63,0,0.068
C-09449,0.124,0.4375,0.0543,0.4341,1.0,0,0.0065,0.011,0.0018,3,0,64500,25,0,0.036
C-09450,0.0322,0.0,0.0,-0.0129,1.0,0,0.0324,0.00917,-3e-05,7.0,0,931500,38,0,0.063
C-09451,0.0921,0.0,0.0,-0.0921,0.592,1,-0.0086,0.00942,0.00022,1.9,0,678500,60,0,0.013
C-09452,0.1381,0.0,0.0,-0.1381,0.405,1,0.0069,0.00993,0.00073,4.6,1,438000,74,0,0.017
C-09453,0.1178,0.3545,0.0417,-0.1013,0.1905,0,0.0037,0.00928,8e-05,0.3,0,802500,47,0,0.08
C-09454,0.043,0.0,0.0,0.1892,1.0,0,0.0038,0.011,0.0018,0.3,0,46500,27,0,0.045
C-09455,0.3183,0.5247,0.167,-0.3183,0.9136,1,0.0139,0.01096,0.00176,6.4,1,254500,75,0,0.0
C-09456,0.0524,0.0,0.0,-0.0524,0.2055,1,0.0138,0.0094,0.0002,1.1,0,696500,71,0,0.051
C-09457,0.2586,0.3111,0.0805,-0.2586,0.6667,1,0.0324,0.011,0.0018,2.3,1,87000,54,0,0.099
C-09458,0.128,0.0,0.0,-0.0142,0.5185,0,-0.0225,0.011,0.0018,1.4,0,105500,35,0,0.079
C-09459,0.2021,0.0,0.0,-0.1391,0.7273,0,0.001,0.011,0.0018,2.0,0,190500,32,0,0.077
C-09460,0.0778,0.0,0.0,-0.0627,0.8611,0,0.0532,0.00985,0.00065,7,0,462500,29,0,0.0
C-09461,0.1558,0.0,0.0,-0.0797,0.1462,0,-0.0093,0.00787,-0.00133,6.9,0,1910000,58,0,0.001
C-09462,0.1322,0.55,0.0727,-0.0897,0.7,0,0.0453,0.00968,0.00048,7.7,0,529500,52,1,0.278
C-09463,0.0293,0.0,0.0,0.0527,0.0,0,-0.001,0.011,0.0018,6.9,1,102500,32,0,0.009
C-09464,0.1935,0.1061,0.0205,-0.0809,0.4091,0,-0.0001,0.011,0.0018,5.2,0,170500,42,0,0.014
C-09465,0.1398,0.0,0.0,-0.1011,0.7692,0,0.0276,0.011,0.0018,0.3,0,93000,40,0,0.055
C-09466,0.0852,0.0,0.0,-0.0852,0.0,1,0.0529,0.00611,-0.00309,0.3,0,6440500,56,0,0.02
C-09467,0.1688,0.0,0.0,-0.1688,0.657,1,0.0443,0.00864,-0.00056,1.8,0,1226000,53,1,0.06
C-09468,0.1426,0.0,0.0,-0.1258,0.3706,0,-0.0028,0.00975,0.00055,5.7,1,501500,65,0,0.052
C-09469,0.2954,0.8484,0.2506,-0.2954,0.5306,1,0.0373,0.00958,0.00038,13.4,0,580500,44,1,0.583
C-09470,0.1568,0.2093,0.0328,-0.1568,0.3488,1,-0.0141,0.00964,0.00044,10.9,0,548500,72,0,0.001
C-09471,0.4034,0.7042,0.2841,-0.3011,0.1549,0,0.0472,0.011,0.0018,3,0,88000,25,1,0.355
C-09472,0.1699,0.0,0.0,-0.1041,0.2581,0,0.0042,0.011,0.0018,0.3,1,182500,71,0,0.029
C-09473,0.0638,0.0,0.0,0.0894,0.0,0,-0.0098,0.011,0.0018,5,0,47000,27,0,0.025
C-09474,0.0931,0.0,0.0,-0.0434,0.1852,0,-0.0118,0.011,0.0018,4,1,145000,26,0,0.037
C-09475,0.4078,0.6142,0.2505,-0.4078,0.0853,1,0.0505,0.00853,-0.00067,1.8,0,1293500,55,0,0.057
C-09476,0.1199,0.44,0.0527,-0.0722,0.44,0,-0.002,0.00936,0.00016,2.8,1,730000,49,0,0.036
C-09477,0.0698,0.0,0.0,-0.0698,0.5,1,0.0481,0.011,0.0018,3.3,0,129000,53,1,0.393
C-09478,0.1472,0.0,0.0,0.0933,0.375,0,0.0181,0.011,0.0018,7.4,1,81500,39,0,0.035
C-09479,0.1121,0.0,0.0,-0.1121,1.0,1,-0.0042,0.011,0.0018,1.1,0,165000,70,0,0.116
C-09480,0.0497,0.0,0.0,-0.0426,0.6342,0,-0.018,0.00641,-0.00279,12.7,0,5063500,56,0,0.073
C-09481,0.1489,0.0,0.0,0.0298,0.6429,0,-0.0008,0.011,0.0018,6.2,1,47000,67,0,0.053
C-09482,0.2311,0.4426,0.1023,-0.2311,0.5902,1,0.01,0.01087,0.00167,2.9,1,264000,59,0,0.077
C-09483,0.1473,0.0,0.0,-0.12,0.9309,0,0.0096,0.00864,-0.00056,12.4,1,1228500,58,0,0.015
C-09484,0.1531,0.0,0.0,-0.0328,0.482,0,-0.0007,0.00857,-0.00063,3.8,0,1267000,63,0,0.068
C-09485,0.0769,0.0,0.0,0.1077,0.5714,0,-0.0157,0.011,0.0018,1.0,0,45500,68,0,0.03
C-09486,0.0634,0.0,0.0,-0.0021,0.625,0,0.0051,0.0096,0.0004,8,0,567500,30,1,0.517
C-09487,0.1667,0.0,0.0,0.0583,0.25,0,0.0057,0.011,0.0018,7,1,48000,29,0,0.044
C-09488,0.0814,0.0,0.0,-0.0512,0.6545,0,0.0032,0.00943,0.00023,23,1,675500,45,0,0.02
C-09489,0.1579,0.0,0.0,0.0442,0.2667,0,0.0025,0.011,0.0018,3,0,47500,25,0,0.042
C-09490,0.1603,0.0,0.0,-0.1254,0.5097,0,-0.006,0.00915,-5e-05,0.9,0,960500,46,0,0.046
C-09491,0.1874,0.0,0.0,-0.1874,0.2414,1,0.0029,0.01052,0.00132,1.2,0,309500,44,0,0.035
C-09492,0.1205,0.0,0.0,-0.0975,0.3492,0,-0.0063,0.01089,0.00169,15,0,261500,37,1,0.05
C-09493,0.0273,0.0,0.0,0.0065,0.5152,0,-0.0087,0.00953,0.00033,1.0,0,604500,25,0,0.033
C-09494,0.0732,0.0,0.0,-0.0146,0.4667,0,-0.0081,0.011,0.0018,1.6,0,102500,70,0,0.063
C-09495,0.0676,0.0,0.0,-0.0676,0.0,1,-0.0076,0.011,0.0018,8.1,0,214500,56,0,0.134
C-09496,0.1077,0.0,0.0,-0.0062,0.0,0,-0.0025,0.011,0.0018,8,0,130000,30,0,0.022
C-09497,0.1054,0.1981,0.0209,-0.1054,0.4717,1,0.0333,0.00974,0.00054,0.3,0,503000,56,0,0.052
C-09498,0.1283,0.0,0.0,-0.1006,0.1802,0,-0.0101,0.00995,0.00075,1.7,0,432500,42,1,0.283
C-09499,0.1892,0.0,0.0,0.1568,0.4762,0,-0.0053,0.011,0.0018,2.2,0,55500,44,0,0.039
C-09500,0.0826,0.0,0.0,-0.0826,0.8929,1,0.0008,0.011,0.0018,5.0,0,169500,66,0,0.046
C-09501,0.0976,0.0,0.0,-0.0517,0.4248,0,0.0043,0.0093,0.0001,3.9,1,783500,51,0,0.034
C-09502,0.2053,0.1389,0.0285,-0.2053,0.3704,1,0.0041,0.01088,0.00168,0.9,0,263000,55,0,0.057
C-09503,0.1195,0.0,0.0,-0.0318,0.0,0,-0.0139,0.01026,0.00106,7.1,0,355500,45,0,0.035
C-09504,0.0834,0.0,0.0,-0.0817,0.1834,0,0.0115,0.00647,-0.00273,8.8,0,4837500,74,0,0.046
C-09505,0.154,0.0,0.0,-0.0738,0.2289,0,-0.0082,0.00966,0.00046,13.4,1,539000,65,0,0.052
C-09506,0.1462,0.0,0.0,0.1064,0.08,0,0.0425,0.011,0.0018,6,0,85500,28,0,0.054
C-09507,0.0573,0.0,0.0,-0.0109,0.9091,0,-0.0016,0.00943,0.00023,2.3,0,672000,30,0,0.044
C-09508,0.1545,0.0,0.0,-0.1545,0.7506,1,0.0514,0.00841,-0.00079,1.0,0,1375000,62,0,0.004
C-09509,0.0869,0.0,0.0,-0.0388,0.1538,0,-0.0126,0.011,0.0018,0.4,0,224500,45,0,0.056
C-09510,0.3946,0.6758,0.2667,-0.3946,0.8265,1,0.0341,0.00963,0.00043,7.8,0,555000,48,1,0.482
C-09511,0.15,0.0,0.0,-0.15,0.7879,1,0.0001,0.011,0.0018,5.8,0,220000,70,1,0.471
C-09512,0.1726,0.3444,0.0594,-0.1174,0.6278,0,0.01,0.0097,0.0005,2.9,1,521500,64,0,0.045
C-09513,0.1006,0.0,0.0,-0.1006,0.6383,1,0.0298,0.00917,-3e-05,5.0,0,934000,75,0,0.015
C-09514,0.0499,0.0,0.0,0.0022,0.8235,0,0.0068,0.00923,3e-05,3.1,0,851000,53,0,0.042
C-09515,0.2005,0.0,0.0,-0.2005,0.3026,1,0.0399,0.011,0.0018,3.5,1,189500,55,0,0.105
C-09516,0.0957,0.2222,0.0213,0.0574,0.3333,0,-0.0054,0.011,0.0018,1.4,0,47000,32,0,0.048
C-09517,0.1921,0.3621,0.0695,-0.1523,0.3621,0,0.0036,0.011,0.0018,5.6,1,151000,67,0,0.042
C-09518,0.2451,0.46,0.1127,-0.0098,0.28,0,0.0123,0.011,0.0018,2.2,0,102000,39,0,0.057
C-09519,0.0998,0.0,0.0,-0.0687,0.5854,0,0.01,0.00951,0.00031,3.5,0,616000,74,0,0.042
C-09520,0.0947,0.0,0.0,-0.0947,0.2222,1,0.0485,0.011,0.0018,3.4,1,47500,27,0,0.0
C-09521,0.1191,0.0,0.0,-0.0628,0.7606,0,-0.0016,0.0106,0.0014,2.9,0,298000,37,0,0.055
C-09522,0.166,0.4762,0.0791,-0.166,0.2619,1,0.004,0.011,0.0018,1.0,0,126500,68,1,0.522
C-09523,0.1021,0.0,0.0,-0.0942,0.5822,0,-0.0048,0.00795,-0.00125,0.6,1,1816500,52,0,0.077
C-09524,0.117,0.0,0.0,-0.117,0.5455,1,0.0356,0.011,0.0018,12.5,0,47000,71,0,0.08
C-09525,0.1063,0.0,0.0,-0.1063,0.0,1,-0.0126,0.00814,-0.00106,1.7,0,1603500,50,0,0.058
C-09526,0.0863,0.0,0.0,-0.0863,0.5,1,0.0132,0.011,0.0018,4.4,0,69500,47,0,0.0
C-09527,0.1491,0.2353,0.0351,-0.1491,0.3529,1,0.0092,0.011,0.0018,6.7,0,57000,36,1,0.419
C-09528,0.2,0.2593,0.0519,-0.0933,0.6667,0,0.0029,0.011,0.0018,3.7,0,67500,41,0,0.006
C-09529,0.1219,0.0,0.0,-0.0858,0.0,0,-0.0082,0.01059,0.00139,5.2,0,299500,60,0,0.003
C-09530,0.115,0.8462,0.0973,0.4159,0.0769,0,-0.0023,0.011,0.0018,9.8,1,56500,47,1,0.691
C-09531,0.0945,0.0,0.0,-0.0914,0.2225,0,0.001,0.00653,-0.00267,0.8,0,4661000,73,0,0.031
C-09532,0.0579,0.0,0.0,-0.05,0.5057,0,0.0006,0.00823,-0.00097,5.7,1,1519500,71,0,0.049
C-09533,0.2042,0.3103,0.0634,0.0549,0.4828,0,0.0165,0.011,0.0018,6.4,1,71000,36,1,0.282
C-09534,0.1163,0.0,0.0,0.0884,0.3333,0,-0.0025,0.011,0.0018,12.1,0,64500,57,0,0.042
C-09535,0.1567,0.0,0.0,-0.1447,0.5106,0,0.0429,0.01058,0.00138,4.2,1,300000,68,1,0.54
C-09536,0.0963,0.0,0.0,-0.0692,0.6056,0,-0.0013,0.00887,-0.00033,10.9,0,1106000,66,0,0.031
C-09537,0.4252,0.7368,0.3133,-0.4154,0.0789,0,0.041,0.01025,0.00105,9.1,1,357500,70,1,0.868
C-09538,0.0631,0.0,0.0,-0.0284,0.5344,0,0.019,0.00903,-0.00017,3.2,1,1037500,46,0,0.013
C-09539,0.4713,0.8243,0.3885,-0.051,0.5676,0,0.051,0.011,0.0018,3.0,0,78500,26,1,0.348
C-09540,0.1368,0.6923,0.0947,0.4947,0.3077,0,0.0166,0.011,0.0018,0.3,0,47500,59,0,0.106
C-09541,0.0375,0.0,0.0,0.0362,0.5455,0,-0.0061,0.011,0.0018,3.5,0,146500,27,0,0.022
C-09542,0.0627,0.0,0.0,-0.0085,0.0,0,-0.0112,0.011,0.0018,4.9,0,199500,59,0,0.068
C-09543,0.0705,0.0,0.0,-0.0309,0.0,0,0.0168,0.01037,0.00117,4.0,1,333500,49,0,0.033
C-09544,0.0846,0.0,0.0,-0.0781,0.1606,0,0.0038,0.00854,-0.00066,6.1,0,1288000,48,0,0.047
C-09545,0.1067,0.0,0.0,-0.0913,0.0,0,0.0008,0.01011,0.00091,5.0,1,389000,68,0,0.052
C-09546,0.2057,0.2569,0.0528,-0.1694,0.422,0,-0.0096,0.01086,0.00166,2.4,0,265000,70,0,0.051
C-09547,0.1158,0.0,0.0,-0.0679,0.7759,0,-0.0207,0.011,0.0018,13.3,0,250500,40,0,0.035
C-09548,0.1061,0.0,0.0,-0.0849,0.463,0,-0.0053,0.00973,0.00053,11.2,0,509000,65,0,0.048
C-09549,0.1949,0.3158,0.0615,-0.0964,0.6316,0,0.0041,0.011,0.0018,8.0,0,97500,31,0,0.025
C-09550,0.1828,0.0,0.0,-0.0538,0.2353,0,0.0144,0.011,0.0018,4.4,0,46500,46,0,0.081
C-09551,0.0789,0.0,0.0,-0.0789,0.0,1,0.0003,0.011,0.0018,1.0,1,57000,51,0,0.034
C-09552,0.0885,0.0,0.0,-0.0885,0.8447,1,0.0047,0.00759,-0.00161,0.7,0,2400500,59,0,0.013
C-09553,0.0753,0.0,0.0,0.3634,0.0,0,0.0085,0.011,0.0018,5,0,46500,27,0,0.021
C-09554,0.0521,0.0,0.0,-0.0021,0.0,0,-0.0182,0.011,0.0018,4.8,0,48000,65,0,0.0
C-09555,0.1742,0.4839,0.0843,-0.127,0.4839,0,0.0312,0.011,0.0018,5.3,0,89000,51,0,0.028
C-09556,0.1354,0.0,0.0,0.2646,0.6923,0,0.0052,0.011,0.0018,3.6,0,48000,28,0,0.044
C-09557,0.135,0.0,0.0,-0.1134,0.2857,0,0.0466,0.01011,0.00091,2.7,0,389000,68,0,0.035
C-09558,0.1069,0.0,0.0,-0.0981,0.304,0,-0.0012,0.00809,-0.00111,15.2,0,1647000,59,0,0.026
C-09559,0.1895,0.4444,0.0842,0.0126,0.6111,0,-0.0065,0.011,0.0018,1.3,1,47500,29,0,0.002
C-09560,0.0974,0.0,0.0,-0.0974,0.2308,1,0.0011,0.011,0.0018,8.6,0,133500,36,0,0.032
C-09561,0.1566,0.0,0.0,-0.1566,0.5385,1,-0.0113,0.011,0.0018,8.4,1,124500,31,0,0.017
C-09562,0.0556,0.4737,0.0263,0.0146,0.4737,0,-0.0152,0.011,0.0018,4.6,0,171000,27,0,0.09
C-09563,0.1201,0.0,0.0,-0.1201,0.0925,1,0.031,0.00937,0.00017,3.4,0,720500,57,0,0.039
C-09564,0.0592,0.0,0.0,-0.0326,0.0,0,0.002,0.00916,-4e-05,9.2,0,946000,54,0,0.097
C-09565,0.1433,0.0,0.0,-0.0669,0.6778,0,0.0005,0.01049,0.00129,0.3,0,314000,45,0,0.057
C-09566,0.0957,0.0,0.0,0.2872,0.5556,0,0.0136,0.011,0.0018,9,0,47000,31,0,0.057
C-09567,0.117,0.0,0.0,-0.117,0.2727,1,0.0232,0.011,0.0018,2.4,1,47000,31,1,0.082
C-09568,0.1824,0.0,0.0,-0.1517,0.2895,0,-0.0004,0.0105,0.0013,1.9,0,312500,42,0,0.01
C-09569,0.5053,0.8125,0.4105,-0.5053,0.1042,1,0.0498,0.011,0.0018,3.6,1,47500,26,1,0.836
C-09570,0.215,0.0,0.0,-0.215,0.4884,1,-0.0175,0.011,0.0018,11.1,1,100000,38,0,0.035
C-09571,0.1523,0.0,0.0,-0.1523,0.35,1,0.0471,0.011,0.0018,6.1,1,197000,30,0,0.055
C-09572,0.178,0.4314,0.0768,-0.178,0.0931,1,0.0046,0.00879,-0.00041,5.6,1,1146000,75,1,0.424
C-09573,0.1914,0.0,0.0,-0.1914,0.5977,1,-0.0035,0.0094,0.0002,15.3,1,695000,70,0,0.053
C-09574,0.1686,0.0,0.0,-0.1686,0.125,1,0.0033,0.00918,-2e-05,5.3,0,925500,45,1,0.058
C-09575,0.1083,0.0,0.0,-0.0598,0.4746,0,-0.0077,0.01079,0.00159,4.4,0,272500,75,0,0.011
C-09576,0.1211,0.202,0.0245,-0.0984,1.0,0,0.0004,0.00857,-0.00063,19.5,0,1267500,44,0,0.068
C-09577,0.1394,0.0,0.0,-0.1255,0.15,0,0.036,0.00975,0.00055,1.6,1,502000,40,0,0.003
C-09578,0.0154,0.0,0.0,0.0625,1.0,0,-0.0051,0.01063,0.00143,5.0,0,293000,63,0,0.045
C-09579,0.1916,0.3263,0.0625,-0.1792,0.0,0,0.0016,0.00922,2e-05,3.4,1,871500,74,1,0.35
C-09580,0.1312,0.0,0.0,-0.0777,0.1038,0,-0.0036,0.01005,0.00085,6.2,0,404000,30,0,0.0
C-09581,0.1574,0.5882,0.0926,0.2426,0.1765,0,0.0007,0.011,0.0018,7.8,0,54000,43,0,0.083
C-09582,0.0692,0.0,0.0,0.0969,0.5455,0,0.0015,0.011,0.0018,5.2,0,79500,66,0,0.063
C-09583,0.0913,0.0,0.0,-0.0913,0.1121,1,0.0541,0.00948,0.00028,3.1,1,635500,64,0,0.029
C-09584,0.0569,0.0,0.0,-0.0569,0.2857,1,0.0005,0.011,0.0018,1.5,1,61500,67,0,0.032
C-09585,0.2156,0.4236,0.0913,-0.2012,0.6181,0,0.0104,0.01037,0.00117,1.8,0,334000,51,1,0.321
C-09586,0.1259,0.0,0.0,-0.1167,0.4986,0,-0.009,0.00832,-0.00088,2.5,0,1442000,32,0,0.05
C-09587,0.172,0.0,0.0,-0.172,0.2714,1,0.0045,0.011,0.0018,8.6,1,203500,34,0,0.024
C-09588,0.135,0.5849,0.079,-0.135,0.2767,1,-0.0016,0.00873,-0.00047,1.2,1,1177500,57,0,0.046
C-09589,0.1589,0.0,0.0,-0.1479,0.1542,0,0.0319,0.00851,-0.00069,3.4,0,1305500,60,1,0.505
C-09590,0.0306,0.0,0.0,-0.0044,1.0,0,0.0162,0.011,0.0018,2.9,0,228500,25,0,0.034
C-09591,0.1551,0.0,0.0,-0.0577,0.1121,0,0.0095,0.01031,0.00111,1.2,0,345000,63,0,0.0
C-09592,0.0654,0.0,0.0,-0.0396,0.5352,0,0.0113,0.00811,-0.00109,0.3,1,1629000,45,0,0.028
C-09593,0.1324,0.0,0.0,0.0088,0.6481,0,-0.0098,0.011,0.0018,0.7,1,204000,54,0,0.01
C-09594,0.1673,0.0,0.0,-0.1331,0.7195,0,0.0073,0.00935,0.00015,6.6,0,735000,47,0,0.003
C-09595,0.203,0.2152,0.0437,-0.203,0.5759,1,0.0368,0.0093,0.0001,12.4,1,778500,65,1,0.427
C-09596,0.1008,0.0,0.0,-0.0921,0.6954,0,-0.0069,0.00626,-0.00294,1.9,0,5633000,60,0,0.07
C-09597,0.1013,0.0,0.0,-0.0501,0.7895,0,-0.0022,0.01017,0.00097,5.4,0,375000,57,0,0.028
C-09598,0.1562,0.0,0.0,-0.1384,0.4925,0,-0.0082,0.00855,-0.00065,9.2,0,1280500,53,0,0.032
C-09599,0.11,0.0,0.0,-0.0817,0.3893,0,0.0288,0.00942,0.00022,1.4,0,677000,52,0,0.08
C-09600,0.1286,0.0,0.0,-0.09,0.0,0,-0.0112,0.011,0.0018,8,0,155500,30,0,0.028
C-09601,0.0844,0.2869,0.0242,-0.0844,0.2996,1,0.013,0.00837,-0.00083,4.5,0,1403500,49,1,0.393
C-09602,0.1507,0.0,0.0,-0.0896,0.3896,0,0.0117,0.01095,0.00175,1.5,0,255500,29,0,0.054
C-09603,0.0828,0.0,0.0,0.0166,0.0,0,0.0008,0.011,0.0018,0.7,0,157000,43,0,0.037
C-09604,0.0375,0.0,0.0,-0.0167,0.0,0,-0.0125,0.011,0.0018,17.0,0,173500,57,0,0.146
C-09605,0.2217,0.0,0.0,-0.1833,0.1406,0,0.0058,0.00961,0.00041,7.8,0,561500,67,0,0.016
C-09606,0.0829,0.0,0.0,0.116,0.0,0,0.0184,0.011,0.0018,8.3,1,90500,31,0,0.0
C-09607,0.0544,0.0,0.0,0.3589,0.4444,0,0.0127,0.011,0.0018,1.7,1,165500,58,0,0.083
C-09608,0.1987,0.2,0.0397,-0.1192,0.1333,0,-0.0137,0.011,0.0018,2.8,1,75500,33,0,0.018
C-09609,0.0741,0.0,0.0,-0.0585,0.0,0,-0.0186,0.01013,0.00093,8.0,0,384500,50,0,0.053
C-09610,0.1525,0.0,0.0,-0.1525,0.1782,1,0.027,0.00919,-1e-05,3,0,901500,25,0,0.067
C-09611,0.1471,0.0,0.0,-0.1471,0.2368,1,0.0109,0.01011,0.00091,4.0,1,387500,68,0,0.064
C-09612,0.1136,0.0,0.0,-0.1136,0.7928,1,0.0051,0.00978,0.00058,6,0,488500,28,0,0.049
C-09613,0.1261,0.2654,0.0335,-0.1152,0.775,0,0.0007,0.00665,-0.00255,11.2,0,4319500,62,0,0.036
C-09614,0.2555,0.1724,0.0441,-0.2132,0.3448,0,-0.0043,0.011,0.0018,3.1,0,113500,45,1,0.119
C-09615,0.3131,0.8387,0.2626,-0.2485,0.8387,0,0.0549,0.011,0.0018,4.0,1,49500,69,1,0.797
C-09616,0.2016,0.0,0.0,-0.1048,0.4,0,-0.0021,0.011,0.0018,6,0,62000,28,0,0.05
C-09617,0.074,0.0,0.0,-0.0219,0.1739,0,0.0184,0.01051,0.00131,14.1,1,311000,47,0,0.083
C-09618,0.1905,0.5,0.0952,-0.1262,0.2656,0,0.0021,0.011,0.0018,10.0,0,168000,65,0,0.032
C-09619,0.2551,0.2857,0.0729,-0.2169,0.7679,0,0.0305,0.011,0.0018,1.0,0,219500,74,0,0.05
C-09620,0.0778,0.0,0.0,-0.0639,1.0,0,0.0053,0.00828,-0.00092,5.4,0,1471500,56,0,0.026
C-09621,0.0342,0.0,0.0,-0.0342,0.6087,1,-0.0055,0.01036,0.00116,3.7,0,336000,36,0,0.018
C-09622,0.1159,0.0,0.0,0.458,0.5,0,-0.0006,0.011,0.0018,4.0,1,69000,32,0,0.03
C-09623,0.1189,0.0,0.0,-0.1091,0.3848,0,0.0121,0.00701,-0.00219,3.9,0,3539500,53,0,0.065
C-09624,0.2296,0.5932,0.1362,-0.2296,0.4237,1,0.0297,0.011,0.0018,6.3,0,128500,66,1,0.589
C-09625,0.1106,0.0,0.0,-0.1106,0.7826,1,0.0435,0.011,0.0018,0.3,0,104000,27,0,0.025
C-09626,0.177,0.0,0.0,-0.0496,0.35,0,0.0088,0.011,0.0018,2.3,0,169500,57,0,0.062
C-09627,0.1606,0.0,0.0,-0.0952,0.4906,0,0.0001,0.011,0.0018,3.2,0,165000,40,0,0.0
C-09628,0.0907,0.0,0.0,-0.0008,0.0,0,-0.0321,0.01097,0.00177,0.3,0,253500,53,0,0.041
C-09629,0.0872,0.0,0.0,-0.0872,0.0,1,0.0379,0.011,0.0018,2.2,0,206500,42,1,0.477
C-09630,0.053,0.0,0.0,-0.053,0.0,1,0.0004,0.011,0.0018,2.0,1,75500,40,0,0.047
C-09631,0.5315,0.6271,0.3333,-0.5315,0.8644,1,0.0548,0.011,0.0018,1.8,1,55500,29,1,0.532
C-09632,0.1266,0.0,0.0,-0.1114,0.6417,0,-0.0086,0.00982,0.00062,0.7,0,474000,70,0,0.011
C-09633,0.1223,0.0,0.0,-0.1223,0.7321,1,0.0016,0.011,0.0018,3.3,0,229000,57,0,0.046
C-09634,0.0866,0.0,0.0,-0.0121,0.2687,0,0.0133,0.01011,0.00091,0.5,0,387000,48,0,0.047
C-09635,0.1452,0.0,0.0,-0.1337,0.1908,0,-0.0132,0.00969,0.00049,0.4,1,523500,61,0,0.0
C-09636,0.1748,0.0,0.0,-0.1748,0.3889,1,-0.0216,0.011,0.0018,0.7,0,51500,40,0,0.025
C-09637,0.132,0.0,0.0,-0.132,0.0382,1,0.0036,0.00789,-0.00131,1.2,0,1886500,35,0,0.056
C-09638,0.0801,0.0,0.0,-0.0445,0.5679,0,0.0178,0.00974,0.00054,4.8,1,505500,64,0,0.063
C-09639,0.125,0.0,0.0,-0.125,0.4167,1,-0.0176,0.011,0.0018,1.6,0,96000,49,0,0.0
C-09640,0.1025,0.0,0.0,-0.0979,0.7911,0,0.0027,0.00931,0.00011,6.1,0,770500,64,0,0.056
C-09641,0.0785,0.0,0.0,-0.0709,0.6133,0,-0.0019,0.00981,0.00061,0.3,0,478000,59,0,0.006
C-09642,0.0889,0.0,0.0,0.0444,0.625,0,0.0341,0.011,0.0018,0.7,0,45000,26,0,0.017
C-09643,0.1453,0.0,0.0,-0.1453,0.2341,1,0.0034,0.00939,0.00019,1.7,0,705500,39,0,0.053
C-09644,0.0942,0.2521,0.0238,-0.0828,0.2521,0,0.0427,0.00949,0.00029,2.4,0,631500,72,0,0.008
C-09645,0.047,0.0,0.0,0.1463,0.0,0,-0.0088,0.011,0.0018,4,1,74500,26,0,0.017
C-09646,0.2,0.0,0.0,-0.1564,0.3506,0,0.021,0.011,0.0018,0.7,0,192500,60,0,0.024
C-09647,0.1183,0.2609,0.0308,-0.1183,0.5652,1,0.0039,0.011,0.0018,2.7,1,194500,75,0,0.009
C-09648,0.2263,0.4461,0.1009,-0.1653,0.4963,0,0.0381,0.00825,-0.00095,4.8,0,1496000,58,0,0.059
C-09649,0.0903,0.0,0.0,-0.0307,0.9,0,-0.0101,0.00991,0.00071,12.1,0,443000,64,0,0.052
C-09650,0.1645,0.0,0.0,-0.1572,0.411,0,0.0287,0.00976,0.00056,16.7,0,495500,68,0,0.07
C-09651,0.3237,0.403,0.1304,-0.3237,0.7612,1,0.015,0.011,0.0018,12.7,1,103500,38,0,0.088
C-09652,0.0492,0.0,0.0,-0.0492,0.2281,1,0.0019,0.00741,-0.00179,2.7,0,2894500,62,0,0.038
C-09653,0.0445,0.0,0.0,-0.007,0.386,0,0.0161,0.00948,0.00028,4.8,0,640000,62,0,0.098
C-09654,0.3243,0.6944,0.2252,-0.3243,0.6944,1,0.0537,0.011,0.0018,1.5,0,55500,66,1,0.479
C-09655,0.223,0.0,0.0,-0.183,0.1281,0,-0.0098,0.00949,0.00029,0.7,0,630000,40,0,0.047
C-09656,0.158,0.0,0.0,-0.158,0.6889,1,0.0025,0.00808,-0.00112,1.8,0,1658500,64,0,0.07
C-09657,0.2776,0.5548,0.154,-0.2776,0.6849,1,0.0203,0.01088,0.00168,3.4,1,263000,71,1,0.385
C-09658,0.0345,0.0,0.0,-0.0122,0.0,0,0.0012,0.01016,0.00096,4.7,0,377000,70,0,0.083
C-09659,0.0637,0.0,0.0,-0.0523,0.639,0,-0.0009,0.00789,-0.00131,8.6,1,1891000,51,0,0.044
C-09660,0.1961,0.0,0.0,0.4157,0.0,0,0.0081,0.011,0.0018,9.3,0,51000,51,1,0.104
C-09661,0.061,0.0,0.0,-0.0509,0.0,0,0.0032,0.00808,-0.00112,1.7,0,1663000,66,0,0.039
C-09662,0.1368,0.0,0.0,-0.1368,0.3846,1,0.0047,0.011,0.0018,0.7,1,47500,41,1,0.254
C-09663,0.1518,0.0,0.0,-0.1518,0.5808,1,-0.0095,0.00964,0.00044,9.0,0,550000,53,0,0.01
C-09664,0.1281,0.0,0.0,-0.0902,0.1623,0,0.0168,0.00954,0.00034,8.5,0,601000,54,0,0.048
C-09665,0.1046,0.0,0.0,-0.1046,0.72,1,0.0024,0.011,0.0018,3.3,0,119500,62,0,0.027
C-09666,0.1388,0.0,0.0,-0.1158,0.1379,0,0.0055,0.011,0.0018,2.0,1,104500,75,0,0.025
C-09667,0.1938,0.2993,0.058,-0.1191,0.2993,0,-0.0092,0.01027,0.00107,3.2,0,353500,57,0,0.0
C-09668,0.1205,0.0,0.0,0.1398,0.05,0,-0.0013,0.011,0.0018,2.5,0,83000,31,0,0.049
C-09669,0.163,0.0,0.0,-0.1548,0.0497,0,0.0335,0.00814,-0.00106,2.2,0,1604500,37,0,0.001
C-09670,0.1042,0.0,0.0,-0.0616,0.2979,0,-0.0296,0.011,0.0018,5.0,0,225500,65,0,0.054
C-09671,0.2265,0.4462,0.101,-0.2265,0.3846,1,-0.0086,0.011,0.0018,11.0,1,143500,36,0,0.044
C-09672,0.148,0.0,0.0,-0.1251,0.6023,0,0.0011,0.00877,-0.00043,0.3,0,1155500,51,0,0.018
C-09673,0.077,0.0,0.0,-0.077,1.0,1,0.004,0.00911,-9e-05,1.2,0,1007000,32,0,0.022
C-09674,0.1227,0.0,0.0,-0.1139,0.1269,0,0.0007,0.00964,0.00044,7.9,0,546000,71,0,0.084
C-09675,0.0949,0.0,0.0,-0.0461,0.0,0,-0.0036,0.011,0.0018,2.5,0,147500,53,0,0.019
C-09676,0.0593,0.0,0.0,0.1034,0.5714,0,0.0137,0.011,0.0018,2.3,0,59000,27,0,0.002
C-09677,0.2256,0.4189,0.0945,-0.2037,0.6081,0,0.0001,0.011,0.0018,6.7,0,164000,43,0,0.048
C-09678,0.206,0.2727,0.0562,-0.1413,0.2073,0,0.0065,0.00944,0.00024,10.3,0,667500,42,0,0.063
C-09679,0.0467,0.0,0.0,-0.0256,1.0,0,-0.0065,0.0096,0.0004,0.7,0,567500,71,0,0.096
C-09680,0.0886,0.0,0.0,-0.0445,0.1481,0,-0.0169,0.00932,0.00012,8.4,1,761500,46,0,0.114
C-09681,0.1694,0.3254,0.0551,-0.1694,0.2381,1,0.0027,0.01018,0.00098,8.7,0,372000,70,1,0.458
C-09682,0.25,0.75,0.1875,0.0,0.2917,0,0.0459,0.011,0.0018,8.6,0,48000,31,0,0.042
C-09683,0.0286,0.0,0.0,-0.0216,0.641,0,0.0047,0.00778,-0.00142,0.3,0,2045500,54,0,0.038
C-09684,0.2765,0.5068,0.1402,-0.1947,0.1644,0,0.0167,0.011,0.0018,5.3,1,132000,59,0,0.058
C-09685,0.1613,0.0,0.0,-0.1466,0.3282,0,0.0012,0.00927,7e-05,6.8,1,812000,36,1,0.338
C-09686,0.2915,0.5488,0.16,-0.2915,0.6992,1,0.0352,0.00998,0.00078,4.9,0,422000,35,0,0.016
C-09687,0.086,0.375,0.0323,0.5333,0.5,0,-0.0097,0.011,0.0018,9.7,0,46500,44,0,0.054
C-09688,0.2,0.2632,0.0526,-0.2,0.5789,1,-0.0048,0.011,0.0018,3.1,0,47500,33,1,0.198
C-09689,0.1197,0.0,0.0,-0.1197,0.4912,1,0.0088,0.00981,0.00061,0.3,0,476000,47,0,0.022
C-09690,0.1287,0.0,0.0,-0.1272,0.3368,0,0.0379,0.00714,-0.00206,9.1,0,3322000,74,0,0.065
C-09691,0.0842,0.0,0.0,-0.0842,0.625,1,-0.0036,0.011,0.0018,1.3,1,95000,73,0,0.025
C-09692,0.0923,0.0,0.0,-0.0923,0.0787,1,-0.0031,0.0098,0.0006,5.6,1,482000,50,1,0.315
C-09693,0.1075,0.0,0.0,-0.0473,0.6,0,-0.0077,0.011,0.0018,4.9,0,139500,68,0,0.035
C-09694,0.0204,0.0,0.0,0.3714,0.5,0,0.0105,0.011,0.0018,2.2,0,49000,29,0,0.07
C-09695,0.1596,0.0,0.0,-0.083,0.3333,0,-0.0014,0.011,0.0018,0.3,0,47000,31,0,0.026
C-09696,0.34,0.8758,0.2978,-0.34,0.098,1,0.0356,0.011,0.0018,3.3,0,225000,71,1,0.871
C-09697,0.1222,0.0,0.0,-0.0907,0.3471,0,0.0061,0.00976,0.00056,11.7,0,495000,38,0,0.003
C-09698,0.1586,0.0,0.0,-0.1586,0.1695,1,-0.0032,0.011,0.0018,4,0,186000,26,0,0.064
C-09699,0.1648,0.0,0.0,0.052,0.6222,0,0.0169,0.011,0.0018,0.3,1,136500,60,0,0.025
C-09700,0.1654,0.0,0.0,-0.1654,0.5057,1,-0.0023,0.00967,0.00047,1.6,0,532000,55,0,0.014
C-09701,0.0845,0.0,0.0,-0.0845,0.5833,1,0.0387,0.011,0.0018,8.3,0,71000,36,0,0.065
C-09702,0.1585,0.0,0.0,0.0282,0.0727,0,-0.0086,0.011,0.0018,11.1,0,173500,55,0,0.028
C-09703,0.1904,0.4953,0.0943,-0.1007,0.8785,0,0.0154,0.01072,0.00152,0.8,0,281000,34,0,0.078
C-09704,0.0487,0.0,0.0,-0.0233,0.0,0,-0.0013,0.011,0.0018,8.1,0,236000,73,0,0.031
C-09705,0.0784,0.0,0.0,-0.0512,0.5572,0,-0.0038,0.00855,-0.00065,28.6,0,1282500,56,0,0.015
C-09706,0.0614,0.0,0.0,-0.0445,0.459,0,0.0079,0.00976,0.00056,0.5,0,496500,37,0,0.043
C-09707,0.0713,0.0,0.0,-0.0468,1.0,0,-0.0026,0.00977,0.00057,0.3,0,491000,38,0,0.066
C-09708,0.106,0.7108,0.0754,-0.0355,0.7108,0,0.0028,0.0101,0.0009,3.1,1,391500,56,1,0.664
C-09709,0.1047,0.0,0.0,-0.1031,0.3793,0,0.0112,0.00573,-0.00347,7.0,0,9806000,64,0,0.049
C-09710,0.1521,0.1636,0.0249,-0.1521,0.7,1,-0.0077,0.01023,0.00103,3.7,1,361500,49,0,0.071
C-09711,0.1897,0.0,0.0,-0.1648,0.3182,0,-0.0089,0.01066,0.00146,7,0,290000,29,0,0.032
C-09712,0.1814,0.0,0.0,-0.1177,0.2683,0,-0.0067,0.011,0.0018,6.5,0,113000,72,0,0.029
C-09713,0.1588,0.5522,0.0877,-0.1588,0.7463,1,-0.0084,0.011,0.0018,1.8,1,211000,60,0,0.045
C-09714,0.1036,0.0,0.0,-0.0943,0.8581,0,0.0024,0.00572,-0.00348,6.8,0,9867500,62,0,0.103
C-09715,0.0819,0.0,0.0,-0.0539,0.0,0,0.0105,0.00861,-0.00059,10.5,0,1246000,42,0,0.0
C-09716,0.1216,0.0,0.0,-0.0939,0.1379,0,-0.0027,0.00981,0.00061,9.5,0,477000,58,0,0.0
C-09717,0.0723,0.0,0.0,-0.0723,0.3288,1,-0.0075,0.00974,0.00054,5.4,1,504500,43,0,0.039
C-09718,0.1877,0.0,0.0,-0.1877,0.6735,1,0.0148,0.0101,0.0009,7.7,0,391500,66,0,0.061
C-09719,0.0417,0.0,0.0,0.035,0.0,0,-0.0095,0.01024,0.00104,0.6,0,360000,42,0,0.042
C-09720,0.2773,0.4867,0.1349,-0.2773,0.2133,1,0.0339,0.01081,0.00161,4.8,0,270500,39,1,0.627
C-09721,0.1482,0.0,0.0,-0.1482,0.5273,1,0.0289,0.011,0.0018,2.5,0,185500,74,0,0.0
C-09722,0.0482,0.0,0.0,0.0001,0.0,0,0.0033,0.0094,0.0002,3.4,1,695500,38,0,0.069
C-09723,0.0656,0.0,0.0,-0.0656,0.0667,1,0.0208,0.011,0.0018,3.8,1,228500,48,0,0.016
C-09724,0.1383,0.0,0.0,0.3213,0.3846,0,0.0043,0.011,0.0018,3.3,1,47000,62,0,0.057
C-09725,0.1575,0.0,0.0,-0.1318,0.856,0,-0.0043,0.00811,-0.00109,8.6,1,1631500,48,0,0.031
C-09726,0.0686,0.0,0.0,-0.0648,0.3458,0,0.0268,0.00626,-0.00294,0.8,0,5668500,60,1,0.241
C-09727,0.1346,0.0,0.0,-0.1346,0.2857,1,0.0541,0.011,0.0018,5.0,0,156000,39,0,0.042
C-09728,0.3252,0.5888,0.1915,-0.3252,0.6822,1,0.0539,0.011,0.0018,0.3,1,164500,68,1,0.711
C-09729,0.0761,0.0,0.0,0.1065,0.5714,0,0.0167,0.011,0.0018,7.3,0,92000,37,0,0.0
C-09730,0.3916,0.4194,0.1642,-0.3916,0.6358,1,0.0505,0.00916,-4e-05,7.8,0,950000,44,0,0.022
C-09731,0.3683,0.6399,0.2357,-0.3683,0.4112,1,0.0403,0.00962,0.00042,0.4,0,558000,42,1,0.708
C-09732,0.1661,0.0,0.0,-0.101,0.2347,0,0.0033,0.01062,0.00142,8.2,1,295000,48,0,0.043
C-09733,0.1639,0.0,0.0,0.0426,0.175,0,-0.006,0.011,0.0018,10.0,0,122000,33,0,0.068
C-09734,0.2167,0.0,0.0,-0.2167,0.3077,1,-0.0118,0.011,0.0018,9.8,0,60000,43,0,0.06
C-09735,0.0503,0.0,0.0,0.2214,0.1875,0,-0.0127,0.011,0.0018,0.7,0,159000,40,0,0.085
C-09736,0.1345,0.1875,0.0252,0.2689,0.3125,0,-0.0003,0.011,0.0018,0.3,0,59500,31,0,0.056
C-09737,0.1079,0.0,0.0,-0.0755,0.3309,0,0.0041,0.00949,0.00029,12.5,1,630500,62,0,0.0
C-09738,0.1346,0.0,0.0,-0.0077,0.0,0,-0.0086,0.011,0.0018,9,0,104000,31,0,0.03
C-09739,0.0511,0.0,0.0,-0.0511,0.2857,1,0.0126,0.011,0.0018,10.0,0,137000,37,0,0.0
C-09740,0.0774,0.0,0.0,-0.0601,0.4867,0,0.0261,0.00785,-0.00135,1.4,0,1937500,41,0,0.021
C-09741,0.0887,0.0,0.0,-0.0759,0.0,0,0.0061,0.00866,-0.00054,10,1,1217000,32,0,0.0
C-09742,0.0547,0.0,0.0,-0.0215,0.0,0,-0.0083,0.00932,0.00012,6.6,0,758000,35,0,0.112
C-09743,0.1913,0.0,0.0,-0.1816,0.5848,0,-0.0048,0.00922,2e-05,0.3,0,862500,56,0,0.0
C-09744,0.1981,0.0,0.0,-0.1169,0.2927,0,-0.0014,0.011,0.0018,4.8,0,103500,72,0,0.023
C-09745,0.0803,0.0,0.0,-0.0434,0.4426,0,0.0319,0.00829,-0.00091,3.4,0,1462500,68,0,0.067
C-09746,0.1461,0.0,0.0,-0.1383,0.7416,0,-0.0046,0.01055,0.00135,2.9,0,304500,57,0,0.078
C-09747,0.145,0.0,0.0,-0.145,0.1106,1,0.0547,0.0093,0.0001,7.2,0,779500,74,1,0.348
C-09748,0.0558,0.0,0.0,-0.0357,1.0,0,0.0186,0.011,0.0018,10.8,1,134500,68,0,0.109
C-09749,0.071,0.5075,0.0361,-0.0329,0.5075,0,0.0075,0.00983,0.00063,6.9,0,471500,46,0,0.048
C-09750,0.1166,0.0,0.0,-0.089,0.6197,0,-0.0018,0.00918,-2e-05,0.4,1,913500,31,0,0.044
C-09751,0.3839,0.6279,0.2411,-0.2768,0.814,0,0.0459,0.011,0.0018,2.4,1,56000,28,0,0.009
C-09752,0.2465,0.436,0.1075,-0.2465,0.4882,1,0.0542,0.00996,0.00076,1.1,1,428000,54,1,0.63
C-09753,0.2178,0.2411,0.0525,-0.2143,0.0,0,0.0016,0.00691,-0.00229,27.4,1,3733000,60,0,0.06
C-09754,0.0699,0.5385,0.0376,0.0462,0.6154,0,0.01,0.011,0.0018,11,1,93000,33,0,0.044
C-09755,0.0982,0.0,0.0,-0.0893,0.3697,0,0.0264,0.00894,-0.00026,18.6,0,1074500,74,0,0.01
C-09756,0.0397,0.0,0.0,0.2079,0.2,0,-0.0081,0.011,0.0018,1.3,1,63000,72,0,0.0
C-09757,0.0813,0.0,0.0,0.0335,0.5294,0,-0.0034,0.011,0.0018,10.6,1,104500,47,0,0.019
C-09758,0.0719,0.0,0.0,0.2388,1.0,0,0.0045,0.011,0.0018,2.5,0,69500,27,0,0.044
C-09759,0.1125,0.0,0.0,-0.0974,1.0,0,-0.0236,0.00981,0.00061,8.6,0,475500,56,0,0.074
C-09760,0.1788,0.0,0.0,-0.1788,0.4363,1,-0.0041,0.0096,0.0004,2.4,0,570500,39,0,0.029
C-09761,0.1052,0.0,0.0,-0.0192,0.4945,0,-0.0068,0.00995,0.00075,4.3,0,432500,51,0,0.057
C-09762,0.0864,0.0,0.0,-0.0864,0.4,1,-0.0102,0.0109,0.0017,0.3,0,260500,52,0,0.065
C-09763,0.4583,0.5227,0.2396,-0.4583,0.1591,1,0.0463,0.011,0.0018,5.0,0,96000,37,1,0.363
C-09764,0.1723,0.0,0.0,-0.1723,0.6603,1,0.0083,0.00953,0.00033,4.8,0,606500,32,0,0.0
C-09765,0.1789,0.0,0.0,0.0989,0.5294,0,-0.0195,0.011,0.0018,1.4,0,47500,37,0,0.005
C-09766,0.0426,0.0,0.0,0.0851,0.25,0,0.0283,0.011,0.0018,4.3,0,47000,74,0,0.016
C-09767,0.3595,0.8008,0.2879,-0.3595,0.4513,1,0.0536,0.00945,0.00025,2.1,0,656500,68,1,0.385
C-09768,0.0806,0.0,0.0,-0.0738,0.7283,0,-0.0167,0.00817,-0.00103,8.3,1,1575000,65,0,0.063
C-09769,0.0667,0.0,0.0,-0.0196,0.0,0,0.0418,0.011,0.0018,10.6,0,127500,71,0,0.0
C-09770,0.1741,0.0,0.0,-0.1563,0.6809,0,0.0057,0.01081,0.00161,9.7,0,270000,58,0,0.027
C-09771,0.0921,0.0,0.0,-0.0581,0.0,0,-0.005,0.00977,0.00057,3.1,1,494000,45,0,0.045
C-09772,0.1229,0.0,0.0,-0.1229,0.1176,1,0.051,0.00979,0.00059,11.0,1,484000,53,0,0.043
C-09773,0.1692,0.0,0.0,-0.1464,0.4471,0,-0.0075,0.00842,-0.00078,0.8,0,1368000,64,0,0.076
C-09774,0.1182,0.0,0.0,-0.1182,0.4038,1,-0.0025,0.011,0.0018,2.5,0,220000,73,0,0.079
C-09775,0.2,0.3333,0.0667,0.0133,0.3333,0,-0.0047,0.011,0.0018,0.8,0,45000,70,0,0.056
C-09776,0.083,0.0,0.0,-0.0561,0.527,0,0.0038,0.0099,0.0007,17.9,0,446000,68,0,0.0
C-09777,0.1,0.0,0.0,-0.1,0.4545,1,0.0418,0.011,0.0018,5,0,55000,27,0,0.048
C-09778,0.2162,0.2083,0.045,-0.0865,0.7083,0,-0.0116,0.011,0.0018,12,0,55500,34,0,0.046
C-09779,0.14,0.0,0.0,-0.14,0.6577,1,-0.006,0.01008,0.00088,1.6,0,396500,56,0,0.063
C-09780,0.0478,0.0,0.0,-0.0287,0.0,0,-0.0043,0.01016,0.00096,3.7,0,376500,55,0,0.027
C-09781,0.1661,0.0,0.0,-0.1619,0.5377,0,0.004,0.00624,-0.00296,2.6,1,5743000,68,0,0.034
C-09782,0.1358,0.0,0.0,-0.0025,0.4545,0,-0.0061,0.011,0.0018,12,0,81000,34,0,0.023
C-09783,0.0653,0.0,0.0,-0.0077,0.3469,0,-0.0017,0.01017,0.00097,1.3,0,375000,25,0,0.096
C-09784,0.0952,0.0,0.0,-0.0952,0.25,1,-0.0061,0.011,0.0018,0.5,1,147000,62,0,0.048
C-09785,0.0479,0.0,0.0,-0.0341,0.0,0,-0.001,0.0097,0.0005,1.6,0,522000,65,0,0.0
C-09786,0.1749,0.5435,0.0951,-0.0608,0.5435,0,0.0382,0.011,0.0018,2.7,0,131500,56,1,0.768
C-09787,0.0667,0.0,0.0,-0.0667,0.7885,1,0.008,0.0101,0.0009,0.9,0,390000,60,0,0.041
C-09788,0.2047,0.0,0.0,-0.1532,0.3095,0,-0.0167,0.00972,0.00052,2.1,1,513000,41,0,0.025
C-09789,0.1833,0.0,0.0,-0.0367,0.2424,0,-0.0121,0.011,0.0018,4.2,0,90000,31,0,0.077
C-09790,0.0462,0.0,0.0,-0.0462,0.3333,1,0.0417,0.011,0.0018,4.0,0,65000,54,1,0.107
C-09791,0.0968,0.0,0.0,0.4194,0.4444,0,0.0102,0.011,0.0018,1.7,0,46500,42,0,0.053
C-09792,0.2094,0.3102,0.0649,-0.1906,0.2032,0,-0.0011,0.0099,0.0007,3.1,1,446500,72,0,0.05
C-09793,0.152,0.0,0.0,-0.0368,0.6316,0,0.0052,0.011,0.0018,5.9,0,125000,34,0,0.017
C-09794,0.0957,0.0,0.0,0.2106,0.4444,0,-0.0044,0.011,0.0018,4,0,47000,26,0,0.084
C-09795,0.075,0.0,0.0,0.0707,0.0,0,-0.0132,0.011,0.0018,4.0,0,140000,58,0,0.038
C-09796,0.3063,0.5,0.1532,-0.3063,0.3088,1,0.0317,0.011,0.0018,4.2,1,111000,74,0,0.044
C-09797,0.1734,0.0,0.0,-0.1716,0.1181,0,0.0127,0.00746,-0.00174,6.0,1,2733500,68,0,0.053
C-09798,0.0876,0.0,0.0,-0.06,0.8586,0,0.0085,0.00961,0.00041,11.2,0,565000,56,0,0.032
C-09799,0.1024,0.0,0.0,-0.0088,0.2381,0,0.0059,0.011,0.0018,12.4,0,102500,60,0,0.054
C-09800,0.0883,0.0,0.0,-0.081,0.7011,0,0.0023,0.00977,0.00057,13.1,0,492500,48,0,0.049
C-09801,0.2527,0.3314,0.0838,-0.2146,0.5114,0,-0.0063,0.0094,0.0002,15,1,692500,37,1,0.58
C-09802,0.1229,0.0,0.0,-0.1098,0.3429,0,0.0121,0.00793,-0.00127,5.3,1,1839500,60,0,0.094
C-09803,0.055,0.0,0.0,-0.055,0.25,1,-0.0099,0.011,0.0018,0.7,0,218000,40,0,0.04
C-09804,0.0636,0.5,0.0318,0.0673,0.6429,0,0.0019,0.011,0.0018,4.6,0,110000,37,1,0.095
C-09805,0.117,0.0,0.0,-0.117,0.4545,1,0.0024,0.011,0.0018,1.1,1,47000,61,0,0.044
C-09806,0.1008,0.6854,0.0691,-0.1008,0.0469,1,0.0055,0.00898,-0.00022,7.7,0,1057000,45,0,0.053
C-09807,0.0851,0.0,0.0,-0.0698,0.3375,0,0.0077,0.00983,0.00063,1.6,0,470000,75,0,0.02
C-09808,0.2917,0.7143,0.2083,-0.0417,0.0357,0,0.0488,0.011,0.0018,7,0,48000,29,1,0.934
C-09809,0.1258,0.5789,0.0728,-0.0623,0.6053,0,-0.0081,0.011,0.0018,0.3,0,151000,34,0,0.04
C-09810,0.2136,0.3986,0.0851,-0.1765,0.1884,0,0.0006,0.01043,0.00123,3.6,0,323000,66,0,0.058
C-09811,0.4059,0.7073,0.2871,-0.4059,0.6341,1,0.0539,0.011,0.0018,0.7,0,50500,30,1,0.774
C-09812,0.0917,0.0,0.0,-0.01,0.8485,0,0.0499,0.011,0.0018,1.4,0,180000,37,0,0.054
C-09813,0.1671,0.0,0.0,-0.1548,0.2833,0,-0.0097,0.00921,1e-05,6.3,1,876500,75,0,0.106
C-09814,0.0982,0.0,0.0,0.1804,0.2727,0,0.0117,0.011,0.0018,3.3,0,56000,33,0,0.048
C-09815,0.0866,0.0,0.0,0.0268,1.0,0,-0.0066,0.011,0.0018,0.3,0,63500,66,0,0.015
C-09816,0.0545,0.0,0.0,-0.0209,1.0,0,-0.0032,0.01045,0.00125,11.7,0,321000,51,0,0.012
C-09817,0.1849,0.6056,0.112,-0.1849,0.0,1,0.0448,0.011,0.0018,5.5,0,192000,41,1,0.9
C-09818,0.07,0.0,0.0,-0.07,0.5714,1,-0.0108,0.011,0.0018,1.5,1,50000,30,0,0.0
C-09819,0.2982,0.5529,0.1649,-0.2814,0.2353,0,0.0415,0.011,0.0018,4.7,0,142500,34,1,0.615
C-09820,0.1765,0.1355,0.0239,-0.1765,0.5277,1,0.0001,0.0084,-0.0008,3.7,0,1379500,71,0,0.064
C-09821,0.1315,0.3721,0.0489,-0.0067,0.4186,0,-0.0008,0.01041,0.00121,4.4,1,327000,54,1,0.351
C-09822,0.1937,0.5349,0.1036,-0.1613,0.814,0,-0.0047,0.011,0.0018,4.7,1,111000,71,0,0.009
C-09823,0.1259,0.0,0.0,0.1427,0.5,0,0.0078,0.011,0.0018,10.0,0,71500,50,0,0.033
C-09824,0.1259,0.0,0.0,-0.0477,0.1529,0,-0.0015,0.01035,0.00115,0.5,0,337500,38,0,0.031
C-09825,0.1194,0.0,0.0,-0.1088,0.1091,0,0.0463,0.00986,0.00066,3.1,1,460500,69,0,0.001
C-09826,0.1208,0.0,0.0,-0.102,0.3889,0,0.0046,0.0099,0.0007,5,0,447000,27,0,0.032
C-09827,0.0794,0.0,0.0,0.1429,0.3333,0,-0.0103,0.011,0.0018,2.5,1,189000,37,0,0.003
C-09828,0.1244,0.0,0.0,-0.1244,0.4231,1,-0.0092,0.0095,0.0003,1.0,0,627000,67,0,0.061
C-09829,0.152,0.0,0.0,0.0208,0.4211,0,-0.0129,0.011,0.0018,6,1,62500,28,0,0.083
C-09830,0.019,0.0,0.0,0.1087,0.4,0,-0.0117,0.011,0.0018,2.1,0,131500,35,0,0.051
C-09831,0.0634,0.0,0.0,-0.0314,0.5,0,-0.0027,0.01059,0.00139,3.6,1,299500,33,1,0.478
C-09832,0.0715,0.0,0.0,-0.0247,0.0,0,0.0092,0.01053,0.00133,1.1,0,307500,51,0,0.084
C-09833,0.075,0.0,0.0,-0.0407,0.4407,0,-0.0168,0.00817,-0.00103,1.5,0,1574000,48,0,0.037
C-09834,0.0632,0.0,0.0,-0.0632,0.5,1,0.0257,0.011,0.0018,0.8,1,47500,27,0,0.057
C-09835,0.1335,0.0,0.0,-0.1246,0.4722,0,-0.006,0.00893,-0.00027,5.9,0,1079000,66,0,0.011
C-09836,0.1788,0.6667,0.1192,-0.1788,0.8889,1,0.0287,0.011,0.0018,8.0,0,75500,31,0,0.082
C-09837,0.0865,0.0,0.0,-0.0865,0.3333,1,-0.017,0.011,0.0018,4.9,0,52000,41,0,0.062
C-09838,0.1112,0.0,0.0,-0.0918,0.5033,0,0.002,0.00942,0.00022,2.6,0,679000,44,0,0.033
C-09839,0.0508,0.0,0.0,-0.0116,1.0,0,-0.0066,0.01077,0.00157,0.3,0,275500,29,0,0.065
C-09840,0.0826,0.0,0.0,-0.0503,0.5435,0,0.0024,0.00962,0.00042,10.8,0,557000,49,0,0.031
C-09841,0.1222,0.0,0.0,-0.1222,0.4976,1,0.0087,0.00922,2e-05,5.3,1,863000,45,0,0.063
C-09842,0.1818,0.312,0.0567,-0.1762,0.7821,0,0.035,0.00947,0.00027,1.5,0,643500,70,0,0.055
C-09843,0.0968,0.0,0.0,0.0323,0.5556,0,-0.0173,0.011,0.0018,6,0,46500,28,0,0.058
C-09844,0.3462,0.5556,0.1923,-0.2723,0.2222,0,0.0458,0.011,0.0018,5.8,0,65000,28,1,0.386
C-09845,0.1207,0.0,0.0,-0.111,0.7155,0,-0.0127,0.00783,-0.00137,2.4,0,1980000,47,0,0.037
C-09846,0.1321,0.0,0.0,-0.1143,0.5,0,0.0066,0.00911,-9e-05,4.8,1,1006500,45,0,0.077
C-09847,0.1578,0.0,0.0,-0.1578,0.6791,1,-0.0109,0.00997,0.00077,2.4,0,424500,72,0,0.013
C-09848,0.1508,0.0,0.0,-0.1,0.5614,0,0.0291,0.011,0.0018,7.2,0,189000,39,0,0.011
C-09849,0.1065,0.0,0.0,0.0306,0.0,0,-0.0082,0.011,0.0018,12.6,0,192500,49,0,0.082
C-09850,0.1411,0.4608,0.065,-0.1353,0.5294,0,0.0383,0.01023,0.00103,7.1,0,361500,69,0,0.049
C-09851,0.1185,0.0,0.0,-0.0632,1.0,0,0.0448,0.011,0.0018,0.6,0,240500,36,0,0.057
C-09852,0.0731,0.0,0.0,-0.0308,0.2048,0,0.0334,0.0096,0.0004,25,0,568000,47,0,0.052
C-09853,0.1027,0.0,0.0,-0.1027,1.0,1,0.0059,0.00976,0.00056,0.5,1,496500,40,0,0.0
C-09854,0.0854,0.0,0.0,0.0317,0.4286,0,0.012,0.011,0.0018,1.7,0,123000,60,1,0.255
C-09855,0.1883,0.0,0.0,-0.1511,0.5464,0,-0.0011,0.01093,0.00173,7.5,0,257500,49,0,0.038
C-09856,0.0373,0.0,0.0,-0.0373,0.9091,1,0.0023,0.011,0.0018,0.8,1,147500,31,0,0.021
C-09857,0.0305,0.0,0.0,0.0037,0.0,0,-0.0009,0.011,0.0018,8.8,1,245500,53,0,0.099
C-09858,0.0345,0.0,0.0,0.0087,0.0,0,0.0208,0.01037,0.00117,3.0,0,333500,68,0,0.052
C-09859,0.0547,0.0,0.0,-0.038,0.4468,0,-0.0124,0.00996,0.00076,5.4,0,429500,71,0,0.029
C-09860,0.0221,0.0,0.0,-0.0221,0.2195,1,0.012,0.00917,-3e-05,1.5,0,927000,53,0,0.016
C-09861,0.1212,0.5429,0.0658,-0.1108,0.0,0,-0.0057,0.00958,0.00038,9,1,577500,31,0,0.039
C-09862,0.3837,0.5375,0.2062,-0.3837,0.1562,1,0.0372,0.011,0.0018,2.9,1,208500,40,1,0.392
C-09863,0.0857,0.0,0.0,-0.0857,1.0,1,0.0108,0.011,0.0018,3.2,0,105000,35,0,0.112
C-09864,0.1952,0.6713,0.131,-0.1623,0.2585,0,0.0421,0.00855,-0.00065,6.6,0,1278500,64,1,0.53
C-09865,0.1019,0.0,0.0,-0.0751,0.4352,0,-0.0051,0.00828,-0.00092,0.7,0,1477000,36,0,0.051
C-09866,0.1238,0.0,0.0,-0.0124,0.325,0,-0.0096,0.011,0.0018,2.4,0,161500,47,0,0.044
C-09867,0.1517,0.286,0.0434,-0.1413,0.2632,0,0.0478,0.00591,-0.00329,1.0,0,7838000,61,0,0.013
C-09868,0.2047,0.2542,0.052,-0.2047,0.4112,1,0.0323,0.00851,-0.00069,1.5,1,1307000,69,0,0.064
C-09869,0.1302,0.0,0.0,-0.1149,0.5666,0,-0.0184,0.00656,-0.00264,7.1,0,4554000,54,0,0.025
C-09870,0.1382,0.0,0.0,-0.045,0.7678,0,-0.0011,0.00915,-5e-05,12.9,0,966000,55,0,0.019
C-09871,0.1084,0.5595,0.0606,-0.0774,0.5595,0,-0.0031,0.01011,0.00091,7.1,0,387500,50,0,0.055
C-09872,0.1915,0.0,0.0,-0.1915,0.5556,1,0.0142,0.011,0.0018,0.6,1,70500,30,0,0.018
C-09873,0.179,0.0,0.0,-0.0292,0.3578,0,0.0486,0.01055,0.00135,0.8,0,304500,58,0,0.083
C-09874,0.0272,0.0,0.0,0.0871,0.5,0,0.0001,0.011,0.0018,3,0,73500,25,0,0.038
C-09875,0.1186,0.0,0.0,-0.0814,0.2319,0,0.0021,0.01065,0.00145,1.4,0,291000,66,0,0.032
C-09876,0.0976,0.0,0.0,-0.0071,0.3636,0,-0.005,0.011,0.0018,3.8,0,225500,75,0,0.066
C-09877,0.1582,0.0,0.0,-0.1582,0.24,1,0.0067,0.011,0.0018,5,0,158000,27,0,0.022
C-09878,0.2968,0.5136,0.1524,-0.2968,0.7082,1,0.0379,0.00994,0.00074,1.6,0,433000,42,1,0.505
C-09879,0.1492,0.0,0.0,-0.1408,0.2532,0,0.0205,0.00752,-0.00168,0.8,0,2581000,41,0,0.028
C-09880,0.1317,0.0,0.0,-0.1168,0.2044,0,0.0316,0.00867,-0.00053,7.0,0,1207500,42,0,0.034
C-09881,0.0673,0.0,0.0,-0.055,0.8529,0,0.0431,0.00754,-0.00166,4.1,0,2525500,48,0,0.008
C-09882,0.187,0.2836,0.053,-0.1621,0.1082,0,0.0153,0.00918,-2e-05,1.9,0,914500,26,0,0.029
C-09883,0.1462,0.0,0.0,-0.0397,0.75,0,-0.0116,0.011,0.0018,8.6,0,191500,58,0,0.025
C-09884,0.0717,0.0,0.0,-0.0441,0.6161,0,0.0021,0.0093,0.0001,0.6,0,780500,29,0,0.076
C-09885,0.1299,0.562,0.073,-0.098,0.3066,0,0.0164,0.00968,0.00048,8.3,1,527500,52,0,0.026
C-09886,0.133,0.0,0.0,-0.1043,0.6854,0,-0.0067,0.01037,0.00117,1.9,0,334500,43,0,0.07
C-09887,0.1513,0.0,0.0,-0.1446,0.2431,0,-0.0067,0.00937,0.00017,5.5,0,720500,42,0,0.0
C-09888,0.2045,0.2033,0.0416,-0.1406,0.252,0,0.0022,0.00954,0.00034,3.0,0,601500,50,0,0.056
C-09889,0.1358,0.0,0.0,-0.1358,0.4702,1,0.0034,0.00962,0.00042,7,1,556000,29,0,0.034
C-09890,0.141,0.4848,0.0684,-0.0949,0.0909,0,-0.0068,0.011,0.0018,0.3,0,234000,40,0,0.0
C-09891,0.0979,0.0,0.0,-0.0567,0.386,0,0.018,0.01065,0.00145,4.0,1,291000,58,1,0.399
C-09892,0.0772,0.3906,0.0302,-0.0772,0.4844,1,-0.0153,0.01001,0.00081,2.3,1,414500,72,1,0.489
C-09893,0.4301,0.8,0.3441,-0.4301,0.5,1,0.0508,0.011,0.0018,3.7,0,46500,51,1,0.955
C-09894,0.1751,0.0,0.0,-0.0599,0.629,0,0.0007,0.011,0.0018,6.2,0,177000,30,0,0.024
C-09895,0.0871,0.0,0.0,0.0132,0.24,0,-0.0059,0.011,0.0018,2.1,0,143500,39,0,0.052
C-09896,0.1163,0.0,0.0,-0.0206,0.3143,0,-0.0062,0.011,0.0018,4.2,0,150500,34,0,0.04
C-09897,0.0655,0.0,0.0,-0.0622,0.6114,0,0.0067,0.00828,-0.00092,10.2,0,1474000,74,0,0.09
C-09898,0.1342,0.0,0.0,0.1048,0.1935,0,0.0008,0.011,0.0018,4.9,0,115500,74,0,0.027
C-09899,0.1235,0.0,0.0,0.0731,0.6737,0,0.0267,0.01013,0.00093,0.3,1,384500,43,0,0.101
C-09900,0.0885,0.0,0.0,-0.0802,0.7073,0,0.0523,0.00877,-0.00043,2.1,0,1158500,40,0,0.048
C-09901,0.1789,0.0,0.0,-0.1462,0.5556,0,0.0058,0.00981,0.00061,6.1,0,478000,64,0,0.062
C-09902,0.1599,0.3067,0.049,-0.0985,0.5733,0,0.0165,0.011,0.0018,1.6,0,234500,32,0,0.033
C-09903,0.0741,0.0,0.0,-0.0634,0.3356,0,0.0051,0.00911,-9e-05,0.8,0,1005000,73,0,0.01
C-09904,0.0699,0.0,0.0,-0.0699,0.1304,1,0.0267,0.011,0.0018,6,0,164500,28,0,0.042
C-09905,0.1076,0.0,0.0,-0.0863,0.531,0,0.0452,0.00969,0.00049,15.8,1,525000,69,0,0.067
C-09906,0.1039,0.0,0.0,-0.0956,0.6611,0,-0.0091,0.00922,2e-05,9.3,0,866000,37,0,0.052
C-09907,0.1244,0.0,0.0,-0.0886,0.44,0,-0.0001,0.01057,0.00137,0.3,1,301500,43,0,0.034
C-09908,0.1075,0.0,0.0,-0.1075,0.7,1,0.0071,0.011,0.0018,3.6,0,46500,26,0,0.03
C-09909,0.087,0.0,0.0,-0.087,0.8091,1,0.0408,0.00949,0.00029,7.2,0,632000,64,0,0.076
C-09910,0.1376,0.0,0.0,-0.0716,0.4,0,-0.0142,0.011,0.0018,4.0,0,54500,30,0,0.054
C-09911,0.1411,0.0,0.0,-0.1411,0.2996,1,0.0104,0.00921,1e-05,1.0,0,875500,68,0,0.026
C-09912,0.18,0.0,0.0,-0.18,0.346,1,0.007,0.00957,0.00037,1.9,0,586000,52,0,0.04
C-09913,0.2005,0.5959,0.1195,-0.2005,0.1438,1,0.0174,0.01022,0.00102,0.3,0,364000,63,1,0.456
C-09914,0.2171,0.4211,0.0914,-0.0663,0.5789,0,0.008,0.011,0.0018,1.5,0,87500,34,1,0.125
C-09915,0.0695,0.0,0.0,0.0973,0.5,0,0.0053,0.011,0.0018,8.6,0,129500,40,0,0.016
C-09916,0.0426,0.0,0.0,0.3915,0.0,0,-0.0154,0.011,0.0018,5.1,0,47000,59,0,0.114
C-09917,0.1168,0.0,0.0,-0.1168,0.1739,1,0.0376,0.011,0.0018,1.9,0,98500,55,0,0.068
C-09918,0.1785,0.0,0.0,0.0649,0.5227,0,-0.0059,0.011,0.0018,6.0,0,246500,62,0,0.06
C-09919,0.1915,0.0,0.0,-0.1915,0.4444,1,-0.0057,0.011,0.0018,6.2,0,47000,43,1,0.072
C-09920,0.0966,0.0,0.0,-0.0109,0.9565,0,0.0143,0.011,0.0018,3.4,0,238000,57,0,0.032
C-09921,0.0583,0.0,0.0,-0.0583,1.0,1,-0.0106,0.011,0.0018,14.3,1,240000,60,0,0.066
C-09922,0.1751,0.0,0.0,-0.0313,0.7632,0,-0.0129,0.011,0.0018,6.1,0,108500,35,0,0.07
C-09923,0.0686,0.0,0.0,-0.0137,0.4065,0,-0.0063,0.0092,0.0,23.1,0,896500,63,0,0.093
C-09924,0.2538,0.5619,0.1426,-0.2016,0.1683,0,0.0448,0.00951,0.00031,1.5,0,620500,57,0,0.041
C-09925,0.2828,0.3571,0.101,-0.202,0.5,0,0.0409,0.011,0.0018,6.1,0,49500,45,0,0.082
C-09926,0.0686,0.0,0.0,-0.0425,0.0,0,-0.0005,0.00935,0.00015,0.3,0,736000,43,0,0.055
C-09927,0.087,0.0,0.0,-0.065,0.8947,0,-0.0064,0.011,0.0018,2.2,0,218500,67,0,0.049
C-09928,0.1743,0.0,0.0,-0.1483,0.5292,0,-0.0017,0.0093,0.0001,11.8,0,786000,53,0,0.116
C-09929,0.0783,0.0,0.0,-0.0783,0.5,1,0.0399,0.011,0.0018,20,0,115000,42,0,0.027
C-09930,0.07,0.0,0.0,0.0405,0.6316,0,-0.002,0.0108,0.0016,0.3,0,271500,43,0,0.072
C-09931,0.074,0.0,0.0,-0.0619,0.4237,0,0.0132,0.00928,8e-05,9.3,0,797500,75,0,0.065
C-09932,0.1545,0.0,0.0,-0.0909,0.6143,0,0.0073,0.011,0.0018,17.3,0,226500,60,0,0.062
C-09933,0.228,0.4848,0.1105,-0.1741,0.8636,0,0.0018,0.01066,0.00146,2.3,1,289500,41,0,0.05
C-09934,0.1181,0.0,0.0,-0.0236,0.5667,0,-0.0001,0.011,0.0018,9.7,1,127000,62,0,0.067
C-09935,0.1465,0.0,0.0,-0.085,0.3,0,-0.0065,0.011,0.0018,5.7,1,136500,49,0,0.057
C-09936,0.2276,0.0,0.0,-0.2242,0.4651,0,0.0055,0.0058,-0.0034,0.5,0,8913000,60,0,0.028
C-09937,0.1824,0.0,0.0,-0.1773,0.7209,0,-0.0086,0.00983,0.00063,2.3,0,471500,67,0,0.02
C-09938,0.1006,0.0,0.0,-0.0786,0.4375,0,0.0365,0.01047,0.00127,10.3,0,318000,73,0,0.058
C-09939,0.1862,0.0,0.0,-0.1289,0.5769,0,-0.0212,0.011,0.0018,6.7,0,209500,35,0,0.0
C-09940,0.1141,0.0,0.0,-0.0185,0.7143,0,-0.0008,0.01076,0.00156,6,1,276000,28,0,0.022
C-09941,0.1082,0.7025,0.076,-0.0803,0.7686,0,0.0355,0.00962,0.00042,19.5,0,559000,46,1,0.759
C-09942,0.0329,0.0,0.0,0.1676,0.5385,0,0.0131,0.011,0.0018,7.1,1,197500,35,0,0.049
C-09943,0.0978,0.2353,0.023,0.0247,0.0809,0,-0.0004,0.0094,0.0002,2.0,1,695500,45,0,0.093
C-09944,0.0406,0.0,0.0,-0.0339,1.0,0,-0.0092,0.00861,-0.00059,1.8,0,1243500,30,0,0.064
C-09945,0.1523,0.3928,0.0598,-0.1486,0.8294,0,0.0263,0.0074,-0.0018,3.5,0,2925000,57,0,0.0
C-09946,0.2389,0.5857,0.1399,-0.2389,0.2429,1,0.0508,0.011,0.0018,1.4,0,146500,70,1,0.894
C-09947,0.0609,0.0,0.0,0.0251,0.3529,0,0.0031,0.011,0.0018,2.7,0,139500,67,0,0.044
C-09948,0.1402,0.0,0.0,-0.1165,0.4225,0,-0.0024,0.00973,0.00053,1.8,0,506500,34,0,0.0
C-09949,0.1142,0.0,0.0,-0.0019,0.0328,0,-0.0117,0.01084,0.00164,13.3,0,267000,67,0,0.03
C-09950,0.1111,0.0,0.0,-0.1111,0.7692,1,0.0274,0.011,0.0018,10,0,58500,32,0,0.018
C-09951,0.213,0.0,0.0,-0.213,0.5057,1,-0.0032,0.0095,0.0003,4.9,0,622000,55,0,0.02
C-09952,0.1069,0.0,0.0,-0.0926,0.0,0,-0.0098,0.00924,4e-05,5.7,0,842000,63,0,0.023
C-09953,0.0777,0.0,0.0,-0.0453,0.0,0,-0.0122,0.011,0.0018,9.7,0,148000,59,0,0.048
C-09954,0.2267,0.5412,0.1227,-0.2187,0.051,0,0.0403,0.00961,0.00041,8.0,1,562500,67,0,0.025
C-09955,0.0415,0.0,0.0,0.0481,0.0,0,-0.0024,0.011,0.0018,4.5,0,120500,56,0,0.015
C-09956,0.1113,0.0,0.0,-0.0761,0.6415,0,0.0054,0.011,0.0018,0.5,0,238000,71,0,0.002
C-09957,0.1567,0.0,0.0,-0.1567,0.3708,1,0.0008,0.0107,0.0015,2.1,0,284000,52,0,0.085
C-09958,0.1012,0.0,0.0,-0.0235,0.48,0,-0.0222,0.011,0.0018,0.3,1,123500,41,0,0.015
C-09959,0.0664,0.0,0.0,0.0213,0.55,0,-0.0106,0.011,0.0018,4.6,1,150500,41,0,0.018
C-09960,0.1111,0.0,0.0,-0.1111,0.775,1,0.053,0.011,0.0018,0.8,0,180000,36,0,0.044
C-09961,0.0747,0.0,0.0,-0.0747,0.5238,1,0.0336,0.011,0.0018,1.7,0,140500,58,0,0.08
C-09962,0.1538,0.0,0.0,-0.1538,0.4011,1,0.049,0.00741,-0.00179,1.9,0,2893500,52,0,0.047
C-09963,0.0723,0.0,0.0,-0.0723,0.5,1,-0.0076,0.01065,0.00145,1.4,0,290500,53,0,0.025
C-09964,0.1433,0.0,0.0,-0.1433,0.2887,1,0.0065,0.00925,5e-05,2.5,0,834000,72,0,0.059
C-09965,0.11,0.3333,0.0367,-0.0812,0.2692,0,-0.0016,0.00938,0.00018,2.1,1,709000,59,0,0.024
C-09966,0.1009,0.0,0.0,-0.0128,0.4545,0,0.0115,0.011,0.0018,9,1,54500,31,0,0.049
C-09967,0.0521,0.0,0.0,-0.0521,0.4483,1,0.0046,0.01074,0.00154,5.5,1,278500,70,0,0.0
C-09968,0.1923,0.0,0.0,-0.1185,0.7333,0,0.0366,0.0101,0.0009,15.9,0,390000,38,0,0.063
C-09969,0.2094,0.0,0.0,0.1393,0.0,0,-0.0035,0.011,0.0018,4.4,0,117000,56,0,0.055
C-09970,0.036,0.0,0.0,-0.036,0.5,1,0.0008,0.011,0.0018,5.0,1,139000,27,0,0.004
C-09971,0.2037,0.5768,0.1175,-0.1782,1.0,0,0.0308,0.00924,4e-05,0.5,0,847000,39,0,0.059
C-09972,0.0784,0.0,0.0,-0.0426,0.6488,0,-0.0123,0.00895,-0.00025,3.2,0,1071000,63,0,0.05
C-09973,0.0453,0.0,0.0,-0.0453,0.5152,1,-0.0149,0.01022,0.00102,11.8,0,364000,64,0,0.078
C-09974,0.0622,0.0,0.0,-0.0502,0.34,0,-0.0094,0.01005,0.00085,0.5,0,402000,69,0,0.071
C-09975,0.1397,0.3267,0.0456,-0.1173,0.5067,0,0.0096,0.00966,0.00046,1.6,0,537000,59,0,0.005
C-09976,0.0812,0.0,0.0,-0.0479,0.5122,0,0.0034,0.01098,0.00178,15.6,0,252500,68,0,0.03
C-09977,0.1747,0.0,0.0,-0.1644,0.0671,0,-0.0023,0.00983,0.00063,3.3,0,469500,67,0,0.03
C-09978,0.0709,0.0,0.0,-0.0514,0.5143,0,0.0393,0.011,0.0018,0.3,0,247000,32,0,0.029
C-09979,0.1152,0.0,0.0,-0.1152,0.5294,1,0.0312,0.01019,0.00099,2.0,1,369000,43,1,0.367
C-09980,0.1215,0.0,0.0,-0.0327,0.5507,0,-0.014,0.0107,0.0015,4.9,0,284000,43,0,0.023
C-09981,0.0647,0.0,0.0,-0.0377,0.0,0,-0.001,0.01026,0.00106,2.3,0,355500,73,0,0.019
C-09982,0.0833,0.0,0.0,-0.0333,0.5625,0,-0.0095,0.011,0.0018,1.9,1,96000,39,0,0.063
C-09983,0.1367,0.0,0.0,-0.0887,0.122,0,0.0055,0.011,0.0018,10.2,0,150000,72,0,0.003
C-09984,0.0395,0.0,0.0,-0.0211,1.0,0,-0.0108,0.00987,0.00067,6.6,0,456000,44,0,0.025
C-09985,0.0936,0.0,0.0,-0.0936,0.4583,1,0.0523,0.01094,0.00174,1.1,0,256500,75,1,0.349
C-09986,0.187,0.0,0.0,-0.187,0.2609,1,-0.0064,0.011,0.0018,2.5,1,246000,41,0,0.091
C-09987,0.1096,0.0,0.0,-0.0857,0.3434,0,-0.013,0.00988,0.00068,8.2,0,451500,64,0,0.031
C-09988,0.248,0.541,0.1341,-0.248,0.5082,1,0.0358,0.011,0.0018,21.4,0,123000,65,0,0.007
C-09989,0.1269,0.3832,0.0486,-0.1246,0.2804,0,0.0028,0.00775,-0.00145,4.7,0,2108000,69,1,0.209
C-09990,0.083,0.0,0.0,0.0428,0.6842,0,-0.0085,0.011,0.0018,7.5,0,114500,31,0,0.034
C-09991,0.1053,0.0,0.0,-0.1053,0.7703,1,0.0028,0.00655,-0.00265,6.1,1,4611000,73,1,0.05
C-09992,0.0758,0.0,0.0,-0.0267,0.5739,0,-0.0074,0.00932,0.00012,1.4,1,759000,51,0,0.0
C-09993,0.088,0.0,0.0,-0.0776,0.2689,0,-0.0045,0.00825,-0.00095,2.0,0,1500500,45,0,0.045
C-09994,0.1105,0.0,0.0,-0.1018,0.0,0,-0.0087,0.00822,-0.00098,0.8,1,1525500,31,0,0.066
C-09995,0.0988,0.0,0.0,0.079,0.2812,0,0.0044,0.011,0.0018,10.8,0,162000,39,0,0.103
C-09996,0.1138,0.0,0.0,-0.1006,0.629,0,-0.015,0.01079,0.00159,11,0,272500,33,0,0.054
C-09997,0.0962,0.0,0.0,-0.0962,0.8932,1,0.005,0.00967,0.00047,4.4,0,535500,53,0,0.098
C-09998,0.0777,0.0,0.0,-0.0344,0.0,0,-0.0023,0.00813,-0.00107,4.9,0,1609500,35,0,0.076
C-09999,0.0984,0.0,0.0,-0.0218,0.3784,0,0.0043,0.011,0.0018,0.3,0,188000,33,0,0.02
